1.650825681396241903e+09,3.201870000000000118e+02,-1.396892666816711648e+00,1.498662159990500880e-03
1.650825682996340036e+09,3.158079999999999927e+02,-1.396554350852966309e+00,3.529216951263131584e-03
1.650825683196192980e+09,2.883099999999999952e+01,-1.398355960845947044e+00,4.804473684280244198e-04
1.650825683396203995e+09,2.706200000000000117e+01,-1.398519277572632280e+00,1.017445081104263781e-03
1.650825685996279001e+09,2.903969999999999914e+02,-1.838217496871948242e+00,-2.256009212466003888e-01
1.650825686396157026e+09,2.989909999999999854e+02,-1.959562063217163086e+00,-2.330131323214917893e-01
1.650825686796463013e+09,2.927780000000000200e+02,-2.037382602691650391e+00,-2.342518603101675922e-01
1.650825687596117973e+09,3.193159999999999741e+02,-2.123697280883789062e+00,-9.593187175660550237e-02
1.650825687796439886e+09,3.500500000000000114e+02,-2.125309467315673828e+00,-5.632330615986993333e-02
1.650825688196131945e+09,3.311659999999999968e+02,-2.131485223770141602e+00,1.483422404108939753e-03
1.650825688396121979e+09,3.238879999999999768e+02,-2.134357452392578125e+00,-1.253919550258162340e-02
1.650825688596086979e+09,3.253020000000000209e+02,-2.135211706161499023e+00,-1.164816500664960300e-02
1.650825688796371937e+09,3.279510000000000218e+02,-2.140611171722412109e+00,-1.285249657394801730e-02
1.650825688996165037e+09,3.282599999999999909e+02,-2.144182682037353516e+00,-1.411187430344199717e-02
1.650825689196028948e+09,3.388559999999999945e+02,-2.145711421966552290e+00,-1.744620521517913775e-02
1.650825689396132946e+09,3.417850000000000250e+02,-2.147952556610107422e+00,-1.431604613812968545e-02
1.650825689596100092e+09,3.477669999999999959e+02,-2.147232532501220703e+00,-1.265752873042368457e-02
1.650825689796406984e+09,3.444259999999999877e+02,-2.145849227905273882e+00,-1.960429611742906843e-03
1.650825689996191978e+09,3.439700000000000273e+02,-2.146120548248290572e+00,-5.111850019035385712e-04
1.650825690196083069e+09,3.407749999999999773e+02,-2.149588108062744141e+00,-4.078946939322744547e-03
1.650825690396056890e+09,3.346440000000000055e+02,-2.149645566940307173e+00,-1.781411009977541685e-03
1.650825690596075058e+09,3.414580000000000268e+02,-2.151812791824340820e+00,-4.819783113523191075e-03
1.650825690796397924e+09,3.508369999999999891e+02,-2.155452728271484375e+00,-1.010562992470656792e-02
1.650825691196055889e+09,3.455710000000000264e+02,-2.154259443283081055e+00,-4.916086791902721416e-03
1.650825691396076918e+09,3.327860000000000014e+02,-2.162736415863037109e+00,-1.377728853868248789e-02
1.650825691596054077e+09,3.364959999999999809e+02,-2.165073633193969727e+00,-1.536808339476191006e-02
1.650825691796392918e+09,3.540049999999999955e+02,-2.166222333908081055e+00,-1.076985727453539515e-02
1.650825691996062994e+09,3.490779999999999745e+02,-2.164021253585815430e+00,-1.084845494833576972e-02
1.650825692196014881e+09,3.533829999999999814e+02,-2.159144163131713867e+00,3.992413169584420503e-03
1.650825692396051884e+09,3.453450000000000273e+02,-2.155441999435424805e+00,1.070333393564646372e-02
1.650825692596110106e+09,3.383740000000000236e+02,-2.158887147903442383e+00,6.534242253336063934e-03
1.650825692796370029e+09,3.352479999999999905e+02,-2.158265590667724609e+00,8.840443153272405097e-03
1.650825692996090889e+09,3.221750000000000114e+02,-2.161113739013671875e+00,3.230605637228021326e-03
1.650825693196073055e+09,3.414789999999999850e+02,-2.165290594100952593e+00,-6.828652474830763409e-03
1.650825693396012068e+09,3.516390000000000100e+02,-2.160986900329589844e+00,-6.160598868380343096e-03
1.650825693595978022e+09,3.552590000000000146e+02,-2.158497095108032227e+00,4.106302019015491264e-04
1.650825693796325922e+09,3.537379999999999995e+02,-2.155572652816772461e+00,2.693513247458868744e-03
1.650825693996062040e+09,3.504739999999999895e+02,-2.154684066772460938e+00,1.178629364819312741e-02
1.650825694196027994e+09,3.451499999999999773e+02,-2.156254768371582031e+00,5.258653807940439663e-03
1.650825694396086931e+09,3.450509999999999877e+02,-2.158203840255737305e+00,3.259020598070023794e-04
1.650825694596178055e+09,3.502529999999999859e+02,-2.158417701721191406e+00,-3.161696967256180830e-03
1.650825694796366930e+09,3.490029999999999859e+02,-2.158726930618286133e+00,-6.227589011445585319e-03
1.650825694996113062e+09,3.408809999999999718e+02,-2.157057762145996094e+00,-2.498847332626046285e-03
1.650825704195816040e+09,1.520700000000000074e+01,-2.890713691711425781e+00,-2.633141891002043211e-01
1.650825704395868063e+09,3.754299999999999926e+01,-2.964339733123779297e+00,-2.733094839267340426e-01
1.650825704595906019e+09,4.604999999999999716e+01,-3.044973611831665039e+00,-3.063788286442010178e-01
1.650825704796175003e+09,2.966900000000000048e+01,-3.080978870391845703e+00,-3.014814193128133035e-01
1.650825704995948076e+09,2.503300000000000125e+01,-3.085520267486572266e+00,-2.403261953943133522e-01
1.650825705195828915e+09,3.141300000000000026e+01,-3.118051767349243164e+00,-2.273513016027429168e-01
1.650825705395817041e+09,3.301599999999999824e+01,3.118545055389404297e+00,-2.003187628774610596e-01
1.650825705595804930e+09,5.593399999999999750e+01,3.082681179046630859e+00,-1.406237643150518302e-01
1.650825705796179056e+09,4.731199999999999761e+01,3.078637361526489258e+00,-1.464752072640238822e-01
1.650825705995939016e+09,4.353900000000000148e+01,3.072539567947387695e+00,-1.089405443179287808e-01
1.650825706195863008e+09,4.105299999999999727e+01,3.070339441299438477e+00,-5.671941410314349646e-02
1.650825706395837069e+09,3.678300000000000125e+01,3.066935062408447266e+00,-1.852115670013584209e-02
1.650825706595726967e+09,4.552499999999999858e+01,3.063360452651977539e+00,-1.796711599411489682e-02
1.650825706796111107e+09,4.512299999999999756e+01,3.062188863754272461e+00,-1.457393103221700688e-02
1.650825706995886087e+09,4.553199999999999648e+01,3.065366506576538086e+00,-7.553807635255990229e-03
1.650825707195794106e+09,4.519400000000000261e+01,3.067028045654296875e+00,-3.487499965474026489e-03
1.650825707395812988e+09,4.191400000000000148e+01,3.066426515579223633e+00,3.608116972571016098e-03
1.650825707595833063e+09,3.443599999999999994e+01,3.064596652984619141e+00,1.236392528516910795e-03
1.650825707796066046e+09,4.417099999999999937e+01,3.064106702804565430e+00,2.018454151180308978e-03
1.650825707995748043e+09,4.728399999999999892e+01,3.061250448226928711e+00,-4.332132862780996643e-03
1.650825708395716906e+09,9.727400000000000091e+01,3.061814069747924805e+00,-3.273781055828752558e-03
1.650825719195476055e+09,3.482370000000000232e+02,-1.994131326675414817e+00,4.796180590863497600e-02
1.650825719395581961e+09,3.526730000000000018e+02,-1.981426477432250977e+00,5.842977044024556810e-02
1.650825719595587969e+09,3.299780000000000086e+02,-1.953767299652099609e+00,8.890299918876376495e-02
1.650825719795938969e+09,3.228890000000000100e+02,-1.940504074096679910e+00,8.944616396438459516e-02
1.650825719995685101e+09,3.243589999999999804e+02,-1.958118915557861772e+00,4.236117849708816163e-02
1.650825720195739031e+09,3.270910000000000082e+02,-1.974071383476257768e+00,9.190644159898390952e-03
1.650825720395539999e+09,3.325110000000000241e+02,-2.005016565322875532e+00,-6.404175562389374798e-02
1.650825720595499992e+09,3.371510000000000105e+02,-2.037985801696777344e+00,-8.862502725327849051e-02
1.650825722995541096e+09,3.461080000000000041e+02,-2.150359392166137695e+00,-4.005602492290070288e-02
1.650825723195508957e+09,9.746000000000000441e+00,-2.150848150253295898e+00,-4.098301105340445422e-02
1.650825723595451117e+09,3.680000000000000160e+00,-2.154257774353027344e+00,-3.404787755767181567e-02
1.650825776194610119e+09,3.366600000000000250e+02,2.030542612075805664e+00,4.877773851159503127e-02
1.650825776794949055e+09,3.429889999999999759e+02,2.110945224761963335e+00,9.311152272886361048e-02
1.650825777194617033e+09,3.531229999999999905e+02,2.097212553024291992e+00,8.344712992826179565e-02
1.650825778594548941e+09,1.168299999999999983e+01,2.056421995162963867e+00,-1.347254376381067575e-03
1.650825779394583941e+09,3.244010000000000105e+02,2.142410278320312500e+00,9.554688025703750309e-02
1.650825779594552994e+09,3.355099999999999909e+02,2.143032789230346680e+00,9.319969881756448582e-02
1.650825779794986963e+09,3.352149999999999750e+02,2.123950719833374023e+00,5.395328072257025293e-02
1.650825779994600058e+09,3.375389999999999873e+02,2.088727951049804688e+00,6.263566203602891416e-03
1.650825780194552898e+09,3.401019999999999754e+02,2.055724859237671343e+00,-1.116689741954906279e-01
1.650825780394516945e+09,3.392090000000000032e+02,2.073355436325073686e+00,-7.745518037573059789e-02
1.650825780594577074e+09,3.390149999999999864e+02,2.083084106445312500e+00,-4.542608002455134075e-02
1.650825780794907093e+09,2.350000000000000089e+00,2.085047006607055664e+00,-4.331155085032477314e-03
1.650825780994606972e+09,3.425099999999999909e+02,2.086802482604980469e+00,3.656045774549074312e-02
1.650825781194544077e+09,3.478759999999999764e+02,2.081556797027587891e+00,7.701928592011713336e-03
1.650825781394525051e+09,3.564080000000000155e+02,2.075038671493530718e+00,-1.005202507569868606e-02
1.650825781594508886e+09,3.451809999999999832e+02,2.075915098190308061e+00,-7.543230772588020196e-03
1.650825781794820070e+09,3.332789999999999964e+02,2.077501535415648970e+00,-7.940223524518365966e-03
1.650825781994595051e+09,3.348919999999999959e+02,2.080053567886352095e+00,-1.313088494674055293e-02
1.650825782194659948e+09,3.364700000000000273e+02,2.065661907196044922e+00,-1.589744824828328781e-02
1.650825782394527912e+09,3.460450000000000159e+02,2.051310777664184570e+00,-2.497283079867085309e-02
1.650825782594438076e+09,3.385029999999999859e+02,2.049829483032226118e+00,-2.745401413112357955e-02
1.650825782794800997e+09,3.348070000000000164e+02,2.050377130508423296e+00,-3.296475129716907454e-02
1.650825782994538069e+09,3.415790000000000077e+02,1.688755631446838379e+00,-4.293994266381525593e-01
1.650825783194427967e+09,3.558919999999999959e+02,1.666117668151855469e+00,-4.438191311440893849e-01
1.650825783394412994e+09,3.521030000000000086e+02,1.667869448661804199e+00,-4.036836233068146762e-01
1.650825783594453096e+09,3.508550000000000182e+02,1.664826035499572532e+00,-3.850735893779480001e-01
1.650825783794799089e+09,3.427490000000000236e+02,1.633687138557434304e+00,-4.167142339403823725e-01
1.650825783994496107e+09,3.376940000000000168e+02,1.632593631744384544e+00,-3.725501469560763695e-02
1.650825784194449902e+09,3.417320000000000277e+02,1.632593631744384544e+00,-3.725501469560763695e-02
1.650825784394490957e+09,3.555210000000000150e+02,1.591156721115112527e+00,-8.665114942125763664e-02
1.650825784594460964e+09,3.391220000000000141e+02,1.590869903564453569e+00,-6.601914198099587128e-02
1.650825784794779062e+09,3.411089999999999804e+02,1.599381327629089578e+00,-3.612759867429948812e-02
1.650825784994661093e+09,3.441589999999999918e+02,1.594895482063293679e+00,-4.190051464884925192e-02
1.650825785194389105e+09,1.633000000000000007e+00,1.558139562606811968e+00,-6.321454272842073896e-02
1.650825785394433975e+09,3.420999999999999819e+00,1.563361644744873047e+00,-3.236556612109774828e-02
1.650825785594455957e+09,3.579689999999999941e+02,1.564869046211242676e+00,-2.600254361435531958e-02
1.650825785794781923e+09,3.557839999999999918e+02,1.564243316650390847e+00,-3.698136396906884227e-02
1.650825785994497061e+09,5.977000000000000313e+00,1.571310639381408913e+00,-1.104604914819991464e-02
1.650825786194500923e+09,3.432579999999999814e+02,1.591536641120910645e+00,3.515332675158645143e-02
1.650825786394387960e+09,3.408729999999999905e+02,1.608836054801941140e+00,5.051643786854366491e-02
1.650825786594388008e+09,3.457880000000000109e+02,1.600638031959533469e+00,4.042577082145430711e-02
1.650825786794750929e+09,3.505729999999999791e+02,1.606835007667541504e+00,4.468872678319470160e-02
1.650825786994491100e+09,3.494019999999999868e+02,1.606853842735290971e+00,3.741555843120641239e-02
1.650825787194333076e+09,3.498079999999999927e+02,1.599968433380127175e+00,8.875258518207888511e-03
1.650825787394357920e+09,3.503489999999999895e+02,1.566378831863403542e+00,-4.468337841103182939e-02
1.650825787594521046e+09,3.505049999999999955e+02,1.550049066543579324e+00,-5.302067335582764940e-02
1.650825787794785023e+09,3.483330000000000268e+02,1.544387936592102495e+00,-7.348840262066497209e-02
1.650825787994501114e+09,3.521700000000000159e+02,1.547317981719970703e+00,-5.850650923066080811e-02
1.650825788194449902e+09,3.555009999999999764e+02,1.546175241470336914e+00,-2.245437382001258531e-02
1.650825788394450903e+09,3.513149999999999977e+02,1.561133384704590066e+00,1.231912879214454477e-02
1.650825788594403028e+09,3.432850000000000250e+02,1.596866250038147195e+00,5.648737401372524308e-02
1.650825788794743061e+09,3.434769999999999754e+02,1.605241894721985085e+00,6.762336614619141040e-02
1.650825788994523048e+09,3.468940000000000055e+02,1.602966666221618874e+00,6.546882757343969184e-02
1.650825789194366932e+09,3.502950000000000159e+02,1.602571487426758257e+00,6.266859822186052198e-02
1.650825789394387960e+09,3.524479999999999791e+02,1.609719514846801980e+00,5.399465312903234393e-02
1.650825789594329119e+09,3.504100000000000250e+02,1.611471295356750488e+00,6.922600829185989943e-03
1.650825789794703960e+09,3.496929999999999836e+02,1.608647704124450462e+00,6.313528087886531061e-03
1.650825789994421959e+09,3.443410000000000082e+02,1.605285644531249556e+00,3.016342673908363990e-03
1.650825790194410086e+09,3.452090000000000032e+02,1.599810481071472168e+00,-1.101126733099268458e-02
1.650825790394334078e+09,3.484759999999999991e+02,1.600782990455627885e+00,-1.186331276093038380e-02
1.650825790594316006e+09,3.523050000000000068e+02,1.602710127830505815e+00,-9.225575835904940500e-03
1.650825790794678926e+09,3.532850000000000250e+02,1.591137170791626199e+00,-1.843644710464556469e-02
1.650825790994487047e+09,5.126999999999999780e+00,1.582333445549011008e+00,-2.550204202299749534e-02
1.650825791194370031e+09,3.485570000000000164e+02,1.599373102188110574e+00,-4.860013336226293168e-04
1.650825791394351006e+09,3.490489999999999782e+02,1.633914828300476074e+00,3.681647504472689708e-02
1.650825791594376087e+09,3.429499999999999886e+02,1.646692514419555664e+00,6.535470724924657970e-02
1.650825791794734001e+09,3.447970000000000255e+02,1.654379725456237571e+00,8.006791560151092779e-02
1.650825791994457006e+09,3.416929999999999836e+02,1.667473912239075151e+00,7.569320502067657108e-02
1.650825792194757938e+09,3.448709999999999809e+02,1.624437570571899414e+00,-1.114800579408560186e-02
1.650825792394365072e+09,9.801000000000000156e+00,1.574609518051147239e+00,-7.961531913747937894e-02
1.650825792594363928e+09,3.423639999999999759e+02,1.596462607383728027e+00,-5.584008409428483505e-02
1.650825792794732094e+09,3.433360000000000127e+02,1.633731842041015625e+00,-3.970239300865162357e-02
1.650825792994318962e+09,3.425459999999999923e+02,1.634743452072143777e+00,1.212777227867222439e-02
1.650825793194272041e+09,3.405430000000000064e+02,1.639631152153015359e+00,1.519566476517676679e-02
1.650825793394320011e+09,3.443890000000000100e+02,1.651356816291809526e+00,5.775499448520282630e-02
1.650825793594338894e+09,3.489189999999999827e+02,1.658618450164795144e+00,3.329485054187406035e-02
1.650825793794661045e+09,3.484490000000000123e+02,1.658419251441955566e+00,2.741278376367078592e-02
1.650825793994373083e+09,3.476720000000000255e+02,1.659127593040466309e+00,2.565635047636631583e-02
1.650825794194302082e+09,3.490749999999999886e+02,1.662811279296875000e+00,1.732229457684836618e-02
1.650825794394372940e+09,3.508020000000000209e+02,1.660777449607849343e+00,2.539721804334144420e-03
1.650825794594396114e+09,3.497649999999999864e+02,1.663924694061279075e+00,6.117951962492422513e-03
1.650825794794644117e+09,3.466770000000000209e+02,1.661820411682129128e+00,3.168284447396716406e-03
1.650825794994373083e+09,3.448890000000000100e+02,1.661555409431457520e+00,2.427914797190552487e-03
1.650825795194350958e+09,3.450450000000000159e+02,1.657825827598571555e+00,-4.985999714343145039e-03
1.650825795394298077e+09,3.456059999999999945e+02,1.661602497100829856e+00,8.685119795919480105e-04
1.650825795794616938e+09,6.171999999999999709e+00,1.664717316627502663e+00,3.719968449551258778e-03
1.650825795994301081e+09,1.965399999999999991e+01,1.665121674537658469e+00,6.169733449072476415e-03
1.650825797394244909e+09,3.203129999999999882e+02,1.665196537971496582e+00,8.217541901770168819e-04
1.650825800394176960e+09,3.371100000000000136e+02,1.656342983245849387e+00,5.782585484231455089e-03
1.650825801394292116e+09,3.135210000000000150e+02,1.574573278427124245e+00,-8.181659867840314349e-02
1.650825807394146919e+09,3.018829999999999814e+02,1.598400950431823508e+00,9.667955660486757946e-03
1.650825811593969107e+09,3.233050000000000068e+02,1.714715480804443803e+00,2.912146805941544930e-02
1.650825813194021940e+09,2.958240000000000123e+02,1.728576421737670898e+00,1.571144917485775908e-02
1.650825813593935966e+09,2.212999999999999901e+01,1.726241230964660645e+00,1.057006809399917320e-02
1.650825814393959999e+09,3.342470000000000141e+02,1.725000500679016335e+00,-1.378869591898054889e-03
1.650825815594005108e+09,3.439220000000000255e+02,1.725020885467529297e+00,6.438802893951155052e-04
1.650825815794258118e+09,3.206429999999999723e+02,1.724702239036560059e+00,1.210486645304098769e-03
1.650825816594078064e+09,2.457700000000000173e+01,1.725043773651123269e+00,2.543464092115791327e-05
1.650825817393867970e+09,3.574049999999999727e+02,1.725592613220215288e+00,6.858998711330606662e-04
1.650825819393802881e+09,1.852700000000000102e+01,1.725024580955505371e+00,1.965377725267302680e-04
1.650825819794219017e+09,3.252559999999999718e+02,1.725451350212096946e+00,5.902576595732242273e-04
1.650825821993896961e+09,3.187040000000000077e+02,1.724033474922180620e+00,-1.221319698066674784e-03
1.650825822393764973e+09,3.261820000000000164e+02,1.725122809410095437e+00,2.364630532109430463e-04
1.650825822993982077e+09,3.052320000000000277e+02,1.724609971046447976e+00,4.826912021448232773e-04
1.650825826193802118e+09,3.322610000000000241e+02,1.724726438522339089e+00,5.385381732072301066e-03
1.650825826794089079e+09,3.488369999999999891e+02,1.724409937858581765e+00,8.080948295621366920e-03
1.650825826993757010e+09,3.116050000000000182e+02,1.725144624710082786e+00,4.402359604505810754e-04
1.650825865193146944e+09,2.094240000000000066e+02,-2.029523611068725586e+00,4.160718814151680156e-02
1.650825865393189907e+09,2.045140000000000100e+02,-1.979923367500305176e+00,7.142450007959756653e-02
1.650825865593144894e+09,2.026409999999999911e+02,-1.940364003181457520e+00,9.827253953009559839e-02
1.650825865793359995e+09,1.966899999999999977e+02,-1.932977199554443359e+00,1.173959394144270668e-01
1.650825865993223906e+09,1.921100000000000136e+02,-1.914656758308410867e+00,1.387927512834193633e-01
1.650825866193145990e+09,1.858220000000000027e+02,-1.902527928352355957e+00,1.411245057806737868e-01
1.650825866393110991e+09,2.122400000000000091e+02,-1.965177297592162864e+00,-2.918136723949248459e-02
1.650825866593112946e+09,2.013899999999999864e+02,-1.973011136054993120e+00,-4.449551373438601076e-02
1.650825866793375015e+09,1.920149999999999864e+02,-1.972194910049438477e+00,-6.395187375220541537e-02
1.650825866993309975e+09,1.837849999999999966e+02,-1.969252228736876997e+00,-7.849969215751946561e-02
1.650825867193082094e+09,2.554790000000000134e+02,-1.972398281097412109e+00,-6.349734518039343301e-02
1.650825867393076897e+09,1.981469999999999914e+02,-1.985622763633727805e+00,-1.575463313747524352e-02
1.650825867593039989e+09,2.074370000000000118e+02,-1.958580613136291726e+00,1.700988287525331127e-02
1.650825867993060112e+09,1.831730000000000018e+02,-1.908635020256042258e+00,7.501138034066134885e-02
1.650825868193003893e+09,1.921800000000000068e+02,-1.896482825279235618e+00,1.004815653355996957e-01
1.650825868393001080e+09,1.879329999999999927e+02,-1.883260369300842285e+00,1.137619292779330632e-01
1.650825868592972994e+09,1.885560000000000116e+02,-1.880425572395324485e+00,4.234525795305611739e-02
1.650825868793313026e+09,1.741500000000000057e+02,-1.879626631736755371e+00,3.412100209796348205e-02
1.650825868993128061e+09,1.819509999999999934e+02,-1.880595326423645020e+00,1.868861387568651611e-02
1.650825869192955017e+09,1.875769999999999982e+02,-1.880808711051941362e+00,3.063979454680826071e-03
1.650825869392967939e+09,1.923770000000000095e+02,-1.877372980117797630e+00,5.607006879312191952e-03
1.650825869593159914e+09,1.928319999999999936e+02,-1.875582814216613992e+00,5.382173537469630079e-03
1.650825869793365955e+09,1.828220000000000027e+02,-1.870635509490967019e+00,9.993290372638711713e-03
1.650825869993038893e+09,1.814939999999999998e+02,-1.870137929916382058e+00,1.185961421971891937e-02
1.650825870192996025e+09,1.851020000000000039e+02,-1.870137929916382058e+00,1.185961421971891937e-02
1.650825870392983913e+09,2.002319999999999993e+02,-1.859881997108459473e+00,1.744716228610972142e-02
1.650825870592999935e+09,1.920430000000000064e+02,-1.856711506843567117e+00,1.637923805405065714e-02
1.650825870793369055e+09,1.889310000000000116e+02,-1.860102653503417969e+00,1.198228332820627101e-02
1.650825870993192911e+09,1.875620000000000118e+02,-1.861494898796081543e+00,9.602799610182202045e-03
1.650825871192971945e+09,1.859279999999999973e+02,-1.865540981292724609e+00,3.344094016602726718e-03
1.650825871392913103e+09,1.835819999999999936e+02,-1.870972633361816406e+00,-1.232299315417231984e-02
1.650825871592907906e+09,1.826939999999999884e+02,-1.881808161735534446e+00,-2.412103079820013263e-02
1.650825871793298960e+09,1.924250000000000114e+02,-1.882718682289124201e+00,-2.358740288171341792e-02
1.650825871993175983e+09,1.953520000000000039e+02,-1.878197073936462624e+00,-1.406829777135010923e-02
1.650825872193083048e+09,1.917719999999999914e+02,-1.878003239631653054e+00,-7.814199671569627137e-03
1.650825872392944098e+09,1.913660000000000139e+02,-1.880110979080199973e+00,-2.940423664773419640e-03
1.650825872593025923e+09,1.916829999999999927e+02,-1.881672143936157449e+00,1.511396405759300862e-04
1.650825872793268919e+09,1.921009999999999991e+02,-1.879758954048156960e+00,3.481851961550375563e-03
1.650825872993016958e+09,1.896349999999999909e+02,-1.880226612091064897e+00,-2.386960424266267120e-03
1.650825937191829920e+09,1.805900000000000034e+02,-1.711471438407898171e+00,9.752507419392206223e-02
1.650825937391910076e+09,1.733189999999999884e+02,-1.717590093612670898e+00,7.600962505494178456e-02
1.650825937591877937e+09,1.818859999999999957e+02,-1.740707516670227051e+00,3.967647737090625182e-02
1.650825937792186022e+09,1.843569999999999993e+02,-1.790070652961731401e+00,-2.187195338713611437e-02
1.650825937991874933e+09,1.817129999999999939e+02,-1.791437029838561568e+00,-6.061014423342956509e-02
1.650825938191863060e+09,1.954050000000000011e+02,-1.798309922218322754e+00,-8.686385350717217013e-02
1.650825938391858101e+09,1.936320000000000050e+02,-1.800684809684753640e+00,-8.311219333518067576e-02
1.650825938591856956e+09,1.975049999999999955e+02,-1.801948785781860574e+00,-6.125385780940811875e-02
1.650825938792110920e+09,2.057860000000000014e+02,-1.813889980316162109e+00,-2.507371743952914803e-02
1.650825938991861105e+09,1.756279999999999859e+02,-1.811639666557312678e+00,-2.126231441958687310e-02
1.650825939191802979e+09,1.615589999999999975e+02,-1.777109622955322266e+00,1.661389764001079683e-02
1.650825939391859055e+09,1.645819999999999936e+02,-1.774612545967101829e+00,3.037924609689273900e-02
1.650825939591811895e+09,1.774300000000000068e+02,-1.843659996986388716e+00,-3.307764383130483432e-02
1.650825939792114973e+09,1.993110000000000070e+02,-1.923355579376220481e+00,-1.241328564805606466e-01
1.650825939991851091e+09,1.991059999999999945e+02,-1.954723238945007546e+00,-1.974137076647235201e-01
1.650825940191812992e+09,2.081169999999999902e+02,-1.950309395790100320e+00,-2.229678635183543201e-01
1.650825940392198086e+09,2.576580000000000155e+02,-1.949064493179321733e+00,-1.939519027685897290e-01
1.650825940591854095e+09,2.190790000000000077e+02,-1.933296322822570801e+00,-9.966500161574406991e-02
1.650825940792119980e+09,1.998880000000000052e+02,-1.871360421180725098e+00,9.805045469573706041e-02
1.650825940991884947e+09,1.935260000000000105e+02,-1.862272262573241965e+00,1.099854883474890993e-01
1.650825941191761971e+09,1.923509999999999991e+02,-1.862523674964904563e+00,9.235043906589157636e-02
1.650825941391787052e+09,1.964399999999999977e+02,-1.863227367401123269e+00,9.030724736560906407e-02
1.650825941792047977e+09,1.930939999999999941e+02,-1.842638731002807395e+00,4.134391618796553342e-02
1.650825941991795063e+09,1.872630000000000052e+02,-1.842638731002807395e+00,4.134391618796553342e-02
1.650825942191941977e+09,1.893909999999999911e+02,-1.775359511375427468e+00,1.025052585419407997e-01
1.650825942391896963e+09,1.931009999999999991e+02,-1.779571175575256348e+00,9.939725251460250488e-02
1.650825942591871977e+09,1.875049999999999955e+02,-1.776066303253173384e+00,7.831497639822629364e-02
1.650825942792135000e+09,1.904199999999999875e+02,-1.768941521644592729e+00,2.144806221728987397e-02
1.650825942991965055e+09,1.840269999999999868e+02,-1.761106371879578303e+00,2.463119361758511761e-02
1.650825943191776037e+09,1.810370000000000061e+02,-1.760555863380431907e+00,2.113320575755054526e-02
1.650825943391724110e+09,1.864199999999999875e+02,-1.760191321372986062e+00,1.763933416940888926e-02
1.650825943591736078e+09,1.881680000000000064e+02,-1.760191321372986062e+00,1.763933416940888926e-02
1.650825943792083025e+09,2.014050000000000011e+02,-1.760077357292175293e+00,5.992261248551765569e-03
1.650825943991846085e+09,2.291889999999999930e+02,-1.757974267005920410e+00,3.297212165325868766e-03
1.650825944191754103e+09,1.943470000000000084e+02,-1.742610573768616167e+00,1.889382702413596252e-02
1.650825944391746998e+09,1.837239999999999895e+02,-1.695319652557373047e+00,7.209293575791490827e-02
1.650825944591794014e+09,1.797949999999999875e+02,-1.682220816612243430e+00,9.146894432928739938e-02
1.650825944792088032e+09,1.899039999999999964e+02,-1.780284762382507102e+00,-2.785362181617508440e-02
1.650825944991878033e+09,1.880430000000000064e+02,-1.830715894699096680e+00,-1.036058452525401297e-01
1.650825945191765070e+09,1.891059999999999945e+02,-1.818583726882934792e+00,-1.369875027754829111e-01
1.650825945391746044e+09,1.905989999999999895e+02,-1.820119857788085938e+00,-1.532973654630523097e-01
1.650825945591753960e+09,1.924540000000000077e+02,-1.826232910156249778e+00,-1.158312383330085821e-01
1.650825945792042971e+09,1.932489999999999952e+02,-1.823258280754089355e+00,-4.299339394351398003e-02
1.650825945991833925e+09,1.893600000000000136e+02,-1.823060989379883035e+00,8.056621939998027254e-03
1.650825946191790104e+09,1.811759999999999877e+02,-1.823281168937683328e+00,-4.941922224014242554e-03
1.650825946391767025e+09,1.900070000000000050e+02,-1.836237668991088867e+00,-1.605545368828390634e-02
1.650825946591681004e+09,1.913969999999999914e+02,-1.848990321159362571e+00,-2.529173806491170212e-02
1.650825946792062998e+09,1.890320000000000107e+02,-1.853512763977051003e+00,-3.185889609520674987e-02
1.650825946991805077e+09,2.003830000000000098e+02,-1.854093670845031516e+00,-3.423670819813832283e-02
1.650825947191633940e+09,1.984600000000000080e+02,-1.852305889129638894e+00,-1.890174932682062853e-02
1.650825947391697884e+09,1.971769999999999925e+02,-1.851868629455566628e+00,-3.596964754662084363e-03
1.650825947591692924e+09,1.928429999999999893e+02,-1.855368971824646218e+00,-2.061196529152078006e-03
1.650825947792021990e+09,1.961519999999999868e+02,-1.857089638710021751e+00,-4.261472313931056154e-03
1.650825947992048025e+09,1.901119999999999948e+02,-1.857089638710021751e+00,-4.261472313931056154e-03
1.650825948191739082e+09,1.894590000000000032e+02,-1.862584710121154563e+00,-1.260212864985452152e-02
1.650825948391652107e+09,1.918549999999999898e+02,-1.864246845245361106e+00,-1.330215905611205514e-02
1.650825948591687918e+09,1.887800000000000011e+02,-1.866210222244262695e+00,-1.275215309931319527e-02
1.650825948792011023e+09,1.900759999999999934e+02,-1.867093920707702637e+00,-1.111592071326694339e-02
1.650825948991713047e+09,1.979720000000000084e+02,-1.869253158569335938e+00,-1.152870565444271550e-02
1.650825949191544056e+09,2.052249999999999943e+02,-1.871174335479736550e+00,-9.545159979292708666e-03
1.650825949391678095e+09,1.950380000000000109e+02,-1.867402672767639160e+00,-3.322525576280533494e-03
1.650825949591681957e+09,1.951889999999999930e+02,-1.841070055961609109e+00,2.739587124301938806e-02
1.650825949791985035e+09,1.932419999999999902e+02,-1.848746299743652566e+00,2.278200451550496317e-02
1.650825949991677046e+09,1.919439999999999884e+02,-1.859229803085327370e+00,1.404922430468973082e-02
1.650825950191642046e+09,1.882270000000000039e+02,-1.860656023025512917e+00,7.935508621303703769e-03
1.650825950391587019e+09,1.899279999999999973e+02,-1.872319579124450684e+00,-2.714560662128599408e-02
1.650825950591733932e+09,1.923569999999999993e+02,-1.890316009521484819e+00,-5.182174238871882499e-02
1.650825950792026043e+09,1.929480000000000075e+02,-1.890316009521484819e+00,-5.182174238871882499e-02
1.650825950991655111e+09,1.920459999999999923e+02,-1.907724618911743164e+00,-5.538775072762704837e-02
1.650825951191678047e+09,1.927829999999999870e+02,-1.910735130310058594e+00,-5.405031585524155968e-02
1.650825951391663074e+09,1.912199999999999989e+02,-1.916026115417480469e+00,-4.857680096942407905e-02
1.650825951591638088e+09,2.080939999999999941e+02,-1.934205055236816628e+00,-4.878269831254433697e-02
1.650825951791943073e+09,2.028160000000000025e+02,-1.938587665557861550e+00,-3.518871324172358900e-02
1.650825951991751909e+09,1.852179999999999893e+02,-1.926764249801635520e+00,-2.116010407025563714e-02
1.650825952191654921e+09,2.065420000000000016e+02,-1.913030982017517090e+00,3.329121525324644018e-03
1.650825952391625881e+09,1.887920000000000016e+02,-1.913030982017517090e+00,3.329121525324644018e-03
1.650825952591708899e+09,1.874170000000000016e+02,-1.865437388420104980e+00,8.130510790835004942e-02
1.650825952791897058e+09,1.844600000000000080e+02,-1.862311124801636186e+00,7.582530023156769383e-02
1.650825952991653919e+09,1.894459999999999980e+02,-1.861323237419128862e+00,6.912253813739981101e-02
1.650825953191521883e+09,1.933230000000000075e+02,-1.858795881271362305e+00,3.217330874056174850e-02
1.650825953391623974e+09,1.911179999999999950e+02,-1.853855252265930620e+00,1.362142100871198240e-02
1.650825953591624022e+09,1.934410000000000025e+02,-1.853203058242797852e+00,1.071234785827404612e-02
1.650825953791898012e+09,2.103369999999999891e+02,-1.854336500167846458e+00,8.216366226556803820e-03
1.650825953991678953e+09,1.982899999999999920e+02,-1.856293320655822754e+00,4.778007622831332429e-03
1.650825954191778898e+09,1.821399999999999864e+02,-1.853320240974426270e+00,6.440165613472288893e-03
1.650825954391556978e+09,1.881860000000000070e+02,-1.858410358428954856e+00,-5.358576274341905407e-03
1.650825954591589928e+09,1.878839999999999861e+02,-1.859530925750732200e+00,-5.772453471566288061e-03
1.650825954791870117e+09,1.872259999999999991e+02,-1.861704707145690918e+00,-6.013292988606880329e-03
1.650825954991628885e+09,1.882669999999999959e+02,-1.863662600517272727e+00,-1.149233442563363586e-02
1.650825955191807985e+09,1.949530000000000030e+02,-1.856960654258728249e+00,1.610919653510704689e-03
1.650825955391486883e+09,1.871109999999999900e+02,-1.840762615203857644e+00,2.029168603132225357e-02
1.650825955591536999e+09,2.101999999999999886e+02,-1.836176633834838867e+00,2.595466974732914961e-02
1.650825955791825056e+09,2.241930000000000121e+02,-1.833369016647339089e+00,3.148978642316024174e-02
1.650825955991630077e+09,1.824410000000000025e+02,-1.805170178413390891e+00,6.500107833936796808e-02
1.650825956191473007e+09,1.844099999999999966e+02,-1.774596929550170898e+00,7.781922555683204457e-02
1.650825956391503096e+09,1.852239999999999895e+02,-1.774596929550170898e+00,7.781922555683204457e-02
1.650825956791867971e+09,1.996860000000000070e+02,-1.730709314346313255e+00,7.839386105544925154e-02
1.650825956991508961e+09,1.798530000000000086e+02,-1.710487365722656028e+00,7.615511905272845383e-02
1.650825957191431046e+09,1.738940000000000055e+02,-1.701213955879211426e+00,8.153669357178033872e-02
1.650825957391525984e+09,1.773360000000000127e+02,-1.700160145759582742e+00,8.395449080232594841e-02
1.650825957591480017e+09,1.848019999999999925e+02,-1.707200169563293679e+00,7.514751637294293796e-02
1.650825957791822910e+09,1.860730000000000075e+02,-1.700123906135559082e+00,3.598706665480978784e-02
1.650825957991619110e+09,1.820889999999999986e+02,-1.697656512260437012e+00,3.953634291080330120e-03
1.650825958191436052e+09,1.806179999999999950e+02,-1.697676777839660645e+00,2.759749937404865246e-03
1.650825958391513109e+09,1.839250000000000114e+02,-1.698664546012878640e+00,1.004119580009266849e-02
1.650825958591468096e+09,1.838000000000000114e+02,-1.705596566200256348e+00,-6.436566562549860329e-03
1.650825958791811943e+09,1.837410000000000139e+02,-1.706493258476257324e+00,-1.036195760204070178e-02
1.650825958991533041e+09,1.849509999999999934e+02,-1.707079529762268288e+00,-1.047107796227942679e-02
1.650825959191421032e+09,1.791690000000000111e+02,-1.706611752510070801e+00,-9.407648973897012740e-03
1.650825959391515970e+09,1.564590000000000032e+02,-1.702926158905029075e+00,-4.263048034625775522e-03
1.650825959591476917e+09,1.998969999999999914e+02,-1.696850895881653054e+00,1.071458659970635045e-02
1.650825959991842031e+09,1.822230000000000132e+02,-1.646071076393127219e+00,6.727635749735319526e-02
1.650825960191474915e+09,1.669970000000000141e+02,-1.622912764549255593e+00,9.413663704938692034e-02
1.650825960391474009e+09,1.895099999999999909e+02,-1.636651754379272905e+00,7.231716143454877677e-02
1.650825960791722059e+09,2.032669999999999959e+02,-1.832876801490783691e+00,-1.861438633434872036e-01
1.650825960991477013e+09,1.930579999999999927e+02,-1.865525484085083008e+00,-2.195075273848284825e-01
1.650825961191358089e+09,1.900840000000000032e+02,-1.849912285804748979e+00,-2.270520848213103959e-01
1.650825961391427040e+09,2.019310000000000116e+02,-1.845968008041382058e+00,-2.093447532305943160e-01
1.650825961591406107e+09,2.010560000000000116e+02,-1.838447213172912820e+00,-1.362805871278519321e-01
1.650825961791707993e+09,1.942330000000000041e+02,-1.824606895446777344e+00,5.970960357515974620e-02
1.650825961991564035e+09,1.913389999999999986e+02,-1.804278731346130149e+00,6.442578260193512762e-02
1.650825962191447020e+09,1.775780000000000030e+02,-1.778596162796020730e+00,7.925633482995303458e-02
1.650825962391379118e+09,1.707340000000000089e+02,-1.782437443733215776e+00,6.589782781940692336e-02
1.650825962591361046e+09,1.871850000000000023e+02,-1.784777522087097168e+00,4.610146498114787300e-02
1.650825962791708946e+09,1.869499999999999886e+02,-1.791580200195312500e+00,3.477536994834053846e-02
1.650825962991456032e+09,1.842649999999999864e+02,-1.791413664817810059e+00,-1.507804554896084205e-02
1.650825963191384077e+09,1.779130000000000109e+02,-1.793460488319396751e+00,-1.224834192780018503e-02
1.650825963391346931e+09,1.727270000000000039e+02,-1.797376394271850586e+00,-1.399901981561937035e-02
1.650825963591377020e+09,1.890740000000000123e+02,-1.801498174667358398e+00,-1.102043757487322292e-02
1.650825963791729927e+09,1.813259999999999934e+02,-1.801944971084594949e+00,-1.094585565691699389e-02
1.650825963991406918e+09,1.842330000000000041e+02,-1.803627610206604004e+00,-1.221677945289794710e-02
1.650825964191359043e+09,1.883290000000000077e+02,-1.803863525390625000e+00,-1.095309649298084088e-02
1.650825964391333103e+09,1.870060000000000002e+02,-1.805094122886657715e+00,-8.576150509778964967e-03
1.650825964591403961e+09,1.843350000000000080e+02,-1.803021788597107156e+00,-1.792523880917285374e-03
1.650825964791695118e+09,1.783700000000000045e+02,-1.805337071418762207e+00,-3.570186440142069859e-03
1.650825964991419077e+09,1.828979999999999961e+02,-1.808083772659301980e+00,-4.950055828991667059e-03
1.650825965191308022e+09,1.755370000000000061e+02,-1.810394048690795898e+00,-6.872970364753462624e-03
1.650825965391379118e+09,1.870089999999999861e+02,-1.813559651374817117e+00,-1.239729575764477419e-02
1.650825965591350079e+09,1.860269999999999868e+02,-1.813779354095459206e+00,-1.262001304440661491e-02
1.650825966391315937e+09,1.640250000000000057e+02,-1.773254632949829102e+00,4.767224333534336722e-02
1.650825967391308069e+09,1.567340000000000089e+02,-2.072715044021606445e+00,-3.705740174829249001e-01
1.650825967591337919e+09,1.737520000000000095e+02,-2.159771919250488725e+00,-4.302358245803919456e-01
1.650825967791671038e+09,1.870289999999999964e+02,-2.219554185867309570e+00,-4.422533247411002399e-01
1.650825967991363049e+09,1.853839999999999861e+02,-2.340286970138549805e+00,-4.145254873527082773e-01
1.650825985191082001e+09,8.782999999999999474e+00,1.377685666084289551e+00,7.503703121056371113e-03
1.650825985391030073e+09,2.358000000000000096e+00,1.378145098686218484e+00,7.283809695326073225e-03
1.650825985591032028e+09,3.522320000000000277e+02,1.377146244049072266e+00,5.976568479108643195e-03
1.650825985791295052e+09,2.907999999999999918e+00,1.375525474548339844e+00,2.762908251250181151e-04
1.650825985991025925e+09,1.790000000000000036e+00,1.371420860290527566e+00,-5.940980965917746180e-03
1.650825986191028118e+09,6.554999999999999716e+00,1.372347474098205788e+00,-6.442652654994453741e-03
1.650825986390932083e+09,1.683000000000000052e+00,1.372347474098205788e+00,-6.442652654994453741e-03
1.650825986591085911e+09,3.432999999999999829e+00,1.372124671936035378e+00,-4.000685479200166011e-03
1.650825986791383982e+09,8.086000000000000298e+00,1.371806025505065918e+00,4.531348347509399225e-04
1.650825986991134882e+09,8.057999999999999829e+00,1.373352646827697976e+00,2.191123169206638400e-03
1.650825987190978050e+09,9.253000000000000114e+00,1.374438762664794700e+00,2.201915514623700460e-03
1.650825987390970945e+09,4.128999999999999559e+00,1.375471115112304688e+00,1.925449479109807250e-03
1.650825987590980053e+09,8.095000000000000639e+00,1.382623910903930886e+00,1.272665769670593833e-02
1.650825987791313887e+09,9.134000000000000341e+00,1.382779598236083984e+00,1.109061630554389159e-02
1.650825987991012096e+09,1.422300000000000075e+01,1.386148571968078835e+00,1.377747668899638282e-02
1.650825988191013098e+09,1.285599999999999987e+01,1.402552247047424538e+00,3.009454413269456105e-02
1.650825988390979052e+09,1.508000000000000007e+00,1.404970407485962358e+00,2.233040397392403731e-02
1.650825988591006041e+09,7.291000000000000369e+00,1.403848528861999734e+00,2.234797240898703588e-02
1.650825988791313887e+09,7.383000000000000007e+00,1.403470039367675781e+00,2.178266332730420876e-02
1.650825988990995884e+09,1.087700000000000067e+01,1.402460694313049316e+00,1.812378146986522165e-02
1.650825989190938950e+09,9.381999999999999673e+00,1.403025031089782715e+00,5.561557438015137791e-04
1.650825989391000032e+09,4.690000000000000391e+00,1.403462409973144531e+00,-1.675644056643355809e-03
1.650825989591037035e+09,3.910000000000000142e-01,1.403250455856323020e+00,-6.646524398989289749e-04
1.650825989791388988e+09,6.208999999999999631e+00,1.401927471160888894e+00,-5.925313234868659655e-04
1.650825989991074085e+09,1.027999999999999936e+01,1.403297185897827148e+00,3.024019697057601279e-04
1.650825990191348076e+09,1.224600000000000044e+01,1.402663588523864968e+00,-9.396843524395473652e-04
1.650825990390935898e+09,9.086000000000000298e+00,1.402974367141723411e+00,-2.905321153397444583e-04
1.650825990590914011e+09,5.208999999999999631e+00,1.403298258781433105e+00,1.789931736592591640e-03
1.650825990791268110e+09,3.717999999999999972e+00,1.402045011520385964e+00,1.305450534016651474e-04
1.650825990991039991e+09,9.512999999999999901e+00,1.402195572853088379e+00,-5.198540277432032834e-04
1.650825991190900087e+09,1.284800000000000075e+01,1.401954889297485574e+00,-8.380483761400880265e-04
1.650825991390918970e+09,5.019999999999999574e+00,1.403422236442565696e+00,4.713434002012838317e-04
1.650825991590929985e+09,4.961999999999999744e+00,1.403621792793273704e+00,3.404853660292958117e-04
1.650825991791270971e+09,9.753000000000000114e+00,1.401740074157715066e+00,-3.209431059965421303e-04
1.650825991990958929e+09,1.385000000000000009e+00,1.401783823966979980e+00,1.385354301382039867e-04
1.650825992191040993e+09,1.102699999999999925e+01,1.403842449188232200e+00,2.097819269570474782e-03
1.650825992390981913e+09,2.569999999999999840e+00,1.407440543174743652e+00,4.244231586601191451e-03
1.650825992590898037e+09,1.114000000000000101e+00,1.406166672706604004e+00,4.919662167211014125e-03
1.650825992791203976e+09,1.979999999999999982e+00,1.406175613403320312e+00,5.166898637849506350e-03
1.650825992990932941e+09,3.059000000000000163e+00,1.403939485549926758e+00,2.155687280741700601e-03
1.650825993190896988e+09,1.002399999999999913e+01,1.401349067687988947e+00,-2.493455216513424701e-03
1.650825993391042948e+09,1.146400000000000041e+01,1.399973392486572932e+00,-7.467170271603885620e-03
1.650825993590922117e+09,3.406000000000000139e+00,1.400472640991210938e+00,-6.709406408268501695e-03
1.650825993791225910e+09,9.130000000000000338e-01,1.399797439575195535e+00,-4.872853664050495921e-03
1.650825993990953922e+09,3.561070000000000277e+02,1.398568034172057661e+00,-3.271907290958861285e-03
1.650825994190892935e+09,4.198999999999999844e+00,1.398608446121216042e+00,-3.584686374657163489e-03
1.650825994390857935e+09,1.215999999999999970e+00,1.393707394599914329e+00,-7.947910725900437720e-03
1.650825994590929031e+09,3.566190000000000282e+02,1.389379382133484109e+00,-1.157778350089344252e-02
1.650825994791274071e+09,1.120000000000000107e+00,1.384333848953247292e+00,-1.581862179205988095e-02
1.650825995190876007e+09,3.514850000000000136e+02,1.373407244682312012e+00,-2.255810410719371467e-02
1.650825995390899897e+09,7.253000000000000114e+00,1.370720863342285156e+00,-2.437069634724367551e-02
1.650825995590908051e+09,5.565000000000000391e+00,1.371879339218139648e+00,-1.750094001343319161e-02
1.650825995791182041e+09,4.407000000000000028e+00,1.371879339218139648e+00,-1.750094001343319161e-02
1.650825996190924883e+09,1.814900000000000091e+01,1.493142366409301980e+00,1.360602459282459764e-01
1.650825996390995979e+09,1.832199999999999918e+01,1.513841986656189187e+00,1.573159603253338201e-01
1.650825996791130066e+09,3.539069999999999823e+02,1.571447730064392312e+00,2.105787656685476628e-01
1.650825996990910053e+09,2.747700000000000031e+01,1.646753668785095215e+00,2.453192205013030591e-01
1.650825998990869045e+09,9.308299999999999841e+01,1.462575435638427512e+00,-1.660190893435133375e-01
1.650825999190713882e+09,1.352000000000000091e+00,1.462575435638427512e+00,-1.660190893435133375e-01
1.650825999390805006e+09,3.446000000000000174e+00,1.449273705482483132e+00,-5.735307523603631191e-02
1.650825999590765953e+09,8.625000000000000000e+00,1.449051856994629350e+00,-6.198013696398529948e-02
1.650825999791081905e+09,3.577239999999999895e+02,1.446193575859070046e+00,-6.168490308487416252e-02
1.650825999990983963e+09,3.459409999999999741e+02,1.441642045974731445e+00,-2.325892504724580770e-02
1.650826000390902042e+09,3.539039999999999964e+02,1.413030266761779785e+00,-4.262070694142540417e-02
1.650826000590768099e+09,3.537479999999999905e+02,1.403760433197021484e+00,-5.327639778117426728e-02
1.650826000791090965e+09,5.538000000000000256e+00,1.425634741783142090e+00,-1.779357497156293030e-02
1.650826000990814924e+09,6.405000000000000249e+00,1.432328343391418457e+00,-1.344824360638700216e-04
1.650826001190717936e+09,5.277000000000000135e+00,1.434494018554687722e+00,2.525233966781821951e-02
1.650826001390821934e+09,2.421799999999999997e+01,1.440131902694702148e+00,4.278195290516138144e-02
1.650826001590739012e+09,2.263100000000000023e+01,1.455707788467407449e+00,4.826560659599529041e-02
1.650826001791081905e+09,3.594100000000000250e+02,1.467212557792663796e+00,4.619655270245462408e-02
1.650826001990802050e+09,1.165700000000000003e+01,1.470384240150451660e+00,3.988444375674634473e-02
1.650826002190772057e+09,3.576419999999999959e+02,1.476206302642822266e+00,4.008574189897482626e-02
1.650826002390795946e+09,2.146099999999999852e+01,1.479509234428405984e+00,2.799716524162192480e-02
1.650826002590761900e+09,8.221999999999999531e+00,1.466231703758239968e+00,-1.225521226331488306e-03
1.650826002791050911e+09,4.516000000000000014e+00,1.469496726989746094e+00,-1.554209742182051683e-03
1.650826002990741014e+09,7.119999999999999662e-01,1.464469075202942117e+00,-6.571659697687761391e-03
1.650826003190752029e+09,3.470000000000000195e+00,1.449190735816956233e+00,-3.001524185114488180e-02
1.650826003390875101e+09,1.171799999999999997e+01,1.411643028259277566e+00,-7.539400543342518468e-02
1.650826003590754032e+09,9.675000000000000711e+00,1.382989525794982910e+00,-8.763460143968100635e-02
1.650826003791058064e+09,1.599099999999999966e+01,1.378745079040527566e+00,-9.556157362275623235e-02
1.650826003990751982e+09,6.894000000000000128e+00,1.378489136695861816e+00,-9.556277274235314145e-02
1.650826004190711021e+09,7.397999999999999687e+00,1.378489136695861816e+00,-9.556277274235314145e-02
1.650826004390742064e+09,3.575720000000000027e+02,1.378131866455078125e+00,-5.714675984645305185e-03
1.650826004590816021e+09,6.810999999999999943e+00,1.396285653114318626e+00,2.063291607842029224e-02
1.650826004791081905e+09,1.157000000000000028e+00,1.397179126739501731e+00,2.198319449328570499e-02
1.650826004990742922e+09,1.728699999999999903e+01,1.410122156143188477e+00,3.246393925764117644e-02
1.650826005190679073e+09,4.381000000000000227e+00,1.419866561889648438e+00,5.565530136712347475e-02
1.650826005390803099e+09,4.775999999999999801e+00,1.424497485160827859e+00,2.969749111426938856e-02
1.650826005590737104e+09,4.878000000000000114e+00,1.424497485160827859e+00,2.969749111426938856e-02
1.650826005791026115e+09,8.898999999999999133e+00,1.420151829719543457e+00,2.297584179815061883e-02
1.650826005990881920e+09,9.839000000000000412e+00,1.416841745376586914e+00,-3.184487951807229121e-03
1.650826006190692902e+09,3.657999999999999918e+00,1.414172053337097834e+00,-9.507443663635926565e-03
1.650826006390752077e+09,4.219000000000000306e+00,1.414172053337097834e+00,-9.507443663635926565e-03
1.650826006590751886e+09,2.733000000000000096e+00,1.416078329086303711e+00,-4.526484257912770023e-03
1.650826006791018963e+09,3.402000000000000135e+00,1.420249462127685547e+00,5.447637506980924221e-03
1.650826006990773916e+09,5.097000000000000419e+00,1.425934433937072754e+00,1.010369550859440031e-02
1.650826007190592051e+09,7.541000000000000369e+00,1.430033206939697044e+00,1.762623370918238452e-02
1.650826007390686035e+09,3.577710000000000150e+02,1.431872606277465598e+00,1.788226078458184098e-02
1.650826007590753078e+09,2.374299999999999855e+01,1.425654649734497292e+00,6.006270937898640014e-03
1.650826007790961981e+09,8.201999999999999957e+00,1.423962116241455300e+00,-2.320159260106891344e-03
1.650826007990685940e+09,3.116000000000000103e+00,1.424095511436462624e+00,-7.419382419717017625e-03
1.650826008190654993e+09,4.078000000000000291e+00,1.423432111740112305e+00,-6.946343529265363963e-03
1.650826008390724897e+09,3.579769999999999754e+02,1.421961903572082742e+00,-8.882279318408113980e-03
1.650826008590714931e+09,3.572850000000000250e+02,1.420830249786377175e+00,-5.077173794406452008e-03
1.650826008790946960e+09,5.283000000000000362e+00,1.417773365974426492e+00,-6.513517352065430546e-03
1.650826008990658998e+09,3.382000000000000117e+00,1.416743397712707520e+00,-7.738346181642977682e-03
1.650826009190606117e+09,8.150999999999999801e+00,1.415795087814331055e+00,-7.478880997100489231e-03
1.650826009390615940e+09,9.095000000000000639e+00,1.416360735893249512e+00,-5.895021789223048314e-03
1.650826009590579033e+09,1.056799999999999962e+01,1.418145895004272461e+00,-2.684614647280406021e-03
1.650826009790923119e+09,1.105199999999999960e+01,1.417707085609436257e+00,1.071038865302951322e-03
1.650826010190702915e+09,3.577980000000000018e+02,1.415520191192626731e+00,-9.888041177780557828e-04
1.650826010390661955e+09,3.537620000000000005e+02,1.416074752807617188e+00,-2.588040138306867046e-03
1.650826010590672016e+09,2.032300000000000040e+01,1.386218547821044922e+00,-3.359176497178088805e-02
1.650826010790971994e+09,8.411799999999999500e+01,1.342570900917053223e+00,-8.343053623704836663e-02
1.650826026190347910e+09,2.030029999999999859e+02,-1.823462724685669167e+00,7.796245163883232243e-02
1.650826026390327930e+09,1.947549999999999955e+02,-1.807284593582153320e+00,7.016339698769828714e-02
1.650826026590342999e+09,1.895780000000000030e+02,-1.785993456840514915e+00,9.666997756172032719e-02
1.650826026790635109e+09,2.022690000000000055e+02,-1.775486946105957031e+00,8.608570844341571771e-02
1.650826026990379095e+09,1.965920000000000130e+02,-1.763918876647949219e+00,7.442579979163338466e-02
1.650826027190278053e+09,1.971200000000000045e+02,-1.752817392349242942e+00,7.435109531287135975e-02
1.650826027390265942e+09,1.822899999999999920e+02,-1.741072058677673562e+00,6.967844577314796783e-02
1.650826030190337896e+09,1.837199999999999989e+02,-1.626169800758362038e+00,1.214597276758892508e-01
1.650826030390261889e+09,1.770200000000000102e+02,-1.621573209762573020e+00,9.510934487295640005e-02
1.650826030590264082e+09,1.870560000000000116e+02,-1.612989425659179465e+00,4.041983115796899534e-02
1.650826030790555954e+09,1.809850000000000136e+02,-1.606526851654052734e+00,1.476620745424894049e-02
1.650826030990284920e+09,1.721560000000000059e+02,-1.600447535514831543e+00,2.231141891445762027e-02
1.650826031190237999e+09,1.649710000000000036e+02,-1.594569683074951172e+00,3.161639208567451620e-02
1.650826031390223026e+09,1.676980000000000075e+02,-1.591601729393005593e+00,3.156433263932154759e-02
1.650826031590251923e+09,1.694319999999999879e+02,-1.589501261711120605e+00,2.473538201730082070e-02
1.650826031790565968e+09,1.830399999999999920e+02,-1.583155632019042747e+00,2.034233404425037778e-02
1.650826033390202045e+09,1.719610000000000127e+02,-1.380759358406066672e+00,2.455794949321667975e-01
1.650826033590218067e+09,1.745190000000000055e+02,-1.375223398208618164e+00,2.126167802409788532e-01
1.650826033790496111e+09,1.799749999999999943e+02,-1.370310664176941140e+00,1.740053467526340714e-01
1.650826033990273952e+09,1.819430000000000121e+02,-1.363583564758300559e+00,4.898176994874006707e-02
1.650826034190203905e+09,1.726610000000000014e+02,-1.357535481452942117e+00,2.581395391978088399e-02
1.650826034390253067e+09,1.853389999999999986e+02,-1.342741608619689941e+00,3.420959988589978434e-02
1.650826034590226889e+09,1.565840000000000032e+02,-1.337244749069213867e+00,3.675060118846513318e-02
1.650826034790493965e+09,1.525660000000000025e+02,-1.322441816329956277e+00,4.800378427512298762e-02
1.650826034990295887e+09,1.476409999999999911e+02,-1.297081708908080833e+00,7.389701168134915621e-02
1.650826035190198898e+09,1.490250000000000057e+02,-1.280463814735412820e+00,7.326119923522411703e-02
1.650826035390249968e+09,1.624219999999999970e+02,-1.280463814735412820e+00,7.326119923522411703e-02
1.650826035590151072e+09,1.496800000000000068e+02,-1.285389423370361328e+00,4.359073753276128393e-02
1.650826035790463924e+09,1.639989999999999952e+02,-1.312443614006042480e+00,-1.807265920040210944e-02
1.650826035990251064e+09,1.563600000000000136e+02,-1.335681080818176270e+00,-6.096554359358653807e-02
1.650826036190282106e+09,1.592750000000000057e+02,-1.361863851547241433e+00,-8.572964226553360378e-02
1.650826036390264034e+09,1.694070000000000107e+02,-1.398946046829223633e+00,-1.371233757784372786e-01
1.650826036590204954e+09,1.523880000000000052e+02,-1.445803880691528542e+00,-1.782760486413355883e-01
1.650826036790498972e+09,1.662680000000000007e+02,-1.481125235557555930e+00,-1.874762508671580230e-01
1.650826036990230083e+09,1.510929999999999893e+02,-1.470827221870422807e+00,-1.501961035774533326e-01
1.650826037190085888e+09,1.616339999999999861e+02,-1.469498276710510698e+00,-8.298070721516555281e-02
1.650826037390131950e+09,1.728489999999999895e+02,-1.471677541732788086e+00,-3.043445704857953085e-02
1.650826037590154886e+09,1.818739999999999952e+02,-1.472919464111328125e+00,1.025287597378862423e-02
1.650826037790445089e+09,1.869890000000000043e+02,-1.465729832649230957e+00,6.368952399677638848e-03
1.650826037990297079e+09,1.980809999999999889e+02,-1.459734797477722168e+00,3.516138504977117663e-03
1.650826038190145016e+09,1.713710000000000093e+02,-1.467367291450500932e+00,2.368345255876943764e-03
1.650826038390222073e+09,1.652110000000000127e+02,-1.472119331359863503e+00,8.426165100611825512e-04
1.650826038590166092e+09,1.657849999999999966e+02,-1.474326848983764648e+00,-9.052693840773914577e-03
1.650826038790477037e+09,1.771370000000000005e+02,-1.470570087432861550e+00,-1.140736282123172921e-02
1.650826038990206003e+09,1.712249999999999943e+02,-1.468910694122314453e+00,-1.714969363152051181e-03
1.650826039190138102e+09,1.646220000000000141e+02,-1.469426751136779785e+00,5.494035346311785216e-03
1.650826039390116930e+09,1.636299999999999955e+02,-1.470133423805236816e+00,2.336001058975928617e-03
1.650826039590070009e+09,1.721870000000000118e+02,-1.492390155792236328e+00,-1.900309916837142690e-02
1.650826039790390015e+09,1.757690000000000055e+02,-1.511957883834838867e+00,-4.595267900891745333e-02
1.650826039990153074e+09,2.008689999999999998e+02,-1.516851782798766868e+00,-5.044156547849743683e-02
1.650826040190135956e+09,2.000600000000000023e+02,-1.517808079719543679e+00,-5.607094546849447636e-02
1.650826040390103102e+09,1.724259999999999877e+02,-1.499053001403808594e+00,-7.838139309982339320e-03
1.650826040590128899e+09,1.722280000000000086e+02,-1.497656822204590066e+00,1.682544099356581002e-02
1.650826040790333986e+09,1.747560000000000002e+02,-1.505325317382812278e+00,1.440511183250971737e-02
1.650826040990287066e+09,1.726990000000000123e+02,-1.510298490524291770e+00,9.386212198872928222e-03
1.650826041190126896e+09,1.615989999999999895e+02,-1.522193074226379395e+00,-4.385213019733697100e-03
1.650826041390201092e+09,1.642899999999999920e+02,-1.531407594680786133e+00,-2.387628192441861724e-02
1.650826041590115070e+09,1.636659999999999968e+02,-1.531558752059936301e+00,-3.390294024170120712e-02
1.650826041790340900e+09,1.652489999999999952e+02,-1.531990051269531250e+00,-2.666672389139604707e-02
1.650826041990144014e+09,1.643859999999999957e+02,-1.529826283454894797e+00,-1.952929686615175256e-02
1.650826042190130949e+09,1.666289999999999907e+02,-1.529783129692078081e+00,-7.590795668466154833e-03
1.650826042390033007e+09,1.680670000000000073e+02,-1.536786913871765137e+00,-4.993775663021239250e-03
1.650826042590090990e+09,1.690219999999999914e+02,-1.539508819580077903e+00,-7.951470396064063903e-03
1.650826042790357113e+09,1.679389999999999930e+02,-1.541168808937072754e+00,-1.335003561019714423e-02
1.650826042990163088e+09,1.632479999999999905e+02,-1.541145801544189231e+00,-1.337231047744699176e-02
1.650826043190067053e+09,1.630790000000000077e+02,-1.550611138343811257e+00,-2.083091900790658840e-02
1.650826043390024900e+09,1.706970000000000027e+02,-1.565163016319274902e+00,-3.017865176228528776e-02
1.650826043590022087e+09,1.791299999999999955e+02,-1.565163016319274902e+00,-3.017865176228528776e-02
1.650826043790344000e+09,1.875039999999999907e+02,-1.564911484718322976e+00,-2.792486331864051444e-02
1.650826043990106106e+09,1.920409999999999968e+02,-1.552354335784911887e+00,-2.050606207041289885e-03
1.650826044590079069e+09,1.775809999999999889e+02,-1.505630135536194070e+00,6.589216003502319785e-02
1.650826044790270090e+09,1.797560000000000002e+02,-1.464239358901977539e+00,1.059532569642756411e-01
1.650826044990005016e+09,1.764579999999999984e+02,-1.461261272430419922e+00,1.012205641426697222e-01
1.650826045189929008e+09,1.777909999999999968e+02,-1.439975261688232422e+00,1.108230206116700700e-01
1.650826045389997959e+09,1.614209999999999923e+02,-1.440773129463195801e+00,7.626741340678122594e-02
1.650826045589951992e+09,1.678810000000000002e+02,-1.440671443939208984e+00,2.944033842495633740e-02
1.650826045790268898e+09,2.310140000000000100e+02,-1.461941957473754883e+00,2.416645056636669998e-03
1.650826046590086937e+09,1.547369999999999948e+02,-1.283989548683166726e+00,1.977790526360418133e-01
1.650826046790316105e+09,1.720529999999999973e+02,-1.254749894142150657e+00,2.427257164607934947e-01
1.650826046990061045e+09,1.672599999999999909e+02,-1.247264623641967773e+00,2.318956315112254696e-01
1.650826047189987898e+09,1.495989999999999895e+02,-1.229414105415344460e+00,1.433754674894296699e-01
1.650826047390039921e+09,1.392479999999999905e+02,-1.226269364356994851e+00,9.932897575716670424e-02
1.650826047589963913e+09,1.655749999999999886e+02,-1.225735425949096902e+00,6.131155546120518884e-02
1.650826047790272951e+09,1.831899999999999977e+02,-1.246255636215209961e+00,8.940060504593049309e-03
1.650826047990067959e+09,1.617369999999999948e+02,-1.228670358657836914e+00,1.859916054564533100e-02
1.650826048189963102e+09,1.649739999999999895e+02,-1.199699282646178977e+00,2.972039936883572042e-02
1.650826048389971972e+09,1.898180000000000121e+02,-1.196767449378967507e+00,2.950547451260170442e-02
1.650826048589948893e+09,2.167290000000000134e+02,-1.169972181320190874e+00,8.478705717182449808e-02
1.650826048790235043e+09,1.598950000000000102e+02,-1.123580098152160645e+00,1.167847636832067826e-01
1.650826048989980936e+09,1.463559999999999945e+02,-1.109583616256713867e+00,1.090137746979765454e-01
1.650826049189960957e+09,1.442539999999999907e+02,-1.106110453605652078e+00,1.100513922675813022e-01
1.650826049389904022e+09,1.316140000000000043e+02,-1.114834547042846680e+00,6.483496889792043916e-02
1.650826049589998007e+09,1.436999999999999886e+02,-1.082280755043029785e+00,4.857317592613104307e-02
1.650826049790286064e+09,1.559780000000000086e+02,-1.039396524429321289e+00,7.799860475480274724e-02
1.650826049990015984e+09,1.461380000000000052e+02,-1.034612655639648438e+00,7.946291350016428112e-02
1.650826050189933062e+09,1.444420000000000073e+02,-1.050087213516235574e+00,6.942598027200519439e-02
1.650826050389997005e+09,1.444910000000000139e+02,-1.068741559982299805e+00,5.122959725006068221e-02
1.650826050589997053e+09,1.421299999999999955e+02,-1.068481683731079102e+00,1.533579773042647101e-02
1.650826050790178061e+09,1.413240000000000123e+02,-1.082239389419555442e+00,-4.760969881757343147e-02
1.650826050990071058e+09,1.422570000000000050e+02,-1.112536311149597390e+00,-8.659745275347603688e-02
1.650826051189887047e+09,1.595219999999999914e+02,-1.226888537406921609e+00,-1.757372341984151931e-01
1.650826051389880896e+09,1.515900000000000034e+02,-1.226888537406921609e+00,-1.757372341984151931e-01
1.650826051589871883e+09,1.897990000000000066e+02,-1.270913243293762207e+00,-2.097883123789487381e-01
1.650826052189889908e+09,1.364480000000000075e+02,-1.222849965095520242e+00,4.751346037062125979e-03
1.650826052389853001e+09,1.511579999999999870e+02,-1.199229478836059792e+00,8.904727062206002630e-02
1.650826052589931011e+09,1.534730000000000132e+02,-1.186180233955383523e+00,8.911221520566373067e-02
1.650826052790209055e+09,1.544490000000000123e+02,-1.153331995010376199e+00,9.985795601907863916e-02
1.650826052990258932e+09,1.594720000000000084e+02,-1.142177343368530495e+00,9.488337464807690413e-02
1.650826053189845085e+09,1.639439999999999884e+02,-1.135513901710510254e+00,8.445876694109290261e-02
1.650826053389915943e+09,1.605099999999999909e+02,-1.136719703674316628e+00,6.944665174882076741e-02
1.650826053589915991e+09,1.707150000000000034e+02,-1.130867719650268555e+00,6.145458205798249446e-02
1.650826053790143013e+09,1.600339999999999918e+02,-1.124233484268188477e+00,3.233516149432489467e-02
1.650826053989953995e+09,1.610680000000000121e+02,-1.082708954811096191e+00,5.560720644087516207e-02
1.650826054189873934e+09,1.541009999999999991e+02,-1.066978812217712402e+00,7.751176000474852001e-02
1.650826054389965057e+09,1.406800000000000068e+02,-1.051359295845031738e+00,8.834886253149332180e-02
1.650826054589929104e+09,1.351349999999999909e+02,-1.047801613807678223e+00,8.990750068430759800e-02
1.650826054790221930e+09,1.363739999999999952e+02,-1.087362051010131614e+00,1.582192097018012694e-02
1.650826054989917994e+09,1.384989999999999952e+02,-1.152858972549438477e+00,-1.010244711400522799e-01
1.650826055189847946e+09,1.325749999999999886e+02,-1.220671296119690163e+00,-1.992073178770885356e-01
1.650826055389929056e+09,1.554850000000000136e+02,-1.273633837699889915e+00,-2.509550481571061198e-01
1.650826055589962959e+09,1.566239999999999952e+02,-1.310716748237609641e+00,-2.643377336154172919e-01
1.650826055790194988e+09,1.499060000000000059e+02,-1.317911148071289285e+00,-2.306054522010106689e-01
1.650826055989917040e+09,1.353930000000000007e+02,-1.327211618423461692e+00,-1.835356784857919976e-01
1.650826056189965010e+09,1.488909999999999911e+02,-1.381337642669677956e+00,-1.784271548472661506e-01
1.650826056389949083e+09,1.654199999999999875e+02,-1.420564651489258035e+00,-1.632031780887511774e-01
1.650826056589828014e+09,1.965790000000000077e+02,-1.433028101921081765e+00,-1.359076102391079954e-01
1.650826056790165901e+09,1.508180000000000121e+02,-1.439549446105957031e+00,-1.351564428912185034e-01
1.650826056990045071e+09,1.445929999999999893e+02,-1.455122232437133567e+00,-8.201930617457772743e-02
1.650826057189868927e+09,1.799230000000000018e+02,-1.517929911613464355e+00,-1.145488878186401438e-01
1.650826057389889002e+09,1.944579999999999984e+02,-1.587414503097534180e+00,-1.928840256585541701e-01
1.650826057589879990e+09,1.833789999999999907e+02,-1.601112246513366921e+00,-1.681082728338827992e-01
1.650826057790163040e+09,1.736519999999999868e+02,-1.581495165824890359e+00,-1.420102867166444516e-01
1.650826057989866972e+09,1.774610000000000127e+02,-1.584122538566589578e+00,-1.410656400930330734e-01
1.650826058189801931e+09,1.502620000000000005e+02,-1.557248950004577859e+00,-3.932813365212501494e-02
1.650826058389847040e+09,1.528019999999999925e+02,-1.536102294921875000e+00,5.132200930820843277e-02
1.650826058589795113e+09,1.597680000000000007e+02,-1.536619305610656960e+00,4.981831242428581830e-02
1.650826058790132999e+09,1.589859999999999900e+02,-1.555977582931518333e+00,3.125358242618298671e-02
1.650826058989861012e+09,1.635980000000000132e+02,-1.561665058135986772e+00,1.571232134254008095e-02
1.650826059189770937e+09,1.678259999999999934e+02,-1.557023525238037109e+00,-2.461257285952658108e-02
1.650826059389874935e+09,1.783619999999999948e+02,-1.553954482078552468e+00,-2.377152275527171302e-02
1.650826059589860916e+09,1.893009999999999877e+02,-1.549024939537048340e+00,-1.459490601792688518e-02
1.650826059989912987e+09,1.869619999999999891e+02,-1.529391765594482422e+00,3.585962811570371500e-02
