timestamp,updated_heading
1650825680.396183,320.187
1650825681.396242,320.187
1650825681.796537,-39.680016216859826
1650825682.99634,315.808
1650825683.196193,28.831
1650825683.396204,27.062
1650825683.59618,27.147992081650443
1650825683.796467,27.11014600345942
1650825683.996199,28.17053970229304
1650825684.196195,29.689765019000617
1650825684.396181,32.06017534026438
1650825684.596166,34.57934035146184
1650825684.796578,38.79862140934557
1650825684.996174,41.26907351138249
1650825685.196172,43.43947540318072
1650825685.396217,45.48680411632455
1650825685.596175,47.19295805023705
1650825685.796447,49.78417472698902
1650825685.996279,296.38369898266967
1650825686.196228,302.3703979653393
1650825686.396157,308.3570969480089
1650825686.596171,314.34379593067865
1650825686.796463,320.3304949133483
1650825686.9962,326.3171938960179
1650825687.196171,332.3038928786875
1650825687.596118,338.29059186135714
1650825687.79644,345.4671619871099
1650825687.996142,346.6570331301929
1650825688.196132,347.84690427327587
1650825688.396122,349.03677541635886
1650825688.596087,350.22664655944186
1650825688.796372,351.41651770252486
1650825688.996165,352.60638884560785
1650825689.196029,353.79625998869085
1650825689.396133,354.98613113177385
1650825689.5961,356.17600227485684
1650825689.796407,357.36587341793984
1650825689.996192,358.55574456102295
1650825690.196083,359.74561570410583
1650825690.396057,0.9354868471889404
1650825690.596075,2.125357990271823
1650825690.796398,3.315229133354933
1650825690.996241,4.505100276437815
1650825691.196056,5.694971419520925
1650825691.396077,6.884842562603808
1650825691.596054,8.074713705686918
1650825691.796393,9.2645848487698
1650825691.996063,10.45445599185291
1650825692.196015,11.644327134935793
1650825692.396052,12.834198278018903
1650825692.59611,14.024069421101785
1650825692.79637,15.213940564184895
1650825692.996091,16.403811707267778
1650825693.196073,17.593682850350888
1650825693.396012,18.783553993433884
1650825693.595978,19.97342513651688
1650825693.796326,21.163296279599876
1650825693.996062,22.353167422682873
1650825694.196028,23.54303856576587
1650825694.396087,24.732909708848865
1650825694.596178,25.92278085193186
1650825694.796367,27.112651995014858
1650825694.996113,28.302523138097854
1650825695.39599,29.49239428118085
1650825695.596029,30.682265424263846
1650825695.796341,31.872136567346843
1650825695.996046,33.06200771042984
1650825696.595951,34.251878853512835
1650825697.796299,35.44174999659583
1650825697.995964,36.63162113967883
1650825698.195901,37.821492282761824
1650825698.595966,39.01136342584482
1650825698.995973,40.201234568927816
1650825699.195881,41.39110571201081
1650825699.395916,42.58097685509392
1650825699.595923,43.770847998176805
1650825699.796261,44.960719141259915
1650825699.99595,46.1505902843428
1650825700.195881,47.34046142742591
1650825700.395906,48.53033257050879
1650825700.595924,49.7202037135919
1650825700.796232,50.91007485667478
1650825700.996033,52.09994599975789
1650825701.195936,53.289817142840775
1650825701.39595,54.479688285923885
1650825701.595936,55.66955942900677
1650825701.796173,56.85943057208988
1650825701.995968,58.04930171517276
1650825702.195951,59.23917285825587
1650825702.395848,60.42904400133875
1650825702.595921,61.61891514442186
1650825702.796256,62.80878628750486
1650825702.996007,63.998657430587855
1650825703.195802,65.18852857367085
1650825703.395839,66.37839971675385
1650825703.595805,67.56827085983684
1650825703.79623,68.75814200291984
1650825703.99586,69.94801314600284
1650825704.195816,71.13788428908583
1650825704.395868,72.32775543216883
1650825704.595906,73.51762657525182
1650825704.796175,74.70749771833482
1650825704.995948,75.89736886141782
1650825705.195829,77.08724000450081
1650825705.395817,78.27711114758381
1650825705.595805,79.4669822906668
1650825705.796179,80.6568534337498
1650825705.995939,81.8467245768328
1650825706.195863,83.0365957199158
1650825706.395837,84.22646686299879
1650825706.595727,85.41633800608179
1650825706.796111,86.60620914916478
1650825706.995886,87.79608029224778
1650825707.195794,88.98595143533078
1650825707.395813,90.17582257841377
1650825707.595833,91.36569372149688
1650825707.796066,92.55556486457976
1650825707.995748,93.74543600766287
1650825708.195797,94.93530715074576
1650825708.395717,96.12517829382887
1650825708.595759,96.80588538444567
1650825708.79611,97.48659247506248
1650825708.995863,98.16729956567929
1650825709.1957,98.84800665629615
1650825709.395745,99.52871374691296
1650825709.595758,99.65128832175799
1650825709.796055,100.72127843637554
1650825709.995791,101.25281741796425
1650825710.195723,101.61595125537713
1650825710.395742,102.49301584669848
1650825710.595722,103.2487899387387
1650825710.796052,106.02733821385664
1650825711.195654,111.93647637429314
1650825711.395753,110.99009902327452
1650825711.595747,108.62565145715621
1650825711.796034,102.35261447811968
1650825711.995747,99.14707009684935
1650825712.195647,94.97641998585613
1650825712.396032,90.63671905043941
1650825712.595689,86.52375671717618
1650825712.795997,83.43215355164
1650825712.995742,80.19323686608493
1650825713.195624,75.80755873964142
1650825713.395654,68.56153399257994
1650825713.595691,65.35374930926179
1650825713.79604,61.05995088753326
1650825713.995879,56.586873660470246
1650825714.195848,53.57276582125695
1650825714.395706,50.59674311685569
1650825714.595717,43.980051999919226
1650825714.795982,40.97539714251718
1650825715.195628,40.731887238227955
1650825715.395638,40.590748209218816
1650825715.595626,39.96246642822598
1650825715.795918,39.901240612506
1650825715.995697,39.89050355513075
1650825716.195647,40.0163566207774
1650825716.395563,39.1685252391037
1650825716.595621,38.10450470982079
1650825716.795969,36.83097495793686
1650825716.995667,36.55347803233758
1650825717.195552,37.35632578813761
1650825717.395609,38.510941946571506
1650825717.595711,37.516958177037964
1650825717.795889,33.25390926695286
1650825717.9957,30.71745021677691
1650825718.195649,29.567779115302017
1650825718.395655,29.576357832899532
1650825718.595551,29.737058523691587
1650825718.795874,28.753238075643026
1650825718.995561,27.229969286946755
1650825719.195476,348.237
1650825719.395582,352.673
1650825719.595588,329.978
1650825719.795939,322.889
1650825719.995685,324.359
1650825720.195739,327.091
1650825720.39554,332.511
1650825720.5955,337.151
1650825720.795841,-22.82502603601324
1650825720.995605,-22.528145033549436
1650825721.195499,-21.440478389359896
1650825721.395594,-20.744318188395596
1650825721.595542,-20.10977995412304
1650825721.795849,-18.908158433820972
1650825721.995604,-18.361470092653235
1650825722.195556,-18.729480685133467
1650825722.395445,-18.378286018389872
1650825722.595501,-18.433351003478492
1650825722.795904,-17.84535367821036
1650825722.995541,346.108
1650825723.195509,9.746
1650825723.595451,3.68
1650825724.195701,3.667254867008751
1650825724.395511,7.830241505753179
1650825724.595543,12.636864190744632
1650825724.795786,16.669544480503532
1650825724.995519,20.51439456808714
1650825725.195386,23.123021397033426
1650825725.395501,25.774050040347163
1650825725.795767,32.001515997241256
1650825725.995469,31.954633578778328
1650825726.195493,33.72908940439095
1650825726.395469,36.929770690972305
1650825726.595416,41.41739622096742
1650825726.795731,45.82124265060315
1650825726.995502,49.809335465460265
1650825727.195412,55.929417188223454
1650825727.39549,58.944959367162426
1650825727.595443,62.98333967715479
1650825727.795747,66.1092577130812
1650825727.995497,72.58825221635021
1650825728.195414,76.93748445338258
1650825728.395425,77.655501259691
1650825728.595435,77.9350609024196
1650825728.79572,77.79852542091106
1650825728.995447,76.92715720735754
1650825729.195338,76.49909559169447
1650825729.395417,76.31373791799865
1650825729.595419,76.11874967757313
1650825729.795696,76.11874967757313
1650825729.995381,76.31877859760613
1650825730.19535,76.63800797903417
1650825730.59615,76.7699125922855
1650825731.195417,76.76722149775247
1650825732.195435,76.79037583903886
1650825732.795658,76.77369651708563
1650825732.995384,77.32976953817308
1650825733.19568,76.98612906065142
1650825733.395344,74.68443727262712
1650825733.595357,70.60663675321115
1650825733.795626,64.81480026158039
1650825733.995464,64.81480026158039
1650825734.195327,60.54265353952081
1650825734.395256,56.12862648555608
1650825734.595544,52.020295020550066
1650825734.795644,48.63174255065837
1650825734.995374,46.681026863324405
1650825735.195359,46.701776978022906
1650825735.395343,46.64626120044903
1650825735.595341,47.134551424213214
1650825735.795659,47.015952019465146
1650825735.995326,45.83670619888409
1650825736.195292,45.59165267184238
1650825736.395341,45.40147288459252
1650825736.595347,45.402347148806314
1650825736.795598,45.099619504413
1650825736.995256,44.850385901599225
1650825737.195188,44.56950120217164
1650825737.395276,44.52328814224734
1650825737.595274,44.301115748925156
1650825737.795524,44.2353000460829
1650825737.995293,44.142928567747674
1650825738.195266,44.113804641126706
1650825738.39524,44.04297557943369
1650825738.595321,44.08585550704299
1650825738.795626,44.03555799399504
1650825738.995283,43.94522191203248
1650825739.195266,43.657848532893354
1650825739.395278,44.35835273416984
1650825739.595268,44.494847234543386
1650825739.795507,44.540718785009176
1650825739.995217,44.8896185081918
1650825740.195233,44.8896185081918
1650825740.395147,44.82357057891778
1650825740.595258,44.64892264184056
1650825740.995284,44.9243978314455
1650825741.195224,44.98739949634967
1650825741.39524,44.78395548173171
1650825741.595229,42.40801953742937
1650825741.795604,39.88575362034874
1650825741.995287,41.74747194279746
1650825742.195214,45.60038165360163
1650825742.395202,50.24082583608663
1650825742.595316,55.071968900198385
1650825742.795479,58.53580371512197
1650825742.99516,62.83239249649756
1650825743.195108,66.02342955597084
1650825743.395109,72.52891153284116
1650825743.595227,75.75740534972277
1650825743.795419,79.15031548030498
1650825743.995172,83.35268498980366
1650825744.195126,91.08440448874472
1650825744.395256,94.32446864608039
1650825744.595318,98.73207167975966
1650825744.795428,102.9345094911501
1650825744.995151,105.894809100082
1650825745.195088,105.70804440741716
1650825745.395097,105.84998939874839
1650825745.595248,106.22574542574745
1650825745.795431,106.39585811721582
1650825745.995206,106.50212220032284
1650825746.195103,106.55287050585599
1650825746.395111,106.44976197014552
1650825746.995208,106.49577012439471
1650825747.195093,106.483407481997
1650825747.395107,106.476618273962
1650825747.59513,106.50482695523414
1650825748.195055,106.45198861181495
1650825748.395035,106.3072569033024
1650825748.59519,104.99883854513809
1650825748.795402,99.58120079737563
1650825749.395109,99.35061361099605
1650825749.595223,99.40044667118042
1650825749.795406,99.4156643326512
1650825750.195,99.39700425583874
1650825750.595067,99.40091112404394
1650825750.995111,99.34580515782028
1650825751.395025,99.37405482022751
1650825751.795317,99.388056708026
1650825751.995099,99.388056708026
1650825752.195047,99.42428403138376
1650825752.39505,99.37007965013055
1650825753.194935,99.43237097536104
1650825753.595001,99.44232939117097
1650825753.795304,99.45854426026057
1650825753.995035,99.43899625885598
1650825754.394986,99.411197388934
1650825754.795322,99.36905512175503
1650825754.995019,99.34352387463753
1650825755.194909,99.33017768499934
1650825755.594997,99.35583187552191
1650825755.795266,99.36139164950629
1650825756.795252,99.40148485993421
1650825756.995066,99.40118433161075
1650825757.594962,99.29427821072176
1650825758.194957,99.32734998668292
1650825758.394887,99.33129783602323
1650825758.795203,99.26076930265367
1650825758.994921,99.1299028781562
1650825759.19482,97.90117916722761
1650825759.395013,97.9715437760571
1650825759.594854,98.44397430056853
1650825759.795247,99.56942555124652
1650825759.994881,102.71270592804308
1650825760.194838,106.9511115156028
1650825760.394865,111.97296712171965
1650825760.594805,116.58785273633049
1650825760.795251,117.85153335543117
1650825760.994997,118.45970705950748
1650825761.194878,118.89372460012675
1650825761.394906,118.17311232193373
1650825761.594883,116.38643045770681
1650825761.79513,116.3033616970211
1650825761.994921,116.3033616970211
1650825762.194923,116.13094040161332
1650825762.394886,115.76577116782772
1650825762.594845,115.51086850800283
1650825762.795183,114.49744602009145
1650825762.994876,114.06771783827082
1650825763.194822,113.73929502221995
1650825763.394877,112.6611633221118
1650825763.594757,112.15138532321873
1650825763.795102,111.80553186440596
1650825763.994814,111.13484826904579
1650825764.194834,110.4684950136193
1650825764.394739,109.01265385240941
1650825764.594795,104.1984223366826
1650825764.795086,100.74606223956465
1650825764.994805,99.44685097640149
1650825765.194735,97.86071712658446
1650825765.395016,94.51858262229212
1650825765.594835,91.0539418450465
1650825765.795159,83.46008288431295
1650825765.995013,80.17080038381823
1650825766.194864,77.1012177481661
1650825766.394964,75.64835454943437
1650825766.595133,74.43017665058426
1650825766.994788,69.45333199109774
1650825767.194744,69.39829432676578
1650825767.394788,68.65057985794618
1650825767.594731,67.98421294214137
1650825767.795079,66.51243011940869
1650825767.994758,65.39507947308635
1650825768.194696,64.95328917719155
1650825768.394737,61.890263523142664
1650825768.59473,53.684374989175296
1650825768.795084,49.97683902466565
1650825768.994823,45.30988004782267
1650825769.194647,37.416831480685914
1650825769.394795,33.89327349165973
1650825769.594729,30.449737998949388
1650825769.795069,24.520924222975225
1650825769.994774,23.02550427498636
1650825770.194705,21.53008432699744
1650825770.394749,20.034664379008518
1650825770.79506,18.539244431019654
1650825770.994765,17.043824483030733
1650825771.194719,15.548404535041811
1650825771.39467,14.052984587052947
1650825771.594629,12.557564639064026
1650825771.795073,11.062144691075105
1650825771.994729,9.56672474308624
1650825772.194654,8.07130479509732
1650825772.394697,6.575884847108398
1650825772.59465,5.080464899119534
1650825772.795006,3.5850449511306124
1650825772.994659,2.089625003141691
1650825773.194662,0.5942050551528268
1650825773.394599,359.0987851071639
1650825773.594591,357.603365159175
1650825773.794997,356.1079452111861
1650825773.994742,354.6125252631972
1650825774.194598,353.1171053152083
1650825774.394625,351.6216853672194
1650825774.594783,350.1262654192305
1650825774.79491,348.63084547124157
1650825774.994625,347.1354255232527
1650825775.194547,345.6400055752638
1650825775.394573,344.14458562727486
1650825775.594568,342.649165679286
1650825775.794992,341.1537457312971
1650825775.994738,339.65832578330816
1650825776.19461,337.98634004768473
1650825776.394622,337.80977426005006
1650825776.594593,337.6332084724154
1650825776.794949,337.45664268478083
1650825776.994693,337.2800768971463
1650825777.194617,337.1035111095116
1650825777.394582,336.92694532187693
1650825777.594603,336.75037953424237
1650825777.994575,336.5738137466078
1650825778.594549,336.39724795897314
1650825778.794905,336.22068217133847
1650825778.994506,336.0441163837039
1650825779.394584,335.86755059606935
1650825779.594553,335.6909848084347
1650825779.794987,335.5144190208
1650825779.9946,335.33785323316545
1650825780.194553,335.1612874455309
1650825780.394517,334.9847216578962
1650825780.594577,334.80815587026154
1650825780.794907,334.631590082627
1650825780.994607,334.4550242949924
1650825781.194544,334.27845850735775
1650825781.394525,334.1018927197231
1650825781.594509,333.9253269320885
1650825781.79482,333.74876114445397
1650825781.994595,333.5721953568193
1650825782.19466,333.3956295691846
1650825782.394528,333.21906378155006
1650825782.594438,333.0424979939155
1650825782.794801,332.86593220628083
1650825782.994538,332.68936641864616
1650825783.194428,332.5128006310116
1650825783.394413,332.33623484337704
1650825783.594453,332.15966905574237
1650825783.794799,331.9831032681077
1650825783.994496,331.80653748047314
1650825784.19445,331.6299716928386
1650825784.394491,331.4534059052039
1650825784.594461,331.27684011756924
1650825784.794779,331.1002743299347
1650825784.994661,330.9237085423001
1650825785.194389,330.74714275466545
1650825785.394434,330.5705769670308
1650825785.594456,330.3940111793962
1650825785.794782,330.21744539176166
1650825785.994497,330.040879604127
1650825786.194501,329.8643138164923
1650825786.394388,329.68774802885775
1650825786.594388,329.5111822412232
1650825786.794751,329.3346164535885
1650825786.994491,329.15805066595397
1650825787.194333,328.9814848783193
1650825787.394358,328.80491909068473
1650825787.594521,328.62835330305006
1650825787.794785,328.4517875154155
1650825787.994501,328.27522172778095
1650825788.19445,328.0986559401463
1650825788.394451,327.9220901525116
1650825788.594403,327.74552436487704
1650825788.794743,327.5689585772425
1650825788.994523,327.3923927896078
1650825789.194367,327.21582700197314
1650825789.394388,327.0392612143386
1650825789.594329,326.862695426704
1650825789.794704,326.68612963906935
1650825789.994422,326.5095638514347
1650825790.19441,326.3329980638001
1650825790.394334,326.15643227616556
1650825790.594316,325.9798664885309
1650825790.794679,325.8033007008962
1650825790.994487,325.62673491326166
1650825791.19437,325.4501691256271
1650825791.394351,325.2736033379924
1650825791.594376,325.09703755035775
1650825791.794734,324.9204717627232
1650825791.994457,324.74390597508864
1650825792.194758,324.56734018745396
1650825792.394365,324.3907743998193
1650825792.594364,324.21420861218473
1650825792.794732,324.0376428245502
1650825792.994319,323.8610770369155
1650825793.194272,323.68451124928083
1650825793.39432,323.5079454616463
1650825793.594339,323.3313796740117
1650825793.794661,323.15481388637704
1650825793.994373,322.97824809874237
1650825794.194302,322.8016823111078
1650825794.394373,322.62511652347325
1650825794.594396,322.4485507358386
1650825794.794644,322.2719849482039
1650825794.994373,322.09541916056935
1650825795.194351,321.9188533729348
1650825795.394298,321.7422875853001
1650825795.594295,321.56572179766545
1650825795.794617,321.3891560100309
1650825795.994301,321.21259022239633
1650825796.594376,321.03602443476166
1650825796.994265,320.859458647127
1650825797.194218,320.6828928594924
1650825797.394245,320.50632707185787
1650825797.594213,320.538098054932
1650825797.994267,320.5698690380061
1650825798.194183,320.60164002108036
1650825798.394281,-39.366588995845575
1650825798.59421,-39.32369540785783
1650825798.794662,-39.176723397297565
1650825798.99437,-39.07603274855319
1650825799.194258,-38.96605304253768
1650825799.394365,-38.956716173942254
1650825799.594215,-38.93632122908059
1650825799.79449,-39.22913143879907
1650825799.994281,-39.980021945582735
1650825800.194211,-40.617292255523296
1650825800.394177,337.11
1650825800.594186,-20.021395680675596
1650825800.794553,-19.701189582196093
1650825800.99424,-19.577761233704905
1650825801.194192,-19.01223523080614
1650825801.394292,313.521
1650825801.594139,-44.997907629428596
1650825801.79448,-43.01812948717617
1650825801.994207,-43.51064076784746
1650825802.39416,-47.16662246450181
1650825802.594204,-47.326025419351595
1650825802.794487,-47.48337248726119
1650825802.994179,-47.4920263369396
1650825803.194303,-47.674897821777506
1650825803.394136,-47.61739445915515
1650825803.59413,-47.49128184632008
1650825803.794426,-47.44065648419189
1650825803.994329,-47.399709500117694
1650825804.194295,-47.5234110561758
1650825804.394139,-47.21952227962362
1650825804.594254,-47.022457661690396
1650825804.794482,-47.15126136905843
1650825804.994194,-47.18466782428902
1650825805.194164,-47.064395023194265
1650825805.394166,-47.16591895501733
1650825805.594119,-47.009295887159794
1650825805.794425,-47.03432853046786
1650825805.994172,-47.177448314336345
1650825806.19415,-47.168876426927966
1650825806.394046,-47.325547306109684
1650825806.594124,-47.31806824896853
1650825806.794505,-47.510829847724665
1650825806.994137,-47.541934529204866
1650825807.194045,-47.58163841885016
1650825807.394147,301.883
1650825807.994095,-57.985969650962545
1650825808.194048,-58.04184742856245
1650825808.394083,-58.15875294639636
1650825808.594022,-58.529755161733135
1650825808.794396,-58.529755161733135
1650825808.994109,-59.72039373784975
1650825809.194129,-60.229591170663355
1650825809.394041,-60.72835207442523
1650825809.594077,-60.85648642325464
1650825809.794469,-60.9304027304525
1650825809.994155,-61.55686768112611
1650825810.194225,-62.06892013301274
1650825810.394095,-62.93711230860225
1650825810.594043,-62.93711230860225
1650825810.794383,-63.77307282149849
1650825810.994156,-63.792962332361526
1650825811.194113,-64.09422148608331
1650825811.394018,-64.52727597002956
1650825811.593969,323.305
1650825811.994018,-36.56004229218968
1650825812.193975,-36.57426957623085
1650825812.393965,-36.67924275358473
1650825812.59399,-36.943468621626664
1650825812.794328,-36.840633293482995
1650825812.993991,-37.108704558027625
1650825813.194022,295.824
1650825813.593936,22.13
1650825814.39396,334.247
1650825815.594005,343.922
1650825815.794258,320.643
1650825816.394045,-39.33357245114689
1650825816.594078,24.577
1650825817.393868,357.405
1650825818.193898,-2.520223088966759
1650825818.993889,-2.530741580288577
1650825819.393803,18.527
1650825819.794219,325.256
1650825819.993932,-34.729328753662855
1650825820.393903,-34.69827871369597
1650825821.593829,-34.712984110978994
1650825821.993897,318.704
1650825822.393765,326.182
1650825822.993982,305.232
1650825823.193747,-54.77961815177815
1650825823.993836,-54.81051109739411
1650825824.193791,-54.5978873085316
1650825824.39373,-54.590708779713964
1650825824.593728,-54.596610063156845
1650825824.794106,-54.39654016198881
1650825824.993916,-54.49329662177121
1650825825.19369,-54.481589677533805
1650825825.393789,-54.39434767126528
1650825825.593877,-54.33150310071193
1650825825.794101,-54.29371166403428
1650825825.993882,-54.40339084172632
1650825826.193802,332.261
1650825826.393846,-27.72404188571761
1650825826.794089,348.837
1650825826.993757,311.605
1650825827.193708,-48.37367614941121
1650825827.393724,-47.9974010280352
1650825827.593733,-45.531552473498834
1650825827.794015,-41.33535062482065
1650825827.993708,-37.0609021290108
1650825828.193726,-32.677095474399835
1650825828.39364,-28.64568559982655
1650825828.593667,-25.744733504592887
1650825828.794023,-22.284996803171225
1650825828.993842,-18.617444766062818
1650825829.794002,-18.491714643821297
1650825829.993781,-18.320413499437336
1650825830.19376,-17.978343965424756
1650825830.393709,-17.737709570776133
1650825830.593718,-17.99005773985141
1650825830.794006,-17.8909926761296
1650825830.993805,-16.39636287062308
1650825831.193699,-16.188861723638183
1650825831.393712,-16.101606056991272
1650825831.59373,-16.198150780909373
1650825831.793986,-16.097234735922484
1650825831.993713,-15.86669536086697
1650825832.193641,-15.765376334719008
1650825832.39368,-15.683543838273067
1650825832.593693,-15.726710633827565
1650825832.793939,-15.623772852846287
1650825832.993768,-15.575859075818698
1650825833.193643,-15.512618354293522
1650825833.393602,-15.320614906535297
1650825833.593665,-15.19765101090752
1650825833.793934,-15.183690104244079
1650825833.993742,-15.305240150713644
1650825834.193818,-15.06298700123159
1650825834.393665,-15.072187266043557
1650825834.593755,-14.896460159077492
1650825834.793914,-14.858552609183903
1650825834.993718,-14.895961555268059
1650825835.193598,-15.10362662679313
1650825835.393552,-15.153295762437438
1650825835.593616,-15.214733314021714
1650825835.793932,-15.25354244888581
1650825835.993623,-15.125578854785545
1650825836.193586,-15.079297492969545
1650825836.393588,-15.182781689084436
1650825836.593599,-15.359000569670798
1650825836.793938,-17.537605518662303
1650825836.993556,-17.792719914351437
1650825837.193597,-17.792719914351437
1650825837.393591,-18.50027970104054
1650825837.593568,-18.912256221208168
1650825837.793898,-19.350030365870907
1650825837.993578,-19.785441265080863
1650825838.193507,-20.01998313099
1650825838.393546,-20.18565619949777
1650825838.59349,-19.74430303570989
1650825839.193485,-20.035091509434096
1650825839.393569,-20.06431788889256
1650825839.793806,-20.055343020323107
1650825840.193552,-20.082622795868247
1650825840.39348,-20.085689550805455
1650825840.593465,-20.21924023964675
1650825840.793852,-24.199307582229153
1650825840.993523,-24.94793046620839
1650825841.19343,-24.866630724517677
1650825841.393438,-25.303168604940765
1650825841.593474,-26.41023981656224
1650825841.793788,-26.827311657850714
1650825841.993542,-27.972051362744878
1650825842.193522,-32.30508239106592
1650825842.393439,-35.64991482008037
1650825842.593471,-38.9371482638241
1650825842.793868,-41.720976275170415
1650825842.993511,-44.00374160900452
1650825843.19346,-47.57971446972141
1650825843.393488,-50.251404435274424
1650825843.593606,-52.07225773591898
1650825843.793777,-55.6967727510671
1650825843.993484,-59.200885191526254
1650825844.193472,-62.84135552857555
1650825844.393401,-68.86514524441992
1650825844.593911,-72.02241384863663
1650825844.99357,-76.4140069189014
1650825845.193384,-76.66746157862224
1650825845.393498,-77.17528614341268
1650825845.593448,-77.98597495637983
1650825845.793766,-78.49247446447129
1650825845.993621,-78.64051198454212
1650825846.193504,-78.81285131767987
1650825846.393557,-78.80529712845788
1650825846.593466,-78.78360444765389
1650825846.793695,-82.65406774462502
1650825846.993496,-88.55712703670025
1650825847.193454,-90.91494931932368
1650825847.393506,-98.45934405008796
1650825847.593425,-101.91592520411302
1650825847.793695,-107.6501695406622
1650825847.993631,-109.95912864996336
1650825848.193437,-114.73196921931986
1650825848.393392,-119.2804790555765
1650825848.593336,-121.324057994866
1650825848.793687,-123.6488904637983
1650825848.993357,-127.85000321848969
1650825849.193295,-136.69478764742007
1650825849.393405,-140.13884223450725
1650825849.593354,-144.30439702437968
1650825849.793719,-148.45827219077125
1650825849.993383,-153.07213327700663
1650825850.193295,-157.62505541546705
1650825850.393354,-160.58808710006696
1650825850.593404,-166.4331034445754
1650825850.793651,-166.84583811574095
1650825850.993355,-167.33501626409725
1650825851.193313,-170.65767106887665
1650825851.593302,-175.97978179090728
1650825851.793652,-175.4493356395858
1650825851.99345,-177.48832469175295
1650825852.193294,178.4529036958586
1650825852.393406,176.56820861704205
1650825852.593309,176.47417057254927
1650825852.793656,176.5667059754246
1650825852.993418,176.17768572105734
1650825853.19329,174.8545551354208
1650825853.393383,173.4523172988172
1650825853.593295,172.64625935410731
1650825853.793616,172.03878232932635
1650825853.993296,172.18768045323264
1650825854.193345,172.233934494292
1650825854.393218,171.09449501619378
1650825854.593343,170.21607804741677
1650825854.793647,170.08543018897274
1650825854.993356,170.015133882035
1650825855.193219,169.5002742223994
1650825855.393378,169.4471353506567
1650825855.593369,168.67786480481652
1650825855.793605,167.50651468291602
1650825855.993286,166.57065582321923
1650825856.193267,165.7614013499778
1650825856.393279,165.10014341567216
1650825856.59324,156.17939043506942
1650825856.793594,154.76485825795976
1650825856.993327,155.53235295461576
1650825857.193174,158.97954259853202
1650825857.393165,162.81504215714187
1650825857.593245,163.22937509257315
1650825857.793502,162.94487722307463
1650825857.993342,162.83067646015206
1650825858.193266,162.88193019968378
1650825858.393249,162.67828810957985
1650825858.593242,162.39902216498558
1650825858.793547,164.02360314964062
1650825858.993398,164.6739122907067
1650825859.193246,164.83294641534127
1650825859.393226,169.15017238592293
1650825859.59317,169.9959137297106
1650825859.793495,169.24942869494157
1650825859.993366,169.1941861249345
1650825860.193187,171.31027435245278
1650825860.393187,174.95637959556734
1650825860.593238,177.61024959757583
1650825860.793459,176.64806718881778
1650825860.993288,175.22790693583204
1650825861.193185,175.1316559100482
1650825861.393248,174.89742140265184
1650825861.59313,174.78614396069395
1650825861.793501,171.58581784394948
1650825861.993278,168.49644132008268
1650825862.193177,168.11774831174046
1650825862.393113,168.8420488920853
1650825862.593155,170.52787618302784
1650825862.793518,170.510445540266
1650825862.993264,170.56585203481313
1650825863.193121,172.16911599906854
1650825863.593185,172.29469585714844
1650825863.793471,172.1786646035282
1650825863.993131,170.8417233753899
1650825864.193133,169.605554758266
1650825864.393113,168.87654134739387
1650825864.593122,166.96974377642306
1650825864.793453,167.25321028735692
1650825864.993264,167.30690923461157
1650825865.193147,209.424
1650825865.39319,204.514
1650825865.593145,202.641
1650825865.79336,196.69
1650825865.993224,192.11
1650825866.193146,185.822
1650825866.393111,212.24
1650825866.593113,201.39
1650825866.793375,192.015
1650825866.99331,183.785
1650825867.193082,255.479
1650825867.393077,198.147
1650825867.59304,207.437
1650825867.793318,-155.0989741067449
1650825867.99306,183.173
1650825868.193004,192.18
1650825868.393001,187.933
1650825868.592973,188.556
1650825868.793313,174.15
1650825868.993128,181.951
1650825869.192955,187.577
1650825869.392968,192.377
1650825869.59316,192.832
1650825869.793366,182.822
1650825869.993039,181.494
1650825870.192996,185.102
1650825870.392984,200.232
1650825870.593,192.043
1650825870.793369,188.931
1650825870.993193,187.562
1650825871.192972,185.928
1650825871.392913,183.582
1650825871.592908,182.694
1650825871.793299,192.425
1650825871.993176,195.352
1650825872.193083,191.772
1650825872.392944,191.366
1650825872.593026,191.683
1650825872.793269,192.101
1650825872.993017,189.635
1650825873.192943,-171.76161659091673
1650825873.392939,-171.55711389697734
1650825873.592943,-171.47183215500058
1650825873.793265,-172.14316461833198
1650825873.992951,-172.14316461833198
1650825874.19293,-178.76017675415943
1650825874.392996,-178.1281451993123
1650825874.593106,-175.0388438075264
1650825874.793265,-171.655004168162
1650825874.993105,-167.6899837323212
1650825875.192841,-164.53929943046438
1650825875.392925,-163.6315672897697
1650825875.593018,-161.05046612317852
1650825875.793232,-157.3450201965549
1650825875.992995,-153.0301574714261
1650825876.19296,-147.3117181926163
1650825876.392922,-141.73937666015308
1650825876.592915,-136.33669702667305
1650825876.793301,-127.5958853797543
1650825876.993087,-123.9688500248024
1650825877.192928,-121.18288416424588
1650825877.392975,-118.33756395980197
1650825877.592899,-115.34102336713397
1650825877.793483,-111.99586991922854
1650825877.993104,-105.27064709638057
1650825878.192878,-102.46406772490894
1650825878.392902,-99.38165799399553
1650825878.592865,-93.33479225666923
1650825878.79318,-89.28991324905269
1650825878.992949,-86.19686208341238
1650825879.192819,-84.57644068396189
1650825879.392837,-84.8401269670594
1650825879.592823,-84.47617350694611
1650825879.793172,-84.10943332965144
1650825879.99297,-84.10943332965144
1650825880.192829,-84.04624041945044
1650825880.392765,-84.25797628372084
1650825880.592842,-84.27551620950942
1650825880.793172,-84.1002808761636
1650825880.992876,-83.4660841513496
1650825881.192748,-83.1111465409407
1650825881.392803,-82.67106379233843
1650825881.592855,-82.18714488964304
1650825881.793185,-83.25907477798484
1650825881.992913,-86.634308378995
1650825882.192807,-88.85041789671902
1650825882.392766,-84.97203158031067
1650825882.592758,-81.23068617940947
1650825882.793089,-76.58057044905973
1650825882.99279,-71.02042763445417
1650825883.192764,-66.92694500070377
1650825883.392805,-60.88243249091761
1650825883.592721,-56.369221072291566
1650825883.793104,-51.909175846165
1650825883.99284,-47.44960873328023
1650825884.192805,-43.80585307524018
1650825884.392783,-36.373241220432305
1650825884.592886,-31.20486439624034
1650825884.793141,-31.20486439624034
1650825884.992815,-22.26060873470351
1650825885.192741,-18.297056789534395
1650825885.392784,-13.433989421241904
1650825885.592789,-6.087854591515679
1650825885.793037,-2.326353302373718
1650825885.993015,1.4372243642758349
1650825886.192769,2.331569334197411
1650825886.392767,2.248329818782395
1650825886.592748,2.670647245353507
1650825886.793045,3.3410508029577386
1650825886.992755,4.8957794429710475
1650825887.192627,7.247263310044673
1650825887.392751,7.955226077894849
1650825887.592724,7.964187286085917
1650825887.793068,8.767130664534307
1650825887.992799,9.329241572848105
1650825888.192702,9.645062689880262
1650825888.392725,9.843711911700893
1650825888.592732,10.19475631428287
1650825888.793012,11.096136379049426
1650825888.992756,11.416465420933832
1650825889.192656,11.607259925209007
1650825889.392692,11.995228330444036
1650825889.592644,12.349803940826916
1650825889.793033,11.604807887296943
1650825889.992814,11.588784263504124
1650825890.192701,11.671183665651142
1650825890.392692,11.65969528746723
1650825890.592737,12.012023765613094
1650825890.792992,12.115767508916463
1650825890.992828,12.18943109911504
1650825891.192665,12.53324916155509
1650825891.39261,12.920377453522292
1650825891.592637,12.426513795395351
1650825891.792961,12.112454867168992
1650825891.992784,12.023635087202138
1650825892.192628,11.609664151796835
1650825892.392676,11.382621833596488
1650825892.592657,11.395571872262792
1650825892.79292,11.400421306573492
1650825892.992737,11.50825633318965
1650825893.192902,11.466032103740645
1650825893.392597,11.376713719964414
1650825893.592606,11.175352913043241
1650825893.79301,11.037369431430648
1650825893.99267,10.873533683809569
1650825894.192621,10.883731156240401
1650825894.392571,10.866321004046029
1650825894.592689,10.343312928730597
1650825894.792933,9.616690084067955
1650825894.992752,9.244164736546281
1650825895.192574,9.117027595335685
1650825895.392575,8.484845776326893
1650825895.592566,7.415873359895613
1650825895.792856,7.119566093322192
1650825895.992662,7.113138885313219
1650825896.192599,7.012243330893739
1650825896.39273,6.418781854289705
1650825896.592641,6.2352341807238645
1650825896.792939,6.856501357439129
1650825896.992649,6.654430210844339
1650825897.192679,6.78275580497052
1650825897.392601,7.269939538089147
1650825897.592543,8.467934227941896
1650825897.792963,8.580591368111982
1650825897.992696,8.743600662843619
1650825898.192512,9.084918876047482
1650825898.39253,9.122068274943103
1650825898.59252,9.304290891809956
1650825898.792833,9.135831106120804
1650825898.992661,9.120217293678138
1650825899.192446,9.236337339757483
1650825899.392561,9.386266822228436
1650825899.592587,9.774221567085192
1650825899.793011,9.774221567085192
1650825899.99265,10.12313495064609
1650825900.19255,10.134862385451015
1650825900.392623,10.262416168201014
1650825900.592523,10.170556954053495
1650825900.792906,10.101490081166332
1650825900.992501,9.879071801034058
1650825901.192436,9.81263455097735
1650825901.392506,10.568203737342458
1650825901.592503,11.127534758663955
1650825901.792802,11.990112518755723
1650825901.992514,11.97001810221758
1650825902.192476,11.851630433333696
1650825902.392567,11.629785889091693
1650825902.592492,10.751082052369554
1650825902.792791,10.40259897072633
1650825902.992484,10.348162363041354
1650825903.192468,10.403480065129258
1650825903.392471,10.06775577685562
1650825903.592602,9.783155454519544
1650825903.792507,9.983512223632715
1650825903.992554,10.553716906112868
1650825904.192511,10.514661884438738
1650825904.39253,10.733303069960016
1650825904.592422,11.03522475203124
1650825904.792768,10.743801070714312
1650825904.992624,11.183822347614068
1650825905.192396,11.227972690409047
1650825905.392403,11.570465696150166
1650825905.59243,13.984999039452191
1650825905.79279,14.617645311324623
1650825905.992455,14.763947963346311
1650825906.192386,12.946789795042719
1650825906.392379,10.934151612693427
1650825906.592356,10.750105335318267
1650825906.792727,12.206998345660281
1650825906.992421,12.206998345660281
1650825907.192317,11.242848842421324
1650825907.392338,11.089401812527797
1650825907.592418,11.385388060210289
1650825907.792646,8.734161341410754
1650825907.992414,8.868538483141492
1650825908.192369,8.907388599140518
1650825908.392345,8.847665425037917
1650825908.59232,7.8072636899048575
1650825908.792607,7.794600519183632
1650825908.99237,7.9908796653623995
1650825909.192289,9.222301301013204
1650825909.392334,10.050707624687277
1650825909.592361,10.156773632308386
1650825909.792652,10.065993588049764
1650825909.992726,10.188226653436345
1650825910.192369,10.074176154675456
1650825910.392332,10.161889443996756
1650825910.592324,10.376780855663696
1650825910.792626,10.469726069889191
1650825910.99238,10.853070437056203
1650825911.192292,11.86193035860208
1650825911.392257,12.186029664908403
1650825911.592302,11.794345636764831
1650825911.792704,11.158099855199794
1650825911.992361,11.06320120687161
1650825912.192317,11.02159169444792
1650825912.392266,10.770035827316349
1650825912.592275,9.278076625775384
1650825912.792626,9.278076625775384
1650825912.992283,6.006422843528526
1650825913.192205,-4.129325167771185
1650825913.392264,-8.284614183320969
1650825913.592342,-10.778814853102062
1650825913.792587,-15.414272997492958
1650825914.192272,-25.34973254157103
1650825914.392218,-25.7187676624269
1650825914.792601,-25.583727992346553
1650825914.992257,-25.560669273708527
1650825915.192268,-25.718241737860808
1650825915.392264,-27.35664019520675
1650825915.592263,-30.439418756335385
1650825915.792546,-35.20164521172171
1650825915.992255,-37.464281978071824
1650825916.19225,-39.74146704735409
1650825916.392178,-43.81256032100515
1650825916.592236,-46.01054251667193
1650825916.792528,-48.074612023471445
1650825916.992256,-50.14205564372094
1650825917.19215,-52.66087914545989
1650825917.392215,-57.40253307106616
1650825917.592216,-58.99504631756804
1650825917.792528,-62.167723828552255
1650825917.992219,-65.92077617369091
1650825918.192207,-66.37598096111554
1650825918.39225,-65.88788198264808
1650825918.592181,-66.19387445746463
1650825918.792556,-65.76436484169756
1650825918.992202,-65.84381360212319
1650825919.192149,-66.09214561996646
1650825919.392293,-66.22176895003497
1650825919.592348,-66.27344616129528
1650825919.792505,-66.26361068889048
1650825920.392259,-66.28470231304749
1650825920.592144,-66.30945491859961
1650825921.592106,-66.42209839839143
1650825921.79243,-66.42209839839143
1650825922.392053,-66.85184024059032
1650825922.592081,-66.77043804606217
1650825922.792484,-66.80356446353665
1650825922.99212,-66.79035487768186
1650825923.192077,-66.77998665052178
1650825923.392126,-66.76613502688497
1650825923.5921,-66.74825359163788
1650825923.792406,-66.79816861409233
1650825923.992276,-66.90366771601236
1650825924.192152,-66.97334930592484
1650825924.392095,-67.03207527240863
1650825924.592104,-68.15767678724842
1650825924.792404,-71.23637089525329
1650825924.992118,-74.37053979969704
1650825925.192036,-76.51006923644684
1650825925.3921,-77.41261043337238
1650825925.592056,-78.81437015673407
1650825925.792411,-81.83929701559259
1650825925.992086,-87.3876372633124
1650825926.192147,-89.5053783966099
1650825926.392106,-91.71569591391767
1650825926.592095,-95.77046503545245
1650825926.792354,-98.46273800344039
1650825926.992147,-100.3722403293225
1650825927.19208,-102.54891233477883
1650825927.392082,-105.35131163047839
1650825927.792346,-115.77219954905854
1650825927.992055,-119.96269818977981
1650825928.191974,-122.92485561016593
1650825928.392025,-126.14942889846401
1650825928.592026,-132.5455458863441
1650825928.992085,-135.77323374090366
1650825929.191988,-136.1652865992624
1650825929.392135,-137.0084461315438
1650825929.592005,-137.08352357090058
1650825929.792371,-137.371593629335
1650825929.992054,-137.74054678792078
1650825930.191991,-137.6578331970719
1650825930.392245,-137.6578331970719
1650825930.591982,-137.6482026303422
1650825930.792416,-137.6469322151566
1650825930.992098,-137.6003639853954
1650825931.592235,-137.5982876078877
1650825931.792291,-137.591389116826
1650825931.991991,-137.54518971728004
1650825932.39197,-137.50255567648082
1650825932.992032,-137.51627069633423
1650825933.591928,-137.47975650503133
1650825933.792251,-137.84215268201388
1650825933.991947,-139.55998623940712
1650825934.191884,-146.75255792602405
1650825934.391985,-151.53556181686554
1650825934.592055,-155.91899964126134
1650825934.792278,-158.84744324790427
1650825934.992239,-161.6976402074156
1650825935.1919,-164.56315045104606
1650825935.391878,-169.87376596470352
1650825935.792228,-173.46229271311483
1650825935.991906,-173.69434155997692
1650825936.191921,-174.7853345062922
1650825936.391901,-175.28413639118907
1650825936.591831,-176.19896509843142
1650825936.792184,-176.7836975932762
1650825936.991893,-178.92360269043036
1650825937.19183,180.59
1650825937.39191,173.319
1650825937.591878,181.886
1650825937.792186,184.357
1650825937.991875,181.713
1650825938.191863,195.405
1650825938.391858,193.632
1650825938.591857,197.505
1650825938.792111,205.786
1650825938.991861,175.628
1650825939.191803,161.559
1650825939.391859,164.582
1650825939.591812,177.43
1650825939.792115,199.311
1650825939.991851,199.106
1650825940.191813,208.117
1650825940.392198,257.658
1650825940.591854,219.079
1650825940.79212,199.888
1650825940.991885,193.526
1650825941.191762,192.351
1650825941.391787,196.44
1650825941.591814,-164.73964197155294
1650825941.792048,193.094
1650825941.991795,187.263
1650825942.191942,189.391
1650825942.391897,193.101
1650825942.591872,187.505
1650825942.792135,190.42
1650825942.991965,184.027
1650825943.191776,181.037
1650825943.391724,186.42
1650825943.591736,188.168
1650825943.792083,201.405
1650825943.991846,229.189
1650825944.191754,194.347
1650825944.391747,183.724
1650825944.591794,179.795
1650825944.792088,189.904
1650825944.991878,188.043
1650825945.191765,189.106
1650825945.391746,190.599
1650825945.591754,192.454
1650825945.792043,193.249
1650825945.991834,189.36
1650825946.19179,181.176
1650825946.391767,190.007
1650825946.591681,191.397
1650825946.792063,189.032
1650825946.991805,200.383
1650825947.191634,198.46
1650825947.391698,197.177
1650825947.591693,192.843
1650825947.792022,196.152
1650825947.992048,190.112
1650825948.191739,189.459
1650825948.391652,191.855
1650825948.591688,188.78
1650825948.792011,190.076
1650825948.991713,197.972
1650825949.191544,205.225
1650825949.391678,195.038
1650825949.591682,195.189
1650825949.791985,193.242
1650825949.991677,191.944
1650825950.191642,188.227
1650825950.391587,189.928
1650825950.591734,192.357
1650825950.792026,192.948
1650825950.991655,192.046
1650825951.191678,192.783
1650825951.391663,191.22
1650825951.591638,208.094
1650825951.791943,202.816
1650825951.991752,185.218
1650825952.191655,206.542
1650825952.391626,188.792
1650825952.591709,187.417
1650825952.791897,184.46
1650825952.991654,189.446
1650825953.191522,193.323
1650825953.391624,191.118
1650825953.591624,193.441
1650825953.791898,210.337
1650825953.991679,198.29
1650825954.191779,182.14
1650825954.391557,188.186
1650825954.59159,187.884
1650825954.79187,187.226
1650825954.991629,188.267
1650825955.191808,194.953
1650825955.391487,187.111
1650825955.591537,210.2
1650825955.791825,224.193
1650825955.99163,182.441
1650825956.191473,184.41
1650825956.391503,185.224
1650825956.591624,-174.9778935616764
1650825956.791868,199.686
1650825956.991509,179.853
1650825957.191431,173.894
1650825957.391526,177.336
1650825957.59148,184.802
1650825957.791823,186.073
1650825957.991619,182.089
1650825958.191436,180.618
1650825958.391513,183.925
1650825958.591468,183.8
1650825958.791812,183.741
1650825958.991533,184.951
1650825959.191421,179.169
1650825959.391516,156.459
1650825959.591477,199.897
1650825959.791799,-160.8513360160341
1650825959.991842,182.223
1650825960.191475,166.997
1650825960.391474,189.51
1650825960.591478,-159.2471329657547
1650825960.791722,203.267
1650825960.991477,193.058
1650825961.191358,190.084
1650825961.391427,201.931
1650825961.591406,201.056
1650825961.791708,194.233
1650825961.991564,191.339
1650825962.191447,177.578
1650825962.391379,170.734
1650825962.591361,187.185
1650825962.791709,186.95
1650825962.991456,184.265
1650825963.191384,177.913
1650825963.391347,172.727
1650825963.591377,189.074
1650825963.79173,181.326
1650825963.991407,184.233
1650825964.191359,188.329
1650825964.391333,187.006
1650825964.591404,184.335
1650825964.791695,178.37
1650825964.991419,182.898
1650825965.191308,175.537
1650825965.391379,187.009
1650825965.59135,186.027
1650825965.791673,-174.1270890676755
1650825965.991409,-173.95918935749825
1650825966.19137,-175.0066261874764
1650825966.391316,164.025
1650825966.59131,163.13342808688162
1650825966.791756,166.8057066148956
1650825966.99132,171.24205791479142
1650825967.191335,176.33301454474133
1650825967.391308,156.734
1650825967.591338,173.752
1650825967.791671,187.029
1650825967.991363,185.384
1650825968.191358,-169.46848257353327
1650825968.391308,-164.2284980460829
1650825968.591328,-159.1466733790533
1650825968.791627,-154.5592314645276
1650825968.991394,-151.1536854839809
1650825969.191238,-147.99950412526903
1650825969.391336,-143.7186011006935
1650825969.591326,-139.96213366096987
1650825969.791642,-134.486343682614
1650825969.991355,-129.49118045577353
1650825970.191272,-121.16611878116771
1650825970.59148,-117.66342018986677
1650825970.791641,-117.90541379216029
1650825970.991332,-117.7543709888547
1650825971.191247,-117.72792449638837
1650825971.391278,-117.78528442503818
1650825971.591265,-117.81587001214143
1650825971.791594,-117.81391657803886
1650825971.991259,-117.92463394448475
1650825972.191333,-118.16672316942663
1650825972.391359,-118.3047612925526
1650825972.591353,-118.25954544024717
1650825972.791596,-118.22620045671908
1650825972.991275,-118.11526452421981
1650825973.191299,-117.91852775536677
1650825973.39124,-117.76745763130441
1650825973.591354,-117.60640177067546
1650825973.99129,-117.48112244091908
1650825974.191261,-117.19249230697278
1650825974.391217,-114.94881614575854
1650825974.591298,-111.50360042651243
1650825974.791639,-109.94392672954007
1650825974.991331,-106.23894525577998
1650825975.191188,-98.59458387632333
1650825975.3912,-95.21930929417817
1650825975.59122,-91.75149930915757
1650825975.791598,-86.83659080506482
1650825975.991318,-81.8167569349423
1650825976.19123,-74.82742435726823
1650825976.39132,-71.3143302180506
1650825976.591287,-66.71225803832272
1650825976.791473,-62.106845896090704
1650825976.991238,-58.56074145261425
1650825977.19117,-51.064041932824125
1650825977.39125,-51.064041932824125
1650825977.591337,-43.077822755219245
1650825977.791497,-38.60557881123498
1650825977.991231,-34.68070622733558
1650825978.191184,-32.92819579952618
1650825978.39123,-33.35007609399031
1650825978.59119,-33.0424238832054
1650825978.791475,-32.509634976998655
1650825978.991267,-30.699580205431857
1650825979.191177,-29.35606833531199
1650825979.391178,-29.58968129549396
1650825979.591103,-30.390104334138528
1650825979.791871,-30.458037395623478
1650825979.99117,-31.130715406221384
1650825980.191131,-31.56888570185606
1650825980.391117,-32.02574339505986
1650825980.591116,-33.41089892854927
1650825980.791393,-35.972841414518484
1650825980.991296,-35.926560052702484
1650825981.191088,-33.19803608306586
1650825981.391072,-32.40740753569105
1650825981.591163,-29.366306788877864
1650825981.79142,-28.496605141481837
1650825981.991192,-28.447181892647563
1650825982.19108,-28.310803505489957
1650825982.391095,-28.27253395557034
1650825982.591097,-28.19864496912919
1650825982.791373,-28.323125166752675
1650825982.991086,-28.46994008296201
1650825983.191064,-28.454210157303464
1650825983.391037,-28.467747592238425
1650825983.591189,-28.368013169977985
1650825983.791356,-28.112939755423895
1650825983.991074,-27.638692400593186
1650825984.19104,-27.36600392816956
1650825984.391052,-27.290769394461904
1650825984.591089,-27.283870903400157
1650825984.791341,-27.33866951111122
1650825984.991094,-27.587520623331443
1650825985.191082,8.783
1650825985.39103,2.358
1650825985.591032,352.232
1650825985.791295,2.908
1650825985.991026,1.79
1650825986.191028,6.555
1650825986.390932,1.683
1650825986.591086,3.433
1650825986.791384,8.086
1650825986.991135,8.058
1650825987.190978,9.253
1650825987.390971,4.129
1650825987.59098,8.095
1650825987.791314,9.134
1650825987.991012,14.223
1650825988.191013,12.856
1650825988.390979,1.508
1650825988.591006,7.291
1650825988.791314,7.383
1650825988.990996,10.877
1650825989.190939,9.382
1650825989.391,4.69
1650825989.591037,0.391
1650825989.791389,6.209
1650825989.991074,10.28
1650825990.191348,12.246
1650825990.390936,9.086
1650825990.590914,5.209
1650825990.791268,3.718
1650825990.99104,9.513
1650825991.1909,12.848
1650825991.390919,5.02
1650825991.59093,4.962
1650825991.791271,9.753
1650825991.990959,1.385
1650825992.191041,11.027
1650825992.390982,2.57
1650825992.590898,1.114
1650825992.791204,1.98
1650825992.990933,3.059
1650825993.190897,10.024
1650825993.391043,11.464
1650825993.590922,3.406
1650825993.791226,0.913
1650825993.990954,356.107
1650825994.190893,4.199
1650825994.390858,1.216
1650825994.590929,356.619
1650825994.791274,1.12
1650825994.990958,1.4626842510378992
1650825995.190876,351.485
1650825995.3909,7.253
1650825995.590908,5.565
1650825995.791182,4.407
1650825995.990981,3.8346642984987795
1650825996.190925,18.149
1650825996.390996,18.322
1650825996.59092,17.901478913180654
1650825996.79113,353.907
1650825996.99091,27.477
1650825997.390845,27.391977805211667
1650825997.791072,27.38255897434621
1650825997.990871,27.38255897434621
1650825998.190834,29.94385942253345
1650825998.390817,32.89010250215355
1650825998.791106,35.608162621981734
1650825998.990869,93.083
1650825999.190714,1.352
1650825999.390805,3.446
1650825999.590766,8.625
1650825999.791082,357.724
1650825999.990984,345.941
1650826000.190802,-13.532296792343686
1650826000.390902,353.904
1650826000.590768,353.748
1650826000.791091,5.538
1650826000.990815,6.405
1650826001.190718,5.277
1650826001.390822,24.218
1650826001.590739,22.631
1650826001.791082,359.41
1650826001.990802,11.657
1650826002.190772,357.642
1650826002.390796,21.461
1650826002.590762,8.222
1650826002.791051,4.516
1650826002.990741,0.712
1650826003.190752,3.47
1650826003.390875,11.718
1650826003.590754,9.675
1650826003.791058,15.991
1650826003.990752,6.894
1650826004.190711,7.398
1650826004.390742,357.572
1650826004.590816,6.811
1650826004.791082,1.157
1650826004.990743,17.287
1650826005.190679,4.381
1650826005.390803,4.776
1650826005.590737,4.878
1650826005.791026,8.899
1650826005.990882,9.839
1650826006.190693,3.658
1650826006.390752,4.219
1650826006.590752,2.733
1650826006.791019,3.402
1650826006.990774,5.097
1650826007.190592,7.541
1650826007.390686,357.771
1650826007.590753,23.743
1650826007.790962,8.202
1650826007.990686,3.116
1650826008.190655,4.078
1650826008.390725,357.977
1650826008.590715,357.285
1650826008.790947,5.283
1650826008.990659,3.382
1650826009.190606,8.151
1650826009.390616,9.095
1650826009.590579,10.568
1650826009.790923,11.052
1650826009.990727,11.038284980146585
1650826010.190703,357.798
1650826010.390662,353.762
1650826010.590672,20.323
1650826010.790972,84.118
1650826010.990749,85.52565417661543
1650826011.190709,84.27009465243788
1650826011.39066,78.41142475977853
1650826011.590626,75.04848549927436
1650826011.790895,71.66693397328197
1650826011.990679,64.4973936845463
1650826012.190603,64.4973936845463
1650826012.390643,61.39012206505407
1650826012.590683,55.56220851422728
1650826012.790911,52.64926260681108
1650826012.990665,48.919214338797076
1650826013.190554,46.40295898818607
1650826013.390512,43.92941964064431
1650826013.590567,40.7094089187118
1650826013.790949,37.3619468668669
1650826013.99058,31.12292422989708
1650826014.190578,28.045391254051083
1650826014.390565,25.69603840599848
1650826014.590737,22.9823359468607
1650826014.790787,19.05781853279808
1650826014.990579,17.18842307772229
1650826015.190457,14.543514283904926
1650826015.390516,11.360072394788688
1650826015.59051,10.357701152954292
1650826015.790839,10.667586835597774
1650826015.990682,10.240822955877036
1650826016.190601,9.795658546532252
1650826016.390723,7.141460695443641
1650826016.590576,6.836752296191037
1650826016.790847,7.036152838820442
1650826016.990619,7.778512439330768
1650826017.190602,7.7653848157460175
1650826017.39049,8.191383714279652
1650826017.590451,8.322168176507091
1650826017.790792,8.64538638841043
1650826017.990504,8.183884166570977
1650826018.190473,6.862242562173549
1650826018.390496,5.90869351252644
1650826018.590458,6.065214127546426
1650826018.790777,6.102575262306402
1650826018.990577,5.692490704538784
1650826019.190502,5.2172871232243665
1650826019.390494,4.480637560860146
1650826019.590468,4.323666153354907
1650826019.790769,4.140494140193539
1650826019.990475,3.9739604678502474
1650826020.190454,2.368838692140571
1650826020.390475,-1.460561507540433
1650826020.590443,-4.341316733398401
1650826020.790696,-9.026157145488469
1650826020.990506,-11.25658273971277
1650826021.190363,-13.530967431435386
1650826021.390392,-16.65375724072186
1650826021.590459,-20.15738838021565
1650826021.790717,-24.714176405746286
1650826021.990452,-27.064567442552743
1650826022.19046,-30.274319220351856
1650826022.390777,-32.6466488247724
1650826022.590422,-37.722572208359054
1650826022.790726,-37.722572208359054
1650826022.990439,-43.2213799242179
1650826023.190434,-46.3707938108891
1650826023.390402,-49.68691895482203
1650826023.590375,-53.07788931167994
1650826023.790688,-56.58060156335921
1650826023.990451,-59.18812190165994
1650826024.190391,-62.28074959557165
1650826024.390363,-68.44117041557303
1650826024.590369,-71.1651591396008
1650826024.790723,-74.9712137526987
1650826024.990472,-80.49379052686919
1650826025.190327,-86.69681806691307
1650826025.590345,-91.36764293082626
1650826025.790777,-91.93093546186634
1650826025.990356,-93.03797935273121
1650826026.190348,203.003
1650826026.390328,194.755
1650826026.590343,189.578
1650826026.790635,202.269
1650826026.990379,196.592
1650826027.190278,197.12
1650826027.390266,182.29
1650826027.990358,-178.41982057930443
1650826028.190278,-178.3631231790041
1650826028.390286,-178.35607442378068
1650826028.790572,-178.38048551987436
1650826028.990308,-178.37482329305237
1650826029.390291,-178.37692699131674
1650826029.590284,-179.92353453640692
1650826029.790609,176.9206653500479
1650826029.990328,175.34266625553232
1650826030.190338,183.72
1650826030.390262,177.02
1650826030.590264,187.056
1650826030.790556,180.985
1650826030.990285,172.156
1650826031.190238,164.971
1650826031.390223,167.698
1650826031.590252,169.432
1650826031.790566,183.04
1650826031.990299,-177.2313702459137
1650826032.190255,-177.19047107316374
1650826032.390253,-177.08086019736334
1650826032.590234,-177.2925209295529
1650826032.790648,177.72580546721747
1650826032.990331,175.06272154001863
1650826033.190196,172.98473210769066
1650826033.390202,171.961
1650826033.590218,174.519
1650826033.790496,179.975
1650826033.990274,181.943
1650826034.190204,172.661
1650826034.390253,185.339
1650826034.590227,156.584
1650826034.790494,152.566
1650826034.990296,147.641
1650826035.190199,149.025
1650826035.39025,162.422
1650826035.590151,149.68
1650826035.790464,163.999
1650826035.990251,156.36
1650826036.190282,159.275
1650826036.390264,169.407
1650826036.590205,152.388
1650826036.790499,166.268
1650826036.99023,151.093
1650826037.190086,161.634
1650826037.390132,172.849
1650826037.590155,181.874
1650826037.790445,186.989
1650826037.990297,198.081
1650826038.190145,171.371
1650826038.390222,165.211
1650826038.590166,165.785
1650826038.790477,177.137
1650826038.990206,171.225
1650826039.190138,164.622
1650826039.390117,163.63
1650826039.59007,172.187
1650826039.79039,175.769
1650826039.990153,200.869
1650826040.190136,200.06
1650826040.390103,172.426
1650826040.590129,172.228
1650826040.790334,174.756
1650826040.990287,172.699
1650826041.190127,161.599
1650826041.390201,164.29
1650826041.590115,163.666
1650826041.790341,165.249
1650826041.990144,164.386
1650826042.190131,166.629
1650826042.390033,168.067
1650826042.590091,169.022
1650826042.790357,167.939
1650826042.990163,163.248
1650826043.190067,163.079
1650826043.390025,170.697
1650826043.590022,179.13
1650826043.790344,187.504
1650826043.990106,192.041
1650826044.190062,-168.20435405536517
1650826044.390034,-168.68227605196932
1650826044.590079,177.581
1650826044.79027,179.756
1650826044.990005,176.458
1650826045.189929,177.791
1650826045.389998,161.421
1650826045.589952,167.881
1650826045.790269,231.014
1650826045.990301,-129.0364750979664
1650826046.190021,-130.65310574242756
1650826046.390023,-134.5021905472965
1650826046.590087,154.737
1650826046.790316,172.053
1650826046.990061,167.26
1650826047.189988,149.599
1650826047.39004,139.248
1650826047.589964,165.575
1650826047.790273,183.19
1650826047.990068,161.737
1650826048.189963,164.974
1650826048.389972,189.818
1650826048.589949,216.729
1650826048.790235,159.895
1650826048.989981,146.356
1650826049.189961,144.254
1650826049.389904,131.614
1650826049.589998,143.7
1650826049.790286,155.978
1650826049.990016,146.138
1650826050.189933,144.442
1650826050.389997,144.491
1650826050.589997,142.13
1650826050.790178,141.324
1650826050.990071,142.257
1650826051.189887,159.522
1650826051.389881,151.59
1650826051.589872,189.799
1650826051.790287,-170.97875364078936
1650826051.990004,-172.072854323177
1650826052.18989,136.448
1650826052.389853,151.158
1650826052.589931,153.473
1650826052.790209,154.449
1650826052.990259,159.472
1650826053.189845,163.944
1650826053.389916,160.51
1650826053.589916,170.715
1650826053.790143,160.034
1650826053.989954,161.068
1650826054.189874,154.101
1650826054.389965,140.68
1650826054.589929,135.135
1650826054.790222,136.374
1650826054.989918,138.499
1650826055.189848,132.575
1650826055.389929,155.485
1650826055.589963,156.624
1650826055.790195,149.906
1650826055.989917,135.393
1650826056.189965,148.891
1650826056.389949,165.42
1650826056.589828,196.579
1650826056.790166,150.818
1650826056.990045,144.593
1650826057.189869,179.923
1650826057.389889,194.458
1650826057.58988,183.379
1650826057.790163,173.652
1650826057.989867,177.461
1650826058.189802,150.262
1650826058.389847,152.802
1650826058.589795,159.768
1650826058.790133,158.986
1650826058.989861,163.598
1650826059.189771,167.826
1650826059.389875,178.362
1650826059.589861,189.301
1650826059.790057,-171.32759596969464
1650826059.989913,186.962
1650826060.189828,-174.45786655485142
1650826060.389836,-177.28594053164107
1650826060.589724,-177.8449505340716
1650826060.790052,-178.17122184053392
1650826060.989793,-178.14948817859494
1650826061.189688,-178.21294746617355
1650826061.389757,-178.33525566364096
1650826061.589846,-178.25437939367885
1650826061.790018,-178.64775047854738
1650826061.989771,-178.93958397121452
1650826062.189724,-179.01921714674768
1650826062.389696,-178.9063755914699
1650826062.589767,-178.86044939949073
1650826062.79001,-178.61086745702931
1650826062.98996,-178.31288679410915
1650826063.189714,-178.14814263132848
1650826063.389751,-178.2971158873156
1650826063.589743,-178.23648429805337
1650826063.789937,-178.20484686181788
1650826063.989732,-178.16773844405725
1650826064.189734,-178.24778826112976
1650826064.389685,-178.31815970014839
1650826064.589703,-178.1287927054098
1650826064.989719,-178.13924972502912
1650826065.589724,-178.19173289861146
1650826065.989794,-178.1746232747406
1650826066.189685,-178.19226565336675
1650826066.389667,-178.14126463083426
1650826066.589629,-178.18702006808417
