1.650824650214700937e+09,9.732400000000000162e+00,2.703820705413818359e+00,nan
1.650824650414593935e+09,2.020000000000000000e+02,2.704277753829956055e+00,3.044935432120335957e-03
1.650824650614639044e+09,2.020000000000000000e+02,2.705248832702636719e+00,4.756527718883653104e-03
1.650824650814922094e+09,3.447883999999999673e+02,2.704768180847167969e+00,2.103891139780642450e-03
1.650824651014657974e+09,9.732400000000000162e+00,2.704549789428710938e+00,1.121179401536580387e-03
1.650824651214612007e+09,9.732400000000000162e+00,2.704438924789428711e+00,6.505359834458286162e-04
1.650824651414603949e+09,5.563139999999999930e+01,2.704411506652832031e+00,-9.850782522939111486e-04
1.650824651614672899e+09,5.039339999999999975e+01,2.703680515289306641e+00,-1.208713761108137818e-03
1.650824651814960957e+09,3.539603999999999928e+02,2.703880786895751953e+00,-7.434166166595795183e-04
1.650824652014601946e+09,9.732400000000000162e+00,2.704643487930297852e+00,5.709221784058951662e-04
1.650824652214685917e+09,2.020000000000000000e+02,2.703875541687011719e+00,-6.259942592909018434e-04
1.650824652414679050e+09,9.732400000000000162e+00,2.704676389694213867e+00,2.943157846774063476e-04
1.650824652614617109e+09,9.732400000000000162e+00,2.704793453216553178e+00,1.236660138083611922e-03
1.650824652814965010e+09,2.020000000000000000e+02,2.704102754592895508e+00,2.466723737804488929e-04
1.650824653014693975e+09,2.020000000000000000e+02,2.704710245132446289e+00,7.028657594175852946e-05
1.650824653214587927e+09,9.732400000000000162e+00,2.704443693161010742e+00,-2.585744862752848718e-04
1.650824653414577961e+09,9.732400000000000162e+00,2.704416513442993164e+00,-4.188556577310429026e-04
1.650824653614586115e+09,9.732400000000000162e+00,2.704416513442993164e+00,-4.188556577310429026e-04
1.650824653814920902e+09,9.732400000000000162e+00,2.704700231552124023e+00,-1.178137471251341816e-05
1.650824654014599085e+09,9.732400000000000162e+00,2.704048871994018555e+00,-9.107991835065403722e-04
1.650824654214689016e+09,2.020000000000000000e+02,2.704881429672241211e+00,5.149857775850477052e-04
1.650824654414608955e+09,6.095040000000000191e+01,2.704390764236450195e+00,-3.029375687745418047e-05
1.650824654614667892e+09,2.020000000000000000e+02,2.704445123672485352e+00,-6.120316674497044149e-04
1.650824654814907074e+09,9.732400000000000162e+00,2.704349040985107422e+00,3.336025471442137882e-04
1.650824655014648914e+09,3.512024000000000115e+02,2.704985141754150391e+00,1.152646117768636107e-04
1.650824655214596033e+09,9.732400000000000162e+00,2.704311609268188477e+00,-9.312825668391596409e-05
1.650824655414561987e+09,5.550939999999999941e+01,2.704680681228637695e+00,2.771234585007620928e-04
1.650824655614578009e+09,9.732400000000000162e+00,2.704655170440673828e+00,9.539506346674804212e-04
1.650824655814899921e+09,2.020000000000000000e+02,2.704077005386352539e+00,-3.023082733640446097e-04
1.650824656014655113e+09,3.599253999999999678e+02,2.704652070999145508e+00,3.783796817530107924e-04
1.650824656214617968e+09,9.732400000000000162e+00,2.704990863800048828e+00,3.649169260026450200e-04
1.650824656414588928e+09,3.380313999999999623e+02,2.704285383224487305e+00,-4.620915137831977672e-04
1.650824656614614010e+09,2.020000000000000000e+02,2.704498529434204102e+00,4.681057919089714136e-04
1.650824656814903975e+09,2.020000000000000000e+02,2.704462289810180664e+00,-4.548420959272040666e-04
1.650824657014664888e+09,2.020000000000000000e+02,2.704870700836181641e+00,2.427986502830974049e-04
1.650824657214637041e+09,2.020000000000000000e+02,2.704435586929321289e+00,-5.843343205212994359e-04
1.650824657414592028e+09,2.020000000000000000e+02,2.704701662063598633e+00,1.696931415080924106e-04
1.650824657614593029e+09,5.558639999999999759e+01,2.704447031021118164e+00,-5.722860921762132520e-05
1.650824657814809084e+09,2.020000000000000000e+02,2.704841136932373047e+00,-3.112341992169949736e-05
1.650824658014569998e+09,2.020000000000000000e+02,2.703995227813720703e+00,-4.893093717447812799e-04
1.650824658214519024e+09,9.732400000000000162e+00,2.704398155212402344e+00,-3.372523129468327978e-04
1.650824658414441109e+09,9.732400000000000162e+00,2.704175472259521484e+00,-3.194666841686166921e-04
1.650824658614507914e+09,9.732400000000000162e+00,2.704354524612426758e+00,-1.015018156189420465e-03
1.650824658814851046e+09,9.732400000000000162e+00,2.704247713088989258e+00,-6.981957152831367360e-04
1.650824659014518976e+09,9.732400000000000162e+00,2.703988552093505859e+00,-8.526360665056132316e-04
1.650824659214440107e+09,2.020000000000000000e+02,2.704964399337768555e+00,6.662774671132456030e-04
1.650824659414520979e+09,9.732400000000000162e+00,2.704054594039916992e+00,-3.333032177007853674e-04
1.650824659614500046e+09,9.732400000000000162e+00,2.704547882080078125e+00,3.531514206140009930e-04
1.650824659814775944e+09,2.020000000000000000e+02,2.703820943832397461e+00,-1.971848289414596784e-04
1.650824660014550924e+09,9.732400000000000162e+00,2.704629898071289062e+00,-3.935167070701460902e-04
1.650824660214370966e+09,9.732400000000000162e+00,2.704566001892089844e+00,1.273545871495294229e-04
1.650824660414617062e+09,9.732400000000000162e+00,2.704032659530639648e+00,-2.437563919814745162e-05
1.650824660614594936e+09,9.732400000000000162e+00,2.704547643661499023e+00,8.074880208039432895e-04
1.650824660814929008e+09,2.020000000000000000e+02,2.705156087875366211e+00,6.189984565706812712e-04
1.650824661014570951e+09,9.732400000000000162e+00,2.704610586166381836e+00,5.244716509049379406e-05
1.650824661214519978e+09,2.020000000000000000e+02,2.704735755920410156e+00,8.272326445244716732e-04
1.650824661414561987e+09,9.732400000000000162e+00,2.704393386840820312e+00,-1.547325233721621866e-04
1.650824661614604950e+09,2.020000000000000000e+02,2.704288959503173828e+00,-2.875059455434590878e-04
1.650824661814805984e+09,2.339840000000000231e+01,2.704124689102172852e+00,-5.716768617577072057e-04
1.650824662014564991e+09,3.391040000000000276e+01,2.703598260879516602e+00,-1.421540131916302317e-03
1.650824662214479923e+09,9.732400000000000162e+00,2.703624725341796875e+00,-9.606940835964763135e-04
1.650824662414484024e+09,9.732400000000000162e+00,2.704539775848388672e+00,2.950495343854710141e-04
1.650824662614415884e+09,9.732400000000000162e+00,2.704177379608154297e+00,-2.538014834907042919e-04
1.650824662814743996e+09,9.732400000000000162e+00,2.704440832138061523e+00,9.910880598848273437e-04
1.650824663014585972e+09,6.312740000000000151e+01,2.704257249832153320e+00,7.903977252752687451e-04
1.650824663214436054e+09,3.465294000000000096e+02,2.703910589218139648e+00,3.008194130132621209e-04
1.650824663414490938e+09,9.732400000000000162e+00,2.703910589218139648e+00,-6.988592096614703935e-04
1.650824663614443064e+09,9.732400000000000162e+00,2.703914880752563477e+00,-2.762625713897863891e-04
1.650824663814740896e+09,9.732400000000000162e+00,2.704184770584106445e+00,-3.012624411009487391e-04
1.650824664014492989e+09,1.902040000000000219e+01,2.703658819198608398e+00,-6.650341975951727571e-04
1.650824664214520931e+09,3.419303999999999633e+02,2.704005479812622070e+00,9.990235674177750985e-05
1.650824664414542913e+09,9.732400000000000162e+00,2.703814983367919922e+00,-1.110026693625214706e-04
1.650824664614372969e+09,9.732400000000000162e+00,2.704314708709716797e+00,1.443806520389197344e-04
1.650824664814752102e+09,9.732400000000000162e+00,2.704712390899658203e+00,1.170757296369301197e-03
1.650824665014436960e+09,2.020000000000000000e+02,2.704701900482177734e+00,1.282216382162486203e-03
1.650824665214402914e+09,2.020000000000000000e+02,2.704193592071533203e+00,1.980736397123338043e-04
1.650824665414390087e+09,2.020000000000000000e+02,2.704794406890869141e+00,1.031247968192979024e-03
1.650824665614384890e+09,9.732400000000000162e+00,2.704131126403808594e+00,-6.837173470981695693e-04
1.650824665814671993e+09,9.732400000000000162e+00,2.703208446502685547e+00,-1.756537310854665865e-03
1.650824666014482021e+09,9.732400000000000162e+00,2.704936742782592773e+00,8.741290609352367477e-04
1.650824666214431047e+09,9.732400000000000162e+00,2.704392671585083008e+00,-4.463697949904328675e-04
1.650824666414452076e+09,9.732400000000000162e+00,2.704102516174316406e+00,-9.895080356795138681e-04
1.650824666614347935e+09,9.732400000000000162e+00,2.704021692276000977e+00,-1.216000983397745166e-04
1.650824666814651966e+09,9.732400000000000162e+00,2.704333543777465820e+00,1.250246393122611500e-03
1.650824667014413118e+09,9.732400000000000162e+00,2.703898429870605469e+00,-1.153817825544864364e-03
1.650824667214335918e+09,9.732400000000000162e+00,2.703743219375610352e+00,-7.216867121951013164e-04
1.650824667414374113e+09,2.020000000000000000e+02,2.704289674758911133e+00,2.977969385202989313e-04
1.650824667614350080e+09,2.020000000000000000e+02,2.704409122467041016e+00,8.398214174066102064e-05
1.650824667814701080e+09,2.020000000000000000e+02,2.704085350036621094e+00,2.076803587360319186e-04
1.650824668014389992e+09,5.003139999999999787e+01,2.703466415405273438e+00,-3.256210780329457785e-04
1.650824668214380026e+09,2.157840000000000202e+01,2.704205989837646484e+00,7.995806618710523620e-04
1.650824668414454937e+09,2.020000000000000000e+02,2.711986303329467773e+00,9.053245659520897659e-03
1.650824668614358902e+09,2.020000000000000000e+02,2.718348741531372070e+00,1.466651715935096689e-02
1.650824668814680099e+09,2.020000000000000000e+02,2.724476814270019531e+00,2.264538608995880081e-02
1.650824669014481068e+09,2.571840000000000259e+01,2.724326610565185547e+00,2.195159279135524763e-02
1.650824669214404106e+09,3.291640000000000299e+01,2.727218151092529297e+00,1.792064224494003405e-02
1.650824669414489031e+09,2.445139999999999958e+01,2.735391139984130859e+00,1.894109925203843123e-02
1.650824669614391088e+09,2.243440000000000012e+01,2.735653400421142578e+00,1.242194549002929339e-02
1.650824669814665079e+09,2.278340000000000032e+01,2.735221862792968750e+00,1.281861759885283801e-02
1.650824670014363050e+09,2.302740000000000009e+01,2.734468936920166016e+00,9.061551929319179924e-03
1.650824670214348078e+09,2.478240000000000265e+01,2.733795404434204102e+00,4.080596038057455327e-04
1.650824670414520025e+09,2.412340000000000018e+01,2.734794616699218750e+00,-5.966222880154749622e-04
1.650824670614351988e+09,2.475240000000000151e+01,2.736462831497192383e+00,8.095669591758871070e-04
1.650824670814672947e+09,2.557840000000000202e+01,2.734772205352783203e+00,-4.497239181588312085e-04
1.650824671014448881e+09,2.497039999999999793e+01,2.737226963043212891e+00,2.758557537672624328e-03
1.650824671214323997e+09,2.382140000000000057e+01,2.739292860031127930e+00,6.467962016922509244e-03
1.650824671414325953e+09,2.285739999999999839e+01,2.743990659713745117e+00,9.677654881744733595e-03
1.650824671614232063e+09,2.255239999999999867e+01,2.746815681457519531e+00,1.416676248783538608e-02
1.650824671814627886e+09,2.431540000000000035e+01,2.746691465377807617e+00,1.051816056589330653e-02
1.650824672014405966e+09,2.513840000000000074e+01,2.749111175537109375e+00,1.091274783631805689e-02
1.650824672214325905e+09,2.509040000000000248e+01,2.748272895812988281e+00,8.552899535229566488e-03
1.650824672414315939e+09,2.551940000000000097e+01,2.748480081558227539e+00,4.989647078525862728e-03
1.650824672614299059e+09,2.544740000000000180e+01,2.748768091201782227e+00,1.952427433071722215e-03
1.650824672814572096e+09,2.452640000000000242e+01,2.747514724731445312e+00,-1.995017818405111880e-03
1.650824673014461040e+09,2.599439999999999884e+01,2.746162176132202148e+00,-2.483100304855045959e-03
1.650824673214292049e+09,2.473339999999999961e+01,2.746652364730834961e+00,-2.031100800464614824e-03
1.650824673414356947e+09,2.551640000000000086e+01,2.744812250137329102e+00,-4.903094782124571907e-03
1.650824673614293098e+09,2.480640000000000001e+01,2.747451543807983398e+00,-1.386333344128757835e-03
1.650824673814564943e+09,2.396240000000000236e+01,2.744139432907104492e+00,-2.379244373973242541e-03
1.650824674014293909e+09,2.307440000000000069e+01,2.742229700088500977e+00,-5.526596784265496234e-03
1.650824674214252949e+09,2.579939999999999856e+01,2.741063594818115234e+00,-5.881116200278588453e-03
1.650824674414284945e+09,2.553940000000000055e+01,2.742805242538452148e+00,-5.160519483820944810e-03
1.650824674614156008e+09,2.487340000000000018e+01,2.746872663497924805e+00,1.244183960589551096e-03
1.650824674814548016e+09,2.606640000000000157e+01,2.746872663497924805e+00,1.244183960589551096e-03
1.650824675014278889e+09,2.458440000000000225e+01,2.752131462097167969e+00,1.301969979133478506e-02
1.650824675214173079e+09,2.408740000000000236e+01,2.751678228378295898e+00,1.252300558865418467e-02
1.650824675414284945e+09,2.312040000000000006e+01,2.762600183486938477e+00,1.965610897480784408e-02
1.650824675614315033e+09,2.265939999999999799e+01,2.755807399749755859e+00,9.403139632420670982e-03
1.650824675814521074e+09,2.119440000000000168e+01,2.744713783264160156e+00,-7.216480616906459020e-03
1.650824676014334917e+09,2.079739999999999966e+01,2.744914531707763672e+00,-7.957152714278501252e-03
1.650824676214287996e+09,2.340639999999999787e+01,2.747643947601318359e+00,-1.241239186067515099e-02
1.650824676414323092e+09,2.085340000000000060e+01,2.758513689041137695e+00,-4.541003620085966135e-03
1.650824676614393950e+09,2.015140000000000242e+01,2.752048730850219727e+00,-3.957068380852457427e-03
1.650824676814587116e+09,2.645739999999999981e+01,2.740234613418579102e+00,-4.977233270818767763e-03
1.650824677014350891e+09,2.027539999999999765e+01,2.741425991058349609e+00,-3.876795687409236892e-03
1.650824677214211941e+09,1.844340000000000046e+01,2.743454933166503906e+00,-4.411305394898452394e-03
1.650824677414323092e+09,1.972639999999999816e+01,2.741039991378784180e+00,-1.295417754972071067e-02
1.650824677614305973e+09,2.207540000000000191e+01,2.741213798522949219e+00,-1.083611558459704992e-02
1.650824677814552069e+09,2.420940000000000225e+01,2.740496873855590820e+00,2.622761949541874854e-04
1.650824678014324903e+09,2.243140000000000001e+01,2.743022441864013672e+00,-5.404674238772191192e-04
1.650824678214241028e+09,2.219839999999999947e+01,2.739328384399414062e+00,-4.342707573292599495e-03
1.650824678414246082e+09,2.369239999999999924e+01,2.737765073776245117e+00,-3.852702024239262456e-03
1.650824678614209890e+09,2.444640000000000057e+01,2.733311653137207031e+00,-8.781807689433904912e-03
1.650824678814807892e+09,2.577740000000000009e+01,2.728273153305053711e+00,-1.639109709306623558e-02
1.650824679014272928e+09,2.206040000000000134e+01,1.371716618537902832e+00,-1.519849498274590260e+00
1.650824679214152098e+09,2.225840000000000174e+01,1.341611742973327637e+00,-1.642358920970389491e+00
1.650824679414202929e+09,2.271340000000000003e+01,1.290138840675354226e+00,-1.803214300822022276e+00
1.650824679614432096e+09,2.826140000000000185e+01,1.264417171478271484e+00,-1.836755591741757732e+00
1.650824679814472914e+09,2.020000000000000000e+02,1.265706658363342507e+00,-1.468504679672673063e+00
1.650824680014188051e+09,9.732400000000000162e+00,1.260679841041564941e+00,-1.110405632974032220e-01
1.650824680214163065e+09,2.020000000000000000e+02,1.263544082641601785e+00,-7.807322594989753173e-02
1.650824680414205074e+09,1.581840000000000046e+01,1.263587355613708496e+00,-2.655270054781560390e-02
1.650824680614104033e+09,2.167739999999999867e+01,1.266353487968444824e+00,7.181439750288130851e-04
1.650824680814488888e+09,2.646240000000000236e+01,1.266803979873657005e+00,3.590822298173920908e-03
1.650824681014149904e+09,2.306340000000000146e+01,1.275284409523010476e+00,1.536827691198389828e-02
1.650824681214118958e+09,3.650713999999999828e+02,1.279525637626647949e+00,1.875043299896697255e-02
1.650824681414165974e+09,2.958339999999999748e+01,1.283074259757995828e+00,2.074235838480380234e-02
1.650824681614113092e+09,4.176639999999999731e+01,1.285942196846008079e+00,2.304503178891052773e-02
1.650824681814436913e+09,2.020000000000000000e+02,1.287801861763000932e+00,2.333191071238968281e-02
1.650824693014029980e+09,1.805634000000000015e+02,-1.535935640335082786e+00,-1.869626207219935166e-01
1.650824693213871956e+09,1.820124000000000137e+02,-1.573562026023864968e+00,-1.702806941963865839e-01
1.650824693414021015e+09,2.099514000000000067e+02,-1.623489379882812500e+00,-1.858242648163262734e-01
1.650824693814223051e+09,2.137464000000000226e+02,-1.648140907287597878e+00,-1.494491836619404601e-01
1.650824694014030933e+09,1.894934000000000083e+02,-1.579024434089661089e+00,-5.753248396895038405e-03
1.650824694213922977e+09,1.857864000000000146e+02,-1.526400566101074219e+00,1.022520716201411606e-01
1.650824694414037943e+09,1.666704000000000008e+02,-1.549054503440856934e+00,1.151774601039178419e-01
1.650824694614161015e+09,1.572314000000000078e+02,-1.619401693344116211e+00,3.377513745728057820e-02
1.650824695213918924e+09,1.951754000000000246e+02,-1.859367489814758301e+00,-3.699024551489156210e-01
1.650824695413942099e+09,2.056724000000000103e+02,-1.899213314056396928e+00,-3.688360013983236763e-01
1.650824695613898993e+09,2.098924000000000092e+02,-1.898532509803771751e+00,-2.794631629602541412e-01
1.650824695814248085e+09,2.102034000000000162e+02,-1.904493570327759011e+00,-1.434711609645355213e-01
1.650824696013910055e+09,2.098254000000000019e+02,-1.905287861824036089e+00,-5.401923055888040170e-02
1.650824696214001894e+09,2.100964000000000169e+02,-1.907132148742675559e+00,-9.893994195983026388e-03
1.650824696413968086e+09,2.135874000000000024e+02,-1.894714474678039551e+00,4.770458546699196320e-03
1.650824696613995075e+09,2.108744000000000085e+02,-1.889308810234069824e+00,1.431350879018229889e-02
1.650824696814243078e+09,2.219694000000000074e+02,-1.885038852691650391e+00,2.288804690760745317e-02
1.650824697013988018e+09,2.215474000000000103e+02,-1.865066289901733398e+00,4.470401277882173757e-02
1.650824697213917971e+09,2.201124000000000080e+02,-1.804741740226745605e+00,9.997589174066931483e-02
1.650824697413876057e+09,2.179884000000000128e+02,-1.796833515167236550e+00,1.087819363473263301e-01
1.650824697613863945e+09,2.129014000000000237e+02,-1.793045520782470925e+00,1.082152593141049307e-01
1.650824697814194918e+09,2.155254000000000190e+02,-1.782986521720886453e+00,9.655130925894712945e-02
1.650824698013866901e+09,2.094274000000000058e+02,-1.766950011253356712e+00,6.937703967214917111e-02
1.650824698213836908e+09,2.068534000000000219e+02,-1.756859898567199263e+00,5.320908844751523481e-02
1.650824698413867950e+09,2.199134000000000242e+02,-1.745375037193298784e+00,5.296276478799742671e-02
1.650824706213865042e+09,2.082574000000000183e+02,-1.734965324401855691e+00,-2.801628786172803091e-04
1.650824706413897038e+09,2.025674000000000206e+02,-1.726451873779296875e+00,9.568291671688707728e-03
1.650824706613734007e+09,2.071054000000000030e+02,-1.721085309982299805e+00,1.566552762690217801e-02
1.650824706814158916e+09,1.967104000000000212e+02,-1.716750144958496094e+00,2.142473897118733414e-02
1.650824707014117956e+09,1.880774000000000115e+02,-1.721358776092529075e+00,1.585543416340061754e-02
1.650824707213745117e+09,2.019674000000000262e+02,-1.719102144241333230e+00,1.866701755291630405e-02
1.650824707413796902e+09,2.220254000000000190e+02,-1.719336628913878950e+00,1.943443656562772459e-03
1.650824707613755941e+09,1.847214000000000169e+02,-1.730464220046997070e+00,-1.523833593482598614e-02
1.650824710014034986e+09,1.896074000000000126e+02,-1.723085522651672585e+00,8.662325084609988736e-05
1.650824711813992023e+09,1.892413999999999987e+02,-1.723431110382080300e+00,3.140417321547856757e-04
1.650824714813935041e+09,1.854634000000000071e+02,-1.696777343750000444e+00,8.473266339044587675e-03
1.650824725613569021e+09,1.574334000000000060e+02,-1.694137454032897949e+00,2.027338127094846423e-03
1.650824726213536024e+09,1.999264000000000010e+02,-1.706153750419616921e+00,-1.075390627450242484e-02
1.650824726413536072e+09,2.083564000000000078e+02,-1.707526922225952148e+00,-1.341040822107602941e-02
1.650824726613423109e+09,1.948704000000000178e+02,-1.713247179985046387e+00,-2.241370628478840318e-02
1.650824726813714981e+09,1.864664000000000215e+02,-1.712393879890441895e+00,-1.708371594279063654e-02
1.650824727013603926e+09,2.022353999999999985e+02,-1.723413705825805664e+00,-2.484377161373548318e-02
1.650824727213491917e+09,2.090114000000000090e+02,-1.711384057998657227e+00,-5.508369457356243962e-03
1.650824727413506031e+09,2.107664000000000044e+02,-1.706025123596191184e+00,1.581630488030554872e-03
1.650824727613337040e+09,2.142994000000000199e+02,-1.700260877609252930e+00,1.427374158299565300e-02
1.650824727813714981e+09,2.114674000000000262e+02,-1.697219014167785645e+00,3.274098567595845610e-02
1.650824728013509989e+09,2.058174000000000206e+02,-1.688084959983826128e+00,3.718236609422445604e-02
1.650824728613379002e+09,1.859264000000000010e+02,-1.293632149696350320e+00,4.278738699638363063e-01
1.650824728813432932e+09,1.778044000000000153e+02,-1.271232843399048074e+00,4.481283461355755060e-01
1.650824729013380051e+09,1.737974000000000103e+02,-1.283607721328735130e+00,4.254320522645576585e-01
1.650824729213332891e+09,1.670624000000000251e+02,-1.359737515449523704e+00,2.543274847788546955e-01
1.650824729413412094e+09,1.779184000000000196e+02,-1.359737515449523704e+00,2.543274847788546955e-01
1.650824729613321066e+09,1.860914000000000215e+02,-1.416775584220886008e+00,-1.448343045485169234e-01
1.650824729813693047e+09,1.926014000000000124e+02,-1.455278873443603738e+00,-1.808524345747062334e-01
1.650824730013528109e+09,1.963264000000000067e+02,-1.456320405006408691e+00,-1.514079491293895963e-01
1.650824730213365078e+09,1.987674000000000092e+02,-1.450333356857300027e+00,-9.541863778024303744e-02
1.650824730413398981e+09,1.978954000000000235e+02,-1.454695105552673118e+00,-4.214265481820173714e-02
1.650824730613389015e+09,1.973534000000000219e+02,-1.455893039703369141e+00,-2.767542884444510604e-02
1.650824730813649893e+09,1.955704000000000065e+02,-1.462748765945434570e+00,-8.784896628647662076e-03
1.650824731013350964e+09,1.993514000000000124e+02,-1.473547697067260742e+00,-2.579489760775690796e-02
1.650824731213308096e+09,2.005364000000000146e+02,-1.473547697067260742e+00,-2.579489760775690796e-02
1.650824731413428068e+09,1.962024000000000115e+02,-1.466640472412109375e+00,-1.257800610643022843e-02
1.650824731613306999e+09,1.963903999999999996e+02,-1.450557231903076172e+00,5.337930600223820578e-03
1.650824731813610077e+09,1.928504000000000076e+02,-1.438914299011230691e+00,2.384304503320577168e-02
1.650824732013374090e+09,1.890934000000000026e+02,-1.435651540756225586e+00,3.988906709603686623e-02
1.650824732213357925e+09,1.991744000000000199e+02,-1.425480008125305398e+00,4.332525834240755214e-02
1.650824732413328886e+09,2.069144000000000005e+02,-1.391417741775512917e+00,6.225924800163448736e-02
1.650824732613416910e+09,2.081034000000000219e+02,-1.375366449356079102e+00,7.060940644589422388e-02
1.650824733013477087e+09,1.640654000000000110e+02,-1.374700784683227317e+00,6.772601543589187867e-02
1.650824733213327885e+09,1.935914000000000215e+02,-1.377433180809020996e+00,5.338961519620894630e-02
1.650824733613317013e+09,1.999714000000000169e+02,-1.435157299041748047e+00,-6.643713916111723683e-02
1.650824733813599110e+09,2.034094000000000051e+02,-1.473923325538635476e+00,-1.156024486917376637e-01
1.650824734013390064e+09,2.067234000000000265e+02,-1.489590167999267578e+00,-1.319478570627173886e-01
1.650824734213634968e+09,2.005714000000000112e+02,-1.490039348602295144e+00,-1.051925863145336260e-01
1.650824734413539886e+09,2.059684000000000026e+02,-1.493937373161316140e+00,-6.185004102990453861e-02
1.650824734613360882e+09,2.039904000000000224e+02,-1.556541085243225320e+00,-8.693566604164293388e-02
1.650824746013187885e+09,3.508440000000000225e+01,1.217095255851745383e+00,7.124397890604709793e-02
1.650824746213135004e+09,3.520839999999999748e+01,1.218385338783264382e+00,3.561636765948662103e-02
1.650824746413320065e+09,1.028439999999999976e+01,1.121477484703063965e+00,-9.543209473950899080e-02
1.650824747013159037e+09,3.476393999999999664e+02,1.318180918693542480e+00,1.011049470800552408e-01
1.650824747213087082e+09,2.867439999999999856e+01,1.384105443954467995e+00,1.657319197282788037e-01
1.650824747413176060e+09,2.630140000000000100e+01,1.434271097183227317e+00,2.659875759037680365e-01
1.650824747613112926e+09,2.362539999999999907e+01,1.487201452255248801e+00,3.505110838318981625e-01
1.650824747813396931e+09,2.062040000000000006e+01,1.506044507026672363e+00,2.688232517046597603e-01
1.650824748013190985e+09,1.975039999999999907e+01,1.514956951141357644e+00,1.539196533189294280e-01
1.650824748213067055e+09,1.804639999999999844e+01,1.525908589363098145e+00,1.078027788513804264e-01
1.650824748413033009e+09,2.148740000000000094e+01,1.529336690902710183e+00,6.562398321533956247e-02
1.650824748613039017e+09,2.223239999999999839e+01,1.476528763771057573e+00,-3.472557655766871088e-02
1.650824748813308001e+09,4.250639999999999930e+01,1.409006476402282715e+00,-1.324351016936575198e-01
1.650824749013139009e+09,1.832240000000000180e+01,1.405006051063537598e+00,-1.100087068533670415e-01
1.650824749212986946e+09,9.732400000000000162e+00,1.407732129096985085e+00,-1.352123754171319081e-01
1.650824749413028955e+09,4.464039999999999964e+01,1.409448862075805886e+00,-1.281542498701954691e-01
1.650824749612943888e+09,3.933639999999999759e+01,1.409063577651977539e+00,-1.092929122841831274e-01
1.650824749813436985e+09,3.163040000000000163e+01,1.408342361450195312e+00,-6.643279841276768499e-04
1.650824750013073921e+09,3.847740000000000293e+01,1.409292221069335938e+00,4.510455902907842263e-03
1.650824750213025093e+09,2.894839999999999947e+01,1.411399006843567117e+00,4.072612186166570634e-03
1.650824750413019896e+09,3.077839999999999776e+01,1.399484395980834961e+00,-1.008205818726209783e-02
1.650824750613013983e+09,2.272440000000000282e+01,1.408669948577880859e+00,3.854071501160849728e-04
1.650824750813301086e+09,2.805239999999999867e+01,1.410123586654663308e+00,9.781038809714617116e-04
1.650824751013066053e+09,2.768440000000000367e+01,1.413068532943726030e+00,1.964075853577128272e-03
1.650824751213002920e+09,3.681803999999999633e+02,1.421520948410034402e+00,3.664443471482956710e-02
1.650824751412990093e+09,2.665140000000000242e+01,1.432623267173767534e+00,3.682152984410415331e-02
1.650824751613176107e+09,3.660340000000000060e+01,1.449255824089050293e+00,4.602513804106334039e-02
1.650824752013015032e+09,5.870139999999999958e+01,1.499207496643066628e+00,9.137119180376229721e-02
1.650824752213047981e+09,6.294440000000000168e+01,1.526335239410400391e+00,1.170868975657761435e-01
1.650824752413149118e+09,2.464339999999999975e+01,1.582460641860961914e+00,1.513915469974217998e-01
1.650824752613063097e+09,1.400440000000000040e+01,1.595576405525208186e+00,1.502637946320025675e-01
1.650824752813296080e+09,1.767839999999999989e+01,1.600043773651123047e+00,1.186426747045069841e-01
1.650824753013000011e+09,2.241839999999999833e+01,1.600043773651123047e+00,1.186426747045069841e-01
1.650824753212893009e+09,1.855239999999999867e+01,1.599485397338867188e+00,4.656825596357307834e-02
1.650824753412919044e+09,2.188640000000000185e+01,1.598038077354431374e+00,1.731258467629641362e-02
1.650824753613034010e+09,2.268039999999999878e+01,1.603853583335876243e+00,9.199729284112367553e-03
1.650824753813267946e+09,2.142040000000000077e+01,1.613059639930725098e+00,1.446516833568888341e-02
1.650824754012955904e+09,1.801340000000000074e+01,1.633470892906189187e+00,3.566744389390848202e-02
1.650824754212950945e+09,1.183140000000000036e+01,1.642121553421020508e+00,4.737727949625030605e-02
1.650824754412970066e+09,3.681283999999999992e+02,1.633540153503417969e+00,3.491448069986829300e-02
1.650824754613058090e+09,3.653843999999999710e+02,1.629359960556029829e+00,1.917194021094872566e-02
1.650824754813246965e+09,3.662873999999999910e+02,1.615634441375732422e+00,-2.097953183575215069e-02
1.650824755012989044e+09,3.678564000000000078e+02,1.611601591110229492e+00,-3.391258389728468714e-02
1.650824755212933064e+09,3.685593999999999824e+02,1.605258703231811523e+00,-3.679721419001424909e-02
1.650824755412956953e+09,1.175440000000000040e+01,1.601004481315612793e+00,-3.616129962276470183e-02
1.650824755612963915e+09,1.154139999999999944e+01,1.597835659980774370e+00,-3.503235172006767539e-02
1.650824755813215971e+09,1.307039999999999935e+01,1.592042803764343706e+00,-2.621723392225275284e-02
1.650824756012945890e+09,3.677093999999999596e+02,1.593755602836608887e+00,-1.983192613821979297e-02
1.650824756212982893e+09,1.828640000000000043e+01,1.582023382186889648e+00,-2.108930341524199378e-02
1.650824756412894964e+09,2.288940000000000197e+01,1.574313402175903764e+00,-2.766993354526676649e-02
1.650824756613001108e+09,2.028040000000000020e+01,1.575723171234130637e+00,-1.919675910345396141e-02
1.650824756813244104e+09,1.986939999999999884e+01,1.576553821563720925e+00,-2.023572894424856619e-02
1.650824757012891054e+09,1.715139999999999887e+01,1.573291420936584473e+00,-2.228953117768704001e-02
1.650824757212872028e+09,1.837340000000000018e+01,1.571394562721252441e+00,-1.119080025122537632e-02
1.650824757412904978e+09,1.831840000000000046e+01,1.567023158073425293e+00,-9.666349934026543037e-03
1.650824757612962961e+09,3.608693999999999846e+02,1.561753988265990989e+00,-1.740534102131200550e-02
1.650824757813215971e+09,3.685113999999999805e+02,1.560274362564086914e+00,-1.626124862324059353e-02
1.650824758012914896e+09,1.688439999999999941e+01,1.556840658187866433e+00,-1.818316943901406718e-02
1.650824758212882042e+09,1.815639999999999787e+01,1.478306531906128152e+00,-1.076766118570977870e-01
1.650824758412925005e+09,2.173440000000000083e+01,1.478131771087646706e+00,-9.877704173440125801e-02
1.650824758613248110e+09,2.027139999999999986e+01,1.472531795501708984e+00,-9.914471538598285116e-02
1.650824758813244104e+09,2.788940000000000197e+01,1.460785746574401855e+00,-1.067416935982564569e-01
1.650824759012906075e+09,2.527539999999999765e+01,1.454234480857849121e+00,-2.831340809131586284e-02
1.650824759212774038e+09,2.312640000000000029e+01,1.453096866607665794e+00,-2.944890025168086720e-02
1.650824759412895918e+09,1.791040000000000276e+01,1.453146815299987571e+00,-2.280619426182559431e-02
1.650824759612924099e+09,1.987640000000000029e+01,1.452636837959289551e+00,-1.989497177241213860e-02
1.650824759813111067e+09,2.082540000000000191e+01,1.452937245368957520e+00,-9.234365900703426361e-03
1.650824760012890100e+09,2.075240000000000151e+01,1.452398657798767312e+00,-2.040178804449921304e-03
1.650824760212924957e+09,2.648040000000000305e+01,1.452407598495483620e+00,-7.660266771236340193e-04
1.650824760412808895e+09,2.335739999999999839e+01,1.454747915267944336e+00,2.345531847260301072e-03
1.650824760612833023e+09,1.550440000000000040e+01,1.458891034126282182e+00,7.003200966516292571e-03
1.650824760813122034e+09,1.154039999999999999e+01,1.461242914199829102e+00,1.040305365261588559e-02
1.650824761012897015e+09,2.298440000000000083e+01,1.462792873382568581e+00,1.221713911001876159e-02
1.650824761212770939e+09,1.574239999999999995e+01,1.467126607894897683e+00,1.487532688440413621e-02
1.650824761412821054e+09,2.258340000000000103e+01,1.471335411071777788e+00,1.383217737242293903e-02
1.650824761612906933e+09,2.403340000000000032e+01,1.471229195594787376e+00,1.175113203418266285e-02
1.650824761813076019e+09,1.294439999999999991e+01,1.472555160522460715e+00,1.148453923426068571e-02
1.650824762012892962e+09,2.050639999999999930e+01,1.468586325645446555e+00,1.824109106303667448e-03
1.650824762212852001e+09,2.143639999999999901e+01,1.467858552932739480e+00,-3.230944146355417719e-03
1.650824762412791967e+09,2.202040000000000219e+01,1.471582293510437012e+00,2.743297796296395152e-04
1.650824762612961054e+09,2.969140000000000157e+01,1.473312139511108398e+00,8.906040848292676605e-04
1.650824762813141108e+09,4.023539999999999850e+01,1.479629755020141602e+00,1.227484609901074129e-02
1.650824763012820959e+09,1.742239999999999966e+01,1.480325102806091309e+00,1.385543876682262567e-02
1.650824763212778091e+09,1.027139999999999986e+01,1.479931831359863281e+00,9.822890373676824646e-03
1.650824763412847996e+09,3.638953999999999951e+02,1.476606249809265359e+00,6.334192270240921428e-03
1.650824763612754107e+09,1.458940000000000126e+01,1.468008518218994141e+00,-1.451569722131144935e-02
1.650824763813067913e+09,1.744140000000000157e+01,1.462167501449584961e+00,-2.268213823868059711e-02
1.650824764012829065e+09,2.186840000000000117e+01,1.462423205375671831e+00,-2.058955551748671564e-02
1.650824764212827921e+09,2.146240000000000236e+01,1.464215636253356712e+00,-1.376462673680133725e-02
1.650824764412719011e+09,1.541239999999999988e+01,1.464215636253356712e+00,-1.376462673680133725e-02
1.650824764612818956e+09,1.587839999999999918e+01,1.462461233139038530e+00,-5.547983487911165718e-03
1.650824764813043118e+09,1.749540000000000006e+01,1.458559989929199663e+00,-3.797495675708309742e-03
1.650824778013180017e+09,1.901194000000000131e+02,-1.380699753761291504e+00,7.766189613289424185e-03
1.650824778212542057e+09,1.905894000000000119e+02,-1.367653846740722656e+00,3.712782697232420992e-02
1.650824778412377119e+09,1.992234000000000265e+02,-1.362876057624817117e+00,5.395235762266539087e-02
1.650824778612467051e+09,1.921154000000000224e+02,-1.331481456756591797e+00,9.216524148614364809e-02
1.650824778812854052e+09,1.907004000000000019e+02,-1.295146703720092995e+00,1.153788883414458288e-01
1.650824779012633085e+09,1.694634000000000071e+02,-1.293765306472777876e+00,1.022485858532612701e-01
1.650824779212563038e+09,1.929654000000000167e+02,-1.298781275749206765e+00,8.101974556985386267e-02
1.650824780012542009e+09,1.751734000000000151e+02,-1.342518091201782449e+00,-4.861911179489625950e-02
1.650824780212487936e+09,1.737804000000000144e+02,-1.338070869445801003e+00,-4.872805284673382281e-02
1.650824780412431002e+09,1.720984000000000265e+02,-1.341249108314514160e+00,-5.666745960369232171e-02
1.650824780612512112e+09,1.756103999999999985e+02,-1.354653000831604226e+00,-3.455581433720310292e-02
1.650824780812794924e+09,1.769544000000000210e+02,-1.355898261070251687e+00,-1.573586084373969698e-02
1.650824781012506008e+09,1.714664000000000215e+02,-1.358029484748840332e+00,-2.346995649314202043e-02
1.650824781612442970e+09,1.838714000000000226e+02,-1.461470961570739968e+00,-1.256236290535362732e-01
1.650824781812860012e+09,1.777814000000000192e+02,-1.567594647407531960e+00,-2.489631198148981039e-01
1.650824782012583017e+09,1.858104000000000156e+02,-1.598618865013122559e+00,-2.613100046432637602e-01
1.650824782212425947e+09,1.927454000000000178e+02,-1.602409720420837180e+00,-2.267178287313710572e-01
1.650824782412373066e+09,1.940854000000000212e+02,-1.594536423683166504e+00,-1.479170724919994517e-01
1.650824782612473965e+09,1.980024000000000228e+02,-1.561739683151245117e+00,6.507837362764331418e-03
1.650824782812809944e+09,1.855684000000000253e+02,-1.532716155052185059e+00,7.095130023508104677e-02
1.650824783012264967e+09,1.824364000000000203e+02,-1.525148510932922585e+00,7.726792442232788272e-02
1.650824783212476015e+09,1.765184000000000140e+02,-1.566562891006470171e+00,3.770568188971071266e-02
1.650824783412468910e+09,1.803084000000000060e+02,-1.626622676849365456e+00,-8.106028698556731749e-02
1.650824783612503052e+09,1.835954000000000121e+02,-1.666940569877624956e+00,-1.579110053966727711e-01
1.650824783812777996e+09,1.826774000000000058e+02,-1.700314044952392800e+00,-2.065361928376334977e-01
1.650824784012594938e+09,1.896704000000000008e+02,-1.726981401443481445e+00,-2.126191063426434991e-01
1.650824784212455988e+09,2.018394000000000119e+02,-1.761003851890564409e+00,-1.493894528041491421e-01
1.650824784412689924e+09,2.067934000000000196e+02,-1.761003851890564409e+00,-1.493894528041491421e-01
1.650824784612421989e+09,1.967254000000000076e+02,-1.766414284706115501e+00,-7.776061260591096702e-02
1.650824784812771082e+09,2.042184000000000026e+02,-1.769604325294494629e+00,-5.326583142917499375e-02
1.650824785012418985e+09,2.037874000000000194e+02,-1.774229288101196067e+00,-4.971915496604469714e-02
1.650824785212353945e+09,2.110574000000000012e+02,-1.775611519813537598e+00,-1.537335120187297011e-02
1.650824785412446022e+09,2.049084000000000003e+02,-1.773880362510680708e+00,-6.994001019735378820e-03
1.650824785612425089e+09,1.984764000000000124e+02,-1.775780558586120605e+00,-7.265731690454306675e-03
1.650824785812755108e+09,1.982554000000000087e+02,-1.778084158897400124e+00,-4.283704516191060539e-03
1.650824786012566090e+09,2.023314000000000021e+02,-1.780269861221313699e+00,-8.060726785689184548e-03
1.650824786212407112e+09,1.988614000000000033e+02,-1.781404733657836692e+00,-6.099261441778704683e-03
1.650824786412417889e+09,1.995404000000000053e+02,-1.781887173652649148e+00,-8.897379825894977806e-03
1.650824786612360954e+09,2.042284000000000219e+02,-1.786147952079772949e+00,-1.152026179426673264e-02
1.650824786812683105e+09,2.074644000000000119e+02,-1.784656882286071999e+00,-5.161618796758367378e-03
1.650824787012609959e+09,2.095934000000000026e+02,-1.774227738380432129e+00,8.443285607020414862e-03
1.650824787212318897e+09,2.016124000000000080e+02,-1.759860038757323997e+00,2.590954815583276089e-02
1.650824787412416935e+09,2.038834000000000231e+02,-1.749262809753417969e+00,3.881234950595052052e-02
1.650824787612418890e+09,2.033723999999999990e+02,-1.746731400489807351e+00,4.507638521512252056e-02
1.650824787812694073e+09,2.092114000000000260e+02,-1.742425799369812234e+00,4.690091972192544229e-02
1.650824788012444973e+09,2.065614000000000203e+02,-1.734990000724792925e+00,4.129326258048783560e-02
1.650824788212397099e+09,2.016934000000000253e+02,-1.725465893745422363e+00,3.207781840091691178e-02
1.650824789012377024e+09,1.801604000000000099e+02,-1.722595453262329102e+00,3.189778507842305853e-03
1.650824789412363052e+09,2.071624000000000194e+02,-1.757798552513122559e+00,-4.313182144261364787e-02
1.650824789612489939e+09,2.059044000000000096e+02,-1.794808268547058550e+00,-8.567487154645643532e-02
1.650824789812661886e+09,2.058814000000000135e+02,-1.795616507530212402e+00,-6.939054822471575623e-02
1.650824790012392998e+09,2.018864000000000090e+02,-1.810922741889953613e+00,-8.835737093107451368e-02
1.650824790212384939e+09,2.156174000000000035e+02,-1.868431568145751953e+00,-1.402321941007247386e-01
1.650824790412215948e+09,2.166204000000000178e+02,-1.913934707641601785e+00,-1.561810623076302917e-01
1.650824790612384081e+09,2.088464000000000169e+02,-1.917351961135864702e+00,-1.432398123783185373e-01
1.650824790812647104e+09,2.229724000000000217e+02,-1.908591866493225098e+00,-1.312663482762136680e-01
1.650824791012454987e+09,2.249234000000000151e+02,-1.899092078208923340e+00,-3.608593986981511320e-02
1.650824791212374926e+09,2.153864000000000090e+02,-1.876095533370971458e+00,-7.666207894584334964e-03
1.650824791412318945e+09,2.154194000000000244e+02,-1.864142417907715066e+00,4.980400957046653143e-02
1.650824791612375021e+09,2.121223999999999990e+02,-1.867450594902038352e+00,5.251405801043241423e-02
1.650824791812654018e+09,2.132264000000000124e+02,-1.867930173873901367e+00,4.629025613285207841e-02
1.650824792012365103e+09,2.002234000000000265e+02,-1.875116825103759988e+00,1.151290188230515285e-03
1.650824792212307930e+09,1.990404000000000053e+02,-1.880526185035705788e+00,-1.820534605615963322e-02
1.650824792412267923e+09,2.083564000000000078e+02,-1.885146617889404297e+00,-1.863113699825392350e-02
1.650824792612278938e+09,2.116624000000000194e+02,-1.885146617889404297e+00,-1.863113699825392350e-02
1.650824792812611103e+09,2.156474000000000046e+02,-1.893000245094299538e+00,-2.639153434903944093e-02
1.650824793012370110e+09,2.217814000000000192e+02,-1.895418047904968484e+00,-2.255541207244793345e-02
1.650824793212570906e+09,2.226044000000000267e+02,-1.884674906730652078e+00,5.894641879277972858e-04
1.650824793412260056e+09,2.224514000000000067e+02,-1.882529139518737793e+00,2.754320207129094464e-03
1.650824793612261057e+09,2.176314000000000135e+02,-1.882147669792175293e+00,1.022142898754892226e-02
1.650824793812330008e+09,2.123894000000000233e+02,-1.876733660697937234e+00,2.075413285791199644e-02
1.650824794012358904e+09,2.113034000000000106e+02,-1.875588893890381303e+00,2.356642065785392523e-02
1.650824794212258101e+09,2.052184000000000026e+02,-1.875088691711425781e+00,1.064900180257678970e-02
1.650824794412307978e+09,1.952454000000000178e+02,-1.876140475273132324e+00,7.097385097239419967e-03
1.650824794612457991e+09,2.086424000000000092e+02,-1.889976382255554199e+00,-1.204507188188009247e-02
1.650824794812617064e+09,2.105364000000000146e+02,-1.899485588073730469e+00,-2.527494851171305582e-02
1.650824795012371063e+09,2.065284000000000049e+02,-1.905399680137634277e+00,-3.137758424559668885e-02
1.650824795212223053e+09,2.144804000000000030e+02,-1.910525798797607200e+00,-3.544138272754195768e-02
1.650824795412036896e+09,2.204034000000000049e+02,-1.909945845603943315e+00,-3.319434783472832023e-02
1.650824795612459898e+09,2.220114000000000090e+02,-1.897388696670532005e+00,-7.805736718735876989e-03
1.650824795812553883e+09,2.194714000000000169e+02,-1.884894013404846413e+00,2.279062236918916184e-02
1.650824796012264013e+09,2.210684000000000253e+02,-1.884894013404846413e+00,2.279062236918916184e-02
1.650824796212258101e+09,2.179204000000000008e+02,-1.844295501708984597e+00,7.723356268566333727e-02
1.650824796412256002e+09,2.080964000000000169e+02,-1.839486598968506081e+00,7.236294010590732517e-02
1.650824796612241983e+09,2.044874000000000080e+02,-1.837987780570983665e+00,6.499621942162760180e-02
1.650824796812572002e+09,2.071914000000000158e+02,-1.840333104133606179e+00,4.951226044494860118e-02
1.650824797012259007e+09,1.967533999999999992e+02,-1.822458505630493386e+00,4.877056998564195667e-02
1.650824797212212086e+09,1.977394000000000176e+02,-1.820693016052246094e+00,2.088157403612857232e-02
1.650824797412260056e+09,2.031684000000000196e+02,-1.824294447898864746e+00,1.521539691988484447e-02
1.650824797612266064e+09,2.120074000000000183e+02,-1.822313547134399858e+00,2.002476219444019115e-02
1.650824797812546015e+09,2.092324000000000126e+02,-1.822869062423706055e+00,-4.562371352123132046e-04
1.650824798212241888e+09,2.101264000000000181e+02,-1.780559420585632324e+00,4.226357992036498118e-02
1.650824798412220001e+09,2.071514000000000237e+02,-1.751257061958313210e+00,8.117623272387318456e-02
1.650824798612273932e+09,2.032284000000000219e+02,-1.733487248420715332e+00,1.045038846274897321e-01
1.650824798812517881e+09,1.965374000000000194e+02,-1.695103764533996582e+00,1.344639310676213340e-01
1.650824799012253046e+09,2.045594000000000108e+02,-1.689797878265381081e+00,1.396712431063581727e-01
1.650824799212131977e+09,1.931014000000000124e+02,-1.689403295516967995e+00,1.012471032931693687e-01
1.650824799412182093e+09,1.924454000000000065e+02,-1.688441038131714089e+00,4.740735257771794969e-02
1.650824799612137079e+09,1.918194000000000017e+02,-1.688675403594970925e+00,2.183576762844155819e-02
1.650824799812468052e+09,2.061564000000000192e+02,-1.687353014945983665e+00,8.156503299082157321e-03
1.650824800012249947e+09,2.142934000000000196e+02,-1.686166524887084961e+00,3.821443186297299958e-03
1.650824800212193012e+09,1.900544000000000153e+02,-1.654386997222899724e+00,4.198420844330433277e-02
1.650824800412233114e+09,1.875844000000000165e+02,-1.606987118721008523e+00,8.145434665575657096e-02
1.650824800612354040e+09,2.061084000000000174e+02,-1.607767462730407937e+00,9.363556112583885926e-02
1.650824800812546015e+09,1.977854000000000099e+02,-1.607494235038757324e+00,9.255756666603087712e-02
1.650824801012242079e+09,2.055554000000000201e+02,-1.604450821876525879e+00,5.874236823897176218e-02
1.650824801212094069e+09,2.069594000000000165e+02,-1.604066848754882368e+00,2.068023432755753191e-02
1.650824801412198067e+09,2.038224000000000160e+02,-1.597598195075988770e+00,1.043316995628560014e-02
1.650824801612199068e+09,1.772384000000000128e+02,-1.598097920417785867e+00,1.044218801873452243e-02
1.650824801812500000e+09,1.914484000000000208e+02,-1.599733352661132590e+00,5.549987756451844889e-03
1.650824802012144089e+09,1.932004000000000019e+02,-1.601044535636901855e+00,3.777287111364828649e-03
1.650824802212142944e+09,1.903884000000000185e+02,-1.599733710289001687e+00,-2.668974195545789803e-03
1.650824802412141085e+09,1.868783999999999992e+02,-1.598006367683410867e+00,-1.585188376819239402e-03
1.650824802612149954e+09,1.845444000000000244e+02,-1.594545364379882812e+00,3.948028727966632415e-03
1.650824802812464952e+09,1.866534000000000049e+02,-1.589877247810363992e+00,1.241057189210414795e-02
1.650824803012041092e+09,1.959984000000000037e+02,-1.590690732002258745e+00,1.063977506928098435e-02
1.650824803212104082e+09,1.839604000000000212e+02,-1.590046525001525879e+00,9.687631061743478753e-03
1.650824803412164927e+09,1.904464000000000112e+02,-1.590970516204834206e+00,7.405038452350602360e-03
1.650824803612056971e+09,1.849664000000000215e+02,-1.594788908958435059e+00,-2.563445592090685208e-04
1.650824803812457085e+09,1.713194000000000017e+02,-1.597366213798522727e+00,-4.303078454252927919e-03
1.650824804012145996e+09,1.723244000000000256e+02,-1.605733394622802956e+00,-1.671777019733240721e-02
1.650824804212097883e+09,1.837584000000000231e+02,-1.608636379241943581e+00,-1.957300197684270007e-02
1.650824804412096977e+09,1.714324000000000012e+02,-1.610295295715332031e+00,-1.933181755194707599e-02
1.650824804612062931e+09,1.928014000000000010e+02,-1.610473275184631570e+00,-1.568904566672541315e-02
1.650824804812464952e+09,2.106094000000000221e+02,-1.608965277671814409e+00,-1.160123237757390569e-02
1.650824805012099028e+09,2.097064000000000021e+02,-1.605113983154296653e+00,3.913568777912219965e-03
1.650824805212053061e+09,2.179154000000000053e+02,-1.602226853370666948e+00,9.489547239109484902e-03
1.650824805412122965e+09,2.110134000000000185e+02,-1.595072388648986816e+00,1.620373215629091271e-02
1.650824805612082005e+09,1.968474000000000217e+02,-1.590514659881591797e+00,2.048749584359687778e-02
1.650824806212042093e+09,2.135054000000000087e+02,-1.522917628288269043e+00,8.765969501232684369e-02
1.650824806412070990e+09,2.070274000000000001e+02,-1.487796187400818093e+00,1.261828175610303360e-01
1.650824806612124920e+09,1.955884000000000071e+02,-1.458467125892639382e+00,1.508640970695960537e-01
1.650824806812403917e+09,2.017584000000000231e+02,-1.450214624404907227e+00,1.391418555574809590e-01
1.650824823011797905e+09,1.802640000000000242e+01,1.431012153625488503e+00,2.092260009304968207e-02
1.650824823211746931e+09,1.715739999999999910e+01,1.432561755180359109e+00,6.388976684014111181e-03
1.650824823411729097e+09,1.599239999999999995e+01,1.434622645378112793e+00,1.157421201799194860e-02
1.650824823611725092e+09,1.714039999999999964e+01,1.434802651405334251e+00,9.935604237785639059e-03
1.650824823812114954e+09,2.579140000000000299e+01,1.434775114059448020e+00,7.716388975171357967e-03
1.650824824011773109e+09,1.267539999999999978e+01,1.435052037239074707e+00,4.251207220416232044e-03
1.650824824211739063e+09,2.441939999999999955e+01,1.435750484466552512e+00,1.987617160145726224e-03
1.650824824411756992e+09,2.523440000000000083e+01,1.434647798538208008e+00,-1.821643310179718621e-04
1.650824824611840010e+09,1.150339999999999918e+01,1.434807896614074707e+00,3.642524982423161198e-05
1.650824824812082052e+09,1.391840000000000011e+01,1.432743430137634499e+00,-2.565091549105489623e-03
1.650824825011795044e+09,1.222139999999999915e+01,1.424896597862243874e+00,-1.143118336224689321e-02
1.650824825211678982e+09,1.603040000000000020e+01,1.409459710121155007e+00,-2.767469933944980906e-02
1.650824825411681890e+09,2.028439999999999799e+01,1.400539398193359375e+00,-3.590793917328986146e-02
1.650824825611700058e+09,1.865540000000000020e+01,1.397620439529419167e+00,-3.914905205508333735e-02
1.650824825812088966e+09,1.805839999999999890e+01,1.397122263908386230e+00,-3.958244581078761148e-02
1.650824826011758089e+09,2.285239999999999938e+01,1.396836996078491433e+00,-2.954129978656758887e-02
1.650824826211745977e+09,2.845539999999999736e+01,1.399135828018188699e+00,-1.559626367885314164e-03
1.650824826411693096e+09,2.513940000000000197e+01,1.400186300277710405e+00,3.018676130159300957e-03
1.650824826611773968e+09,1.837839999999999918e+01,1.402467012405395730e+00,5.939285362294420036e-03
1.650824826812067986e+09,2.460139999999999816e+01,1.401311159133911133e+00,4.972338946800001006e-03
1.650824827011725903e+09,1.999439999999999884e+01,1.400624155998229980e+00,2.578522925827255331e-03
1.650824827211666107e+09,2.932339999999999947e+01,1.400020837783813255e+00,9.318522773139501728e-04
1.650824827411650896e+09,2.257540000000000191e+01,1.400519847869873047e+00,3.336607135612539216e-04
1.650824827611776114e+09,1.272739999999999938e+01,1.400557637214660645e+00,-2.010406366424895806e-03
1.650824827811995983e+09,3.965540000000000020e+01,1.400046944618225098e+00,-1.331012272171614580e-03
1.650824828011735916e+09,2.634040000000000248e+01,1.400644183158874734e+00,2.108431088816404528e-05
1.650824828211689949e+09,1.983140000000000214e+01,1.401088833808898926e+00,1.186802030187877411e-03
1.650824828411710024e+09,2.629140000000000299e+01,1.401299953460693359e+00,8.669579843332849258e-04
1.650824828611749887e+09,2.023239999999999839e+01,1.401065349578857644e+00,5.346351701819441592e-04
1.650824828812015057e+09,1.520040000000000013e+01,1.402012825012207475e+00,1.521103069339829880e-03
1.650824829011683941e+09,2.048039999999999949e+01,1.402307748794555664e+00,1.354471119099142327e-03
1.650824829211657047e+09,1.631439999999999912e+01,1.402984857559203880e+00,1.981841208163155361e-03
1.650824829411890984e+09,2.616740000000000066e+01,1.403505802154541238e+00,3.049085631764823605e-03
1.650824829611681938e+09,2.426140000000000185e+01,1.404294490814209206e+00,3.083048549860614197e-03
1.650824829812091112e+09,3.142739999999999867e+01,1.407683610916137473e+00,6.669674586617936086e-03
1.650824830011709929e+09,3.043639999999999901e+01,1.412681818008422852e+00,1.152728590593785594e-02
1.650824830211690903e+09,2.879339999999999833e+01,1.415331721305847390e+00,1.314225183025493314e-02
1.650824830411645889e+09,1.933140000000000214e+01,1.414374470710753950e+00,1.185976924244194070e-02
1.650824830611639023e+09,2.786639999999999873e+01,1.414087772369384988e+00,6.740729959246417533e-03
1.650824830812002897e+09,2.110539999999999949e+01,1.412406444549560547e+00,-3.059029739330938811e-04
1.650824831011755943e+09,1.877340000000000231e+01,1.412137508392333984e+00,-2.797459681488193104e-03
1.650824831211672068e+09,1.422840000000000060e+01,1.412082433700561745e+00,-3.419934364160964746e-03
1.650824831411673069e+09,2.205940000000000012e+01,1.411154389381408913e+00,-4.629306289848511211e-03
1.650824831611632109e+09,1.939540000000000219e+01,1.413141608238220437e+00,-1.113130650151325290e-03
1.650824831811980009e+09,2.937939999999999685e+01,1.426773786544799583e+00,1.626348170282142583e-02
1.650824832011651993e+09,2.086639999999999873e+01,1.427440285682678001e+00,1.806776417816871594e-02
1.650824832211625099e+09,1.816339999999999932e+01,1.431578755378723145e+00,2.402992225464884585e-02
1.650824832411616087e+09,1.971240000000000236e+01,1.432875037193298340e+00,2.192907388027077673e-02
1.650824832611648083e+09,2.275740000000000052e+01,1.431595325469970703e+00,9.098272309903218669e-03
1.650824832811939001e+09,2.208939999999999770e+01,1.434073567390441672e+00,8.112227067640883846e-03
1.650824833011635065e+09,2.553139999999999787e+01,1.439040064811706543e+00,8.777810189496360049e-03
1.650824833211623907e+09,2.084140000000000015e+01,1.442073822021484597e+00,1.149707347220707380e-02
1.650824833411653996e+09,1.644440000000000168e+01,1.443289279937744363e+00,1.041520373436097963e-02
1.650824833611623049e+09,1.529640000000000022e+01,1.441514730453491655e+00,9.921297320809008627e-03
1.650824833811922073e+09,1.962940000000000040e+01,1.439069151878356712e+00,4.996116939609529170e-03
1.650824834011657000e+09,1.271840000000000082e+01,1.439397454261779563e+00,3.360137495719505828e-03
1.650824834211594105e+09,1.902139999999999986e+01,1.440317511558532493e+00,-1.951873138447691265e-03
1.650824834411566973e+09,1.500639999999999930e+01,1.440971612930297852e+00,-6.388658140608427863e-04
1.650824834611648083e+09,2.250740000000000052e+01,1.441801905632019265e+00,3.214849677309495040e-03
1.650824834811907053e+09,1.467839999999999989e+01,1.442289829254150391e+00,3.213981235637558814e-03
1.650824835011621952e+09,1.555839999999999890e+01,1.440910100936889648e+00,6.971544709746165793e-04
1.650824835211539984e+09,1.838540000000000063e+01,1.432168245315551980e+00,-8.615124047297932977e-03
1.650824835411562920e+09,1.875039999999999907e+01,1.431201696395873801e+00,-1.028167081039728890e-02
1.650824835611546040e+09,2.199640000000000128e+01,1.431877017021178977e+00,-1.044407385115359889e-02
1.650824835811896086e+09,1.940240000000000009e+01,1.433839917182922363e+00,-8.891082576448407909e-03
1.650824836011624098e+09,1.418040000000000056e+01,1.434042215347289817e+00,-7.226830039287703358e-03
1.650824836211647034e+09,1.584740000000000038e+01,1.432946443557739480e+00,9.154671027850225674e-04
1.650824836411544085e+09,1.985439999999999827e+01,1.434800624847412109e+00,3.248677414081920390e-03
1.650824836611517906e+09,2.250140000000000029e+01,1.434982895851135032e+00,1.344697532813817539e-03
1.650824836811875105e+09,2.608939999999999770e+01,1.435917496681213379e+00,2.083868728589709403e-03
1.650824837011552095e+09,2.150339999999999918e+01,1.437603712081909402e+00,5.175039745333152169e-03
1.650824837211483955e+09,1.737440000000000140e+01,1.438401579856872559e+00,5.450662014358019329e-03
1.650824837411477089e+09,1.081739999999999924e+01,1.437797665596008523e+00,3.525875305100899769e-03
1.650824837611645937e+09,9.749399999999999622e+00,1.429169535636901855e+00,-6.460279336935772013e-03
1.650824837811897039e+09,1.294940000000000069e+01,1.420277237892150879e+00,-1.738015837669320759e-02
1.650824838011595964e+09,2.391040000000000276e+01,1.407063364982604980e+00,-3.393601683667062802e-02
1.650824838211514950e+09,2.683939999999999770e+01,1.396803617477416992e+00,-4.379535018684144881e-02
1.650824838411514044e+09,2.436939999999999884e+01,1.391456484794616699e+00,-3.970324721759754122e-02
1.650824838611464024e+09,1.940740000000000265e+01,1.394600987434387429e+00,-2.852976121882115287e-02
1.650824838811877012e+09,2.234640000000000271e+01,1.394761919975280762e+00,-1.447180681893720997e-02
1.650824839011559963e+09,2.449239999999999995e+01,1.394243836402893510e+00,-3.199251715092171419e-03
1.650824839211499929e+09,1.434839999999999982e+01,1.393817305564880593e+00,2.676381625021042980e-03
1.650824839411520958e+09,2.181240000000000023e+01,1.392096042633056641e+00,4.200071721917340351e-04
1.650824839611449003e+09,1.998339999999999961e+01,1.378922104835510698e+00,-1.760296836966157574e-02
1.650824839811809063e+09,2.566339999999999932e+01,1.373876690864562988e+00,-2.144327019283577551e-02
1.650824840011548042e+09,1.626839999999999975e+01,1.366445064544677512e+00,-2.881781627934634424e-02
1.650824840211549997e+09,1.587640000000000029e+01,1.358342885971069114e+00,-3.553323062728497295e-02
1.650824840411482096e+09,1.722939999999999827e+01,1.351904153823852539e+00,-3.552831564805785519e-02
1.650824840611494064e+09,2.342839999999999989e+01,1.343921899795532449e+00,-3.888884473760894495e-02
1.650824840811827898e+09,1.150539999999999985e+01,1.315762281417846680e+00,-6.333458863010972550e-02
1.650824841011490107e+09,2.152139999999999986e+01,1.292339444160461204e+00,-8.248002118917385772e-02
1.650824841211421013e+09,2.536739999999999995e+01,1.279122114181518999e+00,-8.562207196607039827e-02
1.650824841411545038e+09,3.160540000000000305e+01,1.280236601829528587e+00,-7.076964611401594107e-02
1.650824841611524105e+09,3.190740000000000265e+01,1.281374812126159890e+00,-5.392058167622355153e-02
1.650824841811806917e+09,2.465039999999999765e+01,1.282038807868957520e+00,-3.746659179343464485e-02
1.650824842011527061e+09,2.023639999999999972e+01,1.279226779937744141e+00,-1.542125426444359085e-02
1.650824842211409092e+09,2.430140000000000100e+01,1.274762034416198953e+00,-5.127205153811949419e-03
1.650824842411406994e+09,2.848239999999999839e+01,1.270259499549865945e+00,-1.173426668334111994e-02
1.650824842611510038e+09,2.280940000000000012e+01,1.263821005821227805e+00,-2.024598510226592596e-02
1.650824842811778069e+09,2.383539999999999992e+01,1.259950399398803711e+00,-2.142464012482050290e-02
1.650824843011425972e+09,2.200639999999999930e+01,1.254139780998229980e+00,-2.426692268285059878e-02
1.650824843211430073e+09,3.595663999999999874e+02,1.238779306411743386e+00,-3.313661961933826033e-02
1.650824843411509991e+09,3.552253999999999792e+02,1.226968884468078835e+00,-4.500986714644137493e-02
1.650824843611455917e+09,2.204039999999999822e+01,1.211291074752807617e+00,-5.835172882289612478e-02
1.650824843812079906e+09,2.690540000000000020e+01,1.194974541664123313e+00,-6.839120799368206272e-02
1.650824844011475086e+09,3.500739999999999696e+01,1.192628383636474831e+00,-6.152159154561143151e-02
1.650824844211376905e+09,3.652640000000000242e+01,1.191644906997680664e+00,-4.713810815231567891e-02
1.650824844411408901e+09,3.527139999999999986e+01,1.191395401954651101e+00,-3.557567084385817452e-02
1.650824844611455917e+09,3.933840000000000003e+01,1.184942483901977761e+00,-1.180325321249562319e-02
1.650824844811769009e+09,3.717340000000000089e+01,1.183393239974975808e+00,-1.086468107736348471e-02
1.650824845011435032e+09,4.294339999999999691e+01,1.182349681854247603e+00,-1.091838881238097261e-02
1.650824845211369038e+09,3.455040000000000333e+01,1.190739154815674050e+00,-9.536387002097803820e-04
1.650824845411434889e+09,3.426740000000000208e+01,1.194867372512817605e+00,3.655335899326840870e-03
1.650824845611381054e+09,3.220239999999999725e+01,1.192958116531372070e+00,1.062785627942376687e-02
1.650824845811729908e+09,2.305539999999999878e+01,1.192958116531372070e+00,1.062785627942376687e-02
1.650824846011411905e+09,2.206940000000000168e+01,1.194104075431823730e+00,1.306102412268666906e-02
1.650824846211354971e+09,2.662740000000000151e+01,1.197516798973083718e+00,2.944411368117264612e-03
1.650824846411406040e+09,3.503940000000000055e+01,1.183651328086853027e+00,-1.102398946873610515e-02
1.650824846611449957e+09,3.860739999999999839e+01,1.177005767822265847e+00,-1.876541838729979192e-02
1.650824846811712980e+09,1.601839999999999975e+01,1.174569249153137429e+00,-2.440939744671774200e-02
1.650824863011188030e+09,1.893783999999999992e+02,-1.602140069007873757e+00,-5.987280688042500784e-03
1.650824863211060047e+09,1.914184000000000196e+02,-1.598420739173889160e+00,-1.446447276466938546e-03
1.650824863411115885e+09,1.921024000000000171e+02,-1.599756121635437456e+00,-6.134075444766763684e-04
1.650824863611048937e+09,1.925424000000000149e+02,-1.603804230690002441e+00,-3.136325934175568202e-03
1.650824863811444044e+09,1.955524000000000058e+02,-1.605268955230712891e+00,-3.476798690613795879e-03
1.650824864011122942e+09,1.966024000000000171e+02,-1.603895783424377219e+00,-1.146441844948480233e-02
1.650824864211174011e+09,1.968114000000000203e+02,-1.604635357856750932e+00,-6.907735120981261384e-03
1.650824864411150932e+09,1.964934000000000083e+02,-1.604676008224487083e+00,-1.025702163469967461e-03
1.650824864611090899e+09,1.952084000000000117e+02,-1.604713797569274680e+00,6.530411919368975119e-04
1.650824864811428070e+09,1.955524000000000058e+02,-1.605596423149108887e+00,-2.000161515916608346e-03
1.650824865011174917e+09,1.944474000000000160e+02,-1.605183959007263406e+00,-6.452099540109149664e-04
1.650824877010895967e+09,1.570694000000000017e+02,-1.607521533966064453e+00,7.563086205407592905e-05
