1.545609889256531954e+09,9.732699999999999463e+00,-2.968017339706420898e+00,nan
1.545609889456676006e+09,9.732699999999999463e+00,-2.968670368194580078e+00,-4.352683360163491465e-03
1.545609889656527996e+09,9.732699999999999463e+00,-2.968265771865844727e+00,-8.280165190090183749e-04
1.545609889856904030e+09,9.732699999999999463e+00,-2.968526601791381836e+00,-1.018656775140577972e-03
1.545609890056679010e+09,9.732699999999999463e+00,-2.967645406723022461e+00,4.375829935052585841e-04
1.545609890256684065e+09,9.732699999999999463e+00,-2.968621253967285156e+00,-6.039270757459977781e-04
1.545609890656604052e+09,3.649727000000000317e+02,-2.968687772750854492e+00,-1.790943864507148567e-04
1.545609891056525946e+09,6.599970000000000425e+01,-2.968628168106079102e+00,-1.091966811838382531e-03
1.545609891256553888e+09,9.732699999999999463e+00,-2.968621253967285156e+00,0.000000000000000000e+00
1.545609891456583977e+09,3.470197000000000003e+02,-2.968180656433105469e+00,8.280847348433473948e-04
1.545609891856945992e+09,3.470846999999999980e+02,-2.967607259750366211e+00,1.134375853530407126e-03
1.545609892056603909e+09,9.732699999999999463e+00,-2.968791246414184570e+00,-1.888870315144633709e-04
1.545609892256640911e+09,9.732699999999999463e+00,-2.968487977981567383e+00,-3.615450680372282038e-04
1.545609892456602097e+09,3.481527000000000385e+02,-2.968108892440795898e+00,-3.873631536577908617e-04
1.545609892857078075e+09,2.424669999999999703e+01,-2.968751192092895508e+00,-1.271265815641020808e-03
1.545609893056664944e+09,9.732699999999999463e+00,-2.968537092208862305e+00,-5.457993191285969310e-05
1.545609893256630898e+09,3.354070000000000107e+01,-2.969107627868652344e+00,-1.109785879411922041e-03
1.545609893456537962e+09,1.855570000000000164e+01,-2.968878269195556641e+00,-4.959052753606603154e-04
1.545609893656507969e+09,4.881070000000000420e+01,-2.968872785568237305e+00,-1.519816620714564226e-04
1.545609893856862068e+09,1.634870000000000090e+01,-2.969143629074096680e+00,2.685146497326773463e-05
1.545609894056560993e+09,3.591267000000000280e+02,-2.968106508255004883e+00,4.532100749151736800e-04
1.545609894256612062e+09,1.679169999999999874e+01,-2.968168735504150391e+00,1.043016898568857901e-03
1.545609894456547976e+09,9.732699999999999463e+00,-2.969576120376586914e+00,-7.752079646990367792e-04
1.545609894656507015e+09,9.732699999999999463e+00,-2.968583345413208008e+00,3.046085466534084068e-04
1.545609894857320070e+09,9.732699999999999463e+00,-2.968296527862548828e+00,-2.235185237120341042e-04
1.545609895456533909e+09,9.732699999999999463e+00,-2.968155384063720703e+00,5.034491172812064451e-04
1.545609895656616926e+09,3.437167000000000030e+02,-2.968645572662353516e+00,-1.245319883130655730e-04
1.545609895856823921e+09,9.732699999999999463e+00,-2.968595743179321289e+00,-3.324661838180363788e-04
1.545609896256537914e+09,3.390857000000000312e+02,-2.967421770095825195e+00,6.837122866411052225e-04
1.545609896456512928e+09,9.732699999999999463e+00,-2.968318462371826172e+00,3.634052983538958639e-04
1.545609896656533957e+09,9.732699999999999463e+00,-2.967732906341552734e+00,1.014874259631139966e-03
1.545609896856867075e+09,9.732699999999999463e+00,-2.967334985733032227e+00,1.808559655686586571e-03
1.545609897256535053e+09,9.732699999999999463e+00,-2.967692852020263672e+00,2.312913635327967527e-04
1.545609897456576109e+09,9.732699999999999463e+00,-2.968583345413208008e+00,-2.789057155588469577e-04
1.545609897857255936e+09,3.477117000000000075e+02,-2.968430995941162109e+00,-1.154071711611111186e-03
1.545609898056487083e+09,3.501447000000000003e+02,-2.967839002609252930e+00,-4.692143659430204308e-04
1.545609898456449032e+09,9.732699999999999463e+00,-2.967234134674072266e+00,2.916853771841631583e-04
1.545609898656445980e+09,1.500269999999999904e+01,-2.967698335647583008e+00,8.141859650554457515e-04
1.545609898856744051e+09,9.732699999999999463e+00,-2.968136548995971680e+00,-3.306450758258178634e-04
1.545609899056468010e+09,9.732699999999999463e+00,-2.967591285705566406e+00,1.809301831097606618e-04
1.545609899256408930e+09,9.732699999999999463e+00,-2.968591690063476562e+00,-8.466451655511980038e-04
1.545609899656419039e+09,1.881069999999999709e+01,-2.967859983444213867e+00,3.455939747478057960e-04
1.545609899856688976e+09,8.186669999999999447e+01,-2.968155860900878906e+00,-6.640288717958784271e-04
1.545609900056425095e+09,3.022670000000000101e+01,-2.966600179672241211e+00,2.342248721409241272e-03
1.545609900456437111e+09,9.732699999999999463e+00,-2.968590021133422852e+00,-9.123285622303721866e-04
1.545609900656439066e+09,9.732699999999999463e+00,-2.968033552169799805e+00,-1.826511971807486543e-04
1.545609901056371927e+09,9.732699999999999463e+00,-2.968171358108520508e+00,-1.653749934439731253e-03
1.545609901256345987e+09,9.732699999999999463e+00,-2.968072414398193359e+00,-1.788418630171480651e-04
1.545609901456384897e+09,3.428177000000000021e+02,-2.968413352966308594e+00,1.963726968278521709e-04
1.545609901656451941e+09,9.732699999999999463e+00,-2.967889785766601562e+00,1.221504305074012269e-04
1.545609901857060909e+09,9.732699999999999463e+00,-2.968441247940063477e+00,-3.174828434459004236e-04
1.545609902056473017e+09,3.652267000000000507e+02,-2.967949390411376953e+00,1.447033119391169119e-04
1.545609963055685997e+09,3.637327000000000226e+02,1.175611495971679465e+00,1.783804150203337213e-01
1.545609963255706072e+09,3.687247000000000412e+02,1.208573937416076438e+00,2.130358803293600778e-01
1.545609963455704927e+09,3.581537000000000148e+02,1.284594774246215820e+00,2.579752324870773772e-01
1.545609963655699015e+09,3.410797000000000025e+02,1.332437634468078613e+00,2.505422041256177845e-01
1.545609964055651903e+09,2.915869999999999607e+01,1.415235877037048562e+00,2.296638991220451842e-01
1.545609964255767107e+09,3.408247000000000071e+02,1.419347643852233887e+00,1.916282034672120160e-01
1.545609999255235910e+09,2.177966999999999871e+02,1.200815439224242942e+00,-4.647623470931222522e-01
1.545609999455270052e+09,2.048547000000000082e+02,1.199491262435913086e+00,-3.641453240009608905e-01
1.545609999655299902e+09,2.157817000000000007e+02,1.185591101646423340e+00,-3.084992132451096492e-01
1.545609999855513096e+09,2.161086999999999989e+02,1.178997516632080078e+00,-1.291899145558551010e-01
1.545610000055227995e+09,2.074307000000000016e+02,1.188372611999511719e+00,-1.554941062165166553e-02
1.545610000255209923e+09,1.808676999999999850e+02,1.245694279670715554e+00,4.487943965163763982e-02
1.545610044054711103e+09,2.278269999999999840e+01,2.990354299545288086e+00,9.012182677645946827e-02
1.545610044454710007e+09,3.549886999999999944e+02,3.067645311355590820e+00,2.413505445065803334e-01
1.545610044854918003e+09,8.687969999999999970e+01,-3.133077144622802734e+00,2.394293769423902762e-01
1.545610045054647923e+09,8.096269999999999811e+01,-3.097091436386108398e+00,1.718106941856814007e-01
1.545610050654601097e+09,3.572297000000000367e+02,2.812283754348754883e+00,-2.304647671649315832e-01
1.545610054254524946e+09,3.391037000000000035e+02,1.942361116409301758e+00,-4.069409748050634157e-01
1.545610054454552889e+09,3.476097000000000321e+02,1.886454224586486594e+00,-3.952364641759868458e-01
1.545610054654568911e+09,3.409956999999999994e+02,1.852317810058593750e+00,-3.432357319301425624e-01
1.545610055054578066e+09,3.470537000000000489e+02,1.719905257225036399e+00,-3.400450422912958959e-01
1.545610055254501104e+09,3.496277000000000044e+02,1.622802019119262695e+00,-3.550770076876553216e-01
1.545610055454504967e+09,3.532657000000000380e+02,1.533471465110778587e+00,-3.750770929094716655e-01
1.545610055654516935e+09,3.616657000000000153e+02,1.487455725669861062e+00,-3.807335898781379346e-01
1.545610055855228901e+09,3.582197000000000457e+02,1.436597108840942605e+00,-3.332971972619978573e-01
1.545610056054521084e+09,3.665427000000000248e+02,1.325404405593872292e+00,-3.128607191219666128e-01
1.545610056254477024e+09,1.698170000000000002e+01,1.265973806381225808e+00,-3.223185090219876092e-01
1.545610056454538107e+09,1.422969999999999935e+01,1.211424827575683816e+00,-3.245488232921245886e-01
1.545610056654517889e+09,2.419469999999999743e+01,1.165352225303650346e+00,-3.012957733498341506e-01
1.545610056855189085e+09,2.121869999999999834e+01,1.134655714035034402e+00,-2.715758192530967063e-01
1.545610057054533958e+09,1.182770000000000010e+01,1.124011158943176270e+00,-2.237656266887632084e-01
1.545610057254491091e+09,3.634037000000000148e+02,1.032094955444335938e+00,-2.240178126809323766e-01
1.545610057454602957e+09,1.585469999999999935e+01,9.631863236427307129e-01,-2.525903351744629988e-01
1.545610057654525042e+09,2.671170000000000044e+01,9.000540971755980335e-01,-2.760218306202618099e-01
1.545610057855218887e+09,4.115670000000000073e+01,8.436977863311769799e-01,-3.115460105044672301e-01
1.545610058054666996e+09,3.681437000000000239e+02,8.191657066345215954e-01,-2.816382610041573420e-01
1.545610058254308939e+09,3.517017000000000166e+02,7.871083021163941540e-01,-2.723370798785924030e-01
1.545610058454507113e+09,4.051670000000000016e+01,6.927571296691894531e-01,-2.589509802841214459e-01
1.545610058654498100e+09,3.581770000000000209e+01,6.263913512229918323e-01,-2.714577482197163549e-01
1.545610058855222940e+09,2.705870000000000175e+01,5.621110200881959118e-01,-3.022929239827568115e-01
1.545610059054493904e+09,4.021869999999999834e+01,4.975751638412476141e-01,-3.216509645105668502e-01
1.545610059254443884e+09,3.755570000000000164e+01,4.345551729202270508e-01,-3.199224762027648161e-01
1.545610059454499960e+09,3.114970000000000283e+01,3.667183816432952326e-01,-3.262003587115770986e-01
1.545610059654517889e+09,4.106470000000000198e+01,2.970429658889771618e-01,-3.295576243289919383e-01
1.545610059854857922e+09,3.547169999999999845e+01,2.420082539319991788e-01,-3.371187977342422482e-01
1.545610060054647923e+09,6.044470000000000454e+01,1.839244365692139227e-01,-3.486548309315738448e-01
1.545610060254483938e+09,7.172669999999999391e+01,1.275977790355682373e-01,-3.611981161188963507e-01
1.545610060454498053e+09,8.501670000000000016e+01,-2.202919311821461071e-02,-3.753925304450453360e-01
1.545610060654493093e+09,6.597169999999999845e+01,-7.501485198736192184e-02,-3.729840946359727627e-01
1.545610060854731083e+09,7.488669999999999050e+01,-1.467685103416442871e-01,-3.675068598191063574e-01
1.545610061054459095e+09,7.764069999999999538e+01,-1.940075457096100131e-01,-3.574441287562609704e-01
1.545610061254473925e+09,8.594069999999999254e+01,-2.568992972373962957e-01,-3.640486174472812864e-01
1.545610061454482079e+09,8.342569999999999197e+01,-3.772450387477874756e-01,-3.737894462659396844e-01
1.545610061654474974e+09,7.570869999999999322e+01,-4.535535871982575018e-01,-3.833815086596409349e-01
1.545610061855200052e+09,6.970969999999999800e+01,-5.346797704696655273e-01,-4.007313245017511405e-01
1.545610062054444075e+09,7.553969999999999629e+01,-5.936673879623411976e-01,-3.961701286837659985e-01
1.545610062254416943e+09,6.585370000000000346e+01,-6.543315649032592773e-01,-3.970507312205351358e-01
1.545610062454488039e+09,7.630969999999999231e+01,-7.806023955345156029e-01,-4.085879545166838933e-01
1.545610062654548883e+09,8.589969999999999573e+01,-8.685933947563171387e-01,-4.172718023125899234e-01
1.545609872290654898e+09,2.752349999999999852e+01,-2.807011365890502930e+00,nan
1.545609872490916014e+09,8.574349999999999739e+01,-2.807420492172241211e+00,-2.047715591874531022e-03
1.545609872690661907e+09,9.732499999999999929e+00,-2.807074546813964844e+00,-1.149155132473736446e-04
1.545609872890635967e+09,3.487744999999999891e+02,-2.807357549667358398e+00,-4.946631231707769669e-04
1.545609873090765953e+09,1.145449999999999946e+01,-2.808120727539062500e+00,-1.305358506488077776e-03
1.545609873490881920e+09,9.732499999999999929e+00,-2.807229757308959961e+00,-3.256398922050616931e-04
1.545609873690690041e+09,9.732499999999999929e+00,-2.807229757308959961e+00,-3.256398922050616931e-04
1.545609873890585899e+09,9.732499999999999929e+00,-2.807327270507812500e+00,3.188448076876244903e-05
1.545609874090598106e+09,6.237450000000000472e+01,-2.807980537414550781e+00,-9.806970631540297412e-04
1.545609874290707111e+09,9.732499999999999929e+00,-2.807641983032226562e+00,-4.848560308490701323e-04
1.545609874490874052e+09,3.600255000000000223e+02,-2.807471752166748047e+00,-1.067668120502057250e-03
1.545609874690757036e+09,2.073450000000000060e+01,-2.806698799133300781e+00,6.978051170080996251e-04
1.545609874890697002e+09,2.148649999999999949e+01,-2.805144071578979492e+00,2.071350396558762838e-03
1.545609875090645075e+09,2.700050000000000239e+01,-2.804836511611938477e+00,3.308751669493169203e-03
1.545609875290730000e+09,2.853349999999999653e+01,-2.801607608795166016e+00,6.034856242380428129e-03
1.545609875490936041e+09,1.442350000000000065e+01,-2.797821521759033203e+00,1.146836878530624326e-02
1.545609875690897942e+09,1.356749999999999901e+01,-2.795354843139648438e+00,1.260728647104086657e-02
1.545609875890657902e+09,2.434250000000000114e+01,-2.790674448013305664e+00,1.607935555405421574e-02
1.545609876090621948e+09,1.652149999999999963e+01,-2.790035009384155273e+00,1.741053061986840012e-02
1.545609876290640116e+09,1.770649999999999835e+01,-2.789267301559448242e+00,1.006362305576350563e-02
1.545609876490940094e+09,1.316750000000000043e+01,-2.788095712661743164e+00,8.540161647950791218e-03
1.545609876690742970e+09,3.630844999999999914e+02,-2.788400888442993164e+00,2.675188968885218368e-03
1.545609876890700102e+09,3.695615000000000236e+02,-2.790741443634033203e+00,-7.852572002228296695e-04
1.545609877090688944e+09,1.436650000000000027e+01,-2.794791936874389648e+00,-6.581238118607499361e-03
1.545609877290738106e+09,2.632150000000000034e+01,-2.793926715850830078e+00,-5.178186805281575350e-03
1.545609877490919113e+09,1.238049999999999962e+01,-2.776299476623535156e+00,1.344417397937696518e-02
1.545609877690761089e+09,3.623104999999999905e+02,-2.774714708328247070e+00,1.884781081812357539e-02
1.545609877890630007e+09,3.692164999999999964e+02,-2.805755853652954102e+00,-1.369680633223378102e-02
1.545609878090620041e+09,1.237449999999999939e+01,-2.851840972900390625e+00,-7.236442283630643846e-02
1.545609878290752888e+09,3.694095000000000368e+02,-2.862459182739257812e+00,-6.854130765138612136e-02
1.545609878490921974e+09,2.361650000000000205e+01,-2.867287397384643555e+00,-1.011522896834105706e-01
1.545609878690726995e+09,2.466349999999999909e+01,-2.865795850753784180e+00,-6.673440118551307587e-02
1.545609878890602112e+09,2.429149999999999920e+01,-2.862876176834106445e+00,-1.298427692010763364e-02
1.545609879090666056e+09,1.813850000000000051e+01,-2.857159137725830078e+00,6.233324874555388334e-03
1.545609879290692091e+09,1.423949999999999960e+01,-2.856198072433471680e+00,1.304202261267783762e-02
1.545609879490890026e+09,1.987550000000000239e+01,-2.853361129760742188e+00,1.490201533672990374e-02
1.545609879690697908e+09,1.844650000000000034e+01,-2.856950998306274414e+00,9.828190784210041192e-03
1.545609879890655994e+09,1.264250000000000007e+01,-2.863158702850341797e+00,-7.057714853062438051e-03
1.545609880090609074e+09,3.633815000000000168e+02,-2.866003036499023438e+00,-1.225471571890408666e-02
1.545609880290714979e+09,3.576005000000000109e+02,-2.863965988159179688e+00,-8.175737324482996657e-03
1.545609880490900993e+09,3.684385000000000332e+02,-2.870758533477783203e+00,-1.830841027699718973e-02
1.545609880690690041e+09,1.333150000000000013e+01,-2.898936986923217773e+00,-4.047209880507673246e-02
1.545609880890681982e+09,1.551549999999999940e+01,-2.928021907806396484e+00,-7.295603975524446450e-02
1.545609881090610027e+09,2.063949999999999818e+01,-2.928021907806396484e+00,-7.295603975524446450e-02
1.545609881290685892e+09,2.843549999999999756e+01,-2.949861288070678711e+00,-9.544485039808978111e-02
1.545609881490901947e+09,3.865050000000000097e+01,-2.958639860153198242e+00,-8.203130393914051521e-02
1.545609881690711975e+09,3.985049999999999670e+01,-2.962910890579223633e+00,-7.110214875682666080e-02
1.545609881890619040e+09,2.646450000000000102e+01,-2.969542980194091797e+00,-2.459732242542453373e-02
1.545609882090610981e+09,3.323949999999999960e+01,-2.971471071243286133e+00,-2.274242456557221820e-02
1.545609882290628910e+09,4.025750000000000028e+01,-2.976776838302612305e+00,-2.098783987466261089e-02
1.545609882490890980e+09,2.880749999999999744e+01,-2.975953340530395508e+00,-1.534400453722977072e-02
1.545609882690684080e+09,1.956750000000000256e+01,-2.978741168975830078e+00,-1.933880880567253116e-02
1.545609882890607119e+09,1.974549999999999983e+01,-2.986378669738769531e+00,-1.980601804065879740e-02
1.545609883090607882e+09,1.901549999999999940e+01,-2.989141702651977539e+00,-1.963586382593610416e-02
1.545609883290636063e+09,2.611849999999999739e+01,-2.991952419281005859e+00,-1.686301459866390920e-02
1.545609883490916967e+09,3.196249999999999858e+01,-2.989583969116210938e+00,-1.514626473734658613e-02
1.545609883690673113e+09,2.927949999999999875e+01,-2.988867282867431641e+00,-2.620773256161377986e-03
1.545609883890619040e+09,2.848349999999999937e+01,-2.984699726104736328e+00,4.936794928119566002e-03
1.545609884090596914e+09,2.282150000000000034e+01,-2.986220121383666992e+00,6.744351679103169524e-03
1.545609884290676117e+09,3.252850000000000108e+01,-2.988549232482910156e+00,1.088925030271614127e-03
1.545609884490926981e+09,3.299549999999999983e+01,-2.991352081298828125e+00,-4.202515438656519511e-03
1.545609884690639019e+09,3.536749999999999972e+01,-2.992783546447753906e+00,-4.120480791324965773e-03
1.545609884890623093e+09,2.471849999999999881e+01,-2.989784955978393555e+00,-4.193411867254619001e-03
1.545609885090621948e+09,1.868950000000000244e+01,-2.988623142242431641e+00,-1.931650669811990628e-03
1.545609885290672064e+09,2.294350000000000023e+01,-2.988378047943115234e+00,1.902336482521555070e-04
1.545609885490916014e+09,1.786549999999999727e+01,-2.981096029281616211e+00,1.375001016784375280e-02
1.545609885690697908e+09,2.053750000000000142e+01,-2.974067211151123047e+00,1.848995736581844282e-02
1.545609885890630960e+09,2.804249999999999687e+01,-2.974067211151123047e+00,1.848995736581844282e-02
1.545609886090646982e+09,2.737650000000000006e+01,-2.975406885147094727e+00,1.441486459883594730e-02
1.545609886290694952e+09,2.882350000000000279e+01,-2.975406885147094727e+00,1.441486459883594730e-02
1.545609886490964890e+09,2.506949999999999790e+01,-2.969259500503540039e+00,1.246309409377470423e-02
1.545609886690710068e+09,2.625350000000000250e+01,-2.971342563629150391e+00,3.027627230947712526e-03
1.545609886890742064e+09,3.280550000000000210e+01,-2.970057249069213867e+00,5.204271002399921305e-03
1.545609887090635061e+09,3.276250000000000284e+01,-2.968002796173095703e+00,8.709428450593940593e-03
1.545609887290648937e+09,3.233650000000000091e+01,-2.967933654785156250e+00,5.412825406228367366e-03
1.545609887490917921e+09,3.589849999999999852e+01,-2.961392879486083984e+00,1.105711322757378830e-02
1.545609887690788031e+09,4.081649999999999778e+01,-2.954846620559692383e+00,1.690143979348866093e-02
1.545609887890636921e+09,3.053349999999999653e+01,-2.951125621795654297e+00,1.985264484580882491e-02
1.545609888090660095e+09,2.512650000000000006e+01,-2.950797319412231445e+00,1.802925166126228065e-02
1.545609888290671110e+09,2.564949999999999974e+01,-2.951825141906738281e+00,1.354458222006186749e-02
1.545609888490952015e+09,1.935950000000000060e+01,-2.959382295608520508e+00,2.115794393859905895e-03
1.545609888690781116e+09,2.449249999999999972e+01,-2.960834026336669922e+00,-5.987662739585191199e-03
1.545609888890619040e+09,2.866550000000000153e+01,-2.968488693237304688e+00,-2.095000086130019076e-02
1.545609889090666056e+09,2.626350000000000051e+01,-2.972136735916137695e+00,-2.247434210245481678e-02
1.545609889290642023e+09,1.867350000000000065e+01,-2.981152772903442383e+00,-3.088303967301522096e-02
1.545609889490964890e+09,1.629850000000000065e+01,-2.990201473236083984e+00,-3.454316872493765067e-02
1.545609889690706015e+09,2.535750000000000171e+01,-2.998696565628051758e+00,-3.552588265840296577e-02
1.545609889890645027e+09,2.186950000000000216e+01,-2.998513936996459961e+00,-3.295287340573192086e-02
1.545609890090643883e+09,2.245749999999999957e+01,-2.999681949615478516e+00,-2.898021053941223987e-02
1.545609890290699959e+09,2.700750000000000028e+01,-3.004888057708740234e+00,-2.395908715433804279e-02
1.545609890490915060e+09,1.799949999999999761e+01,-3.005281209945678711e+00,-1.587229090843387744e-02
1.545609890690790892e+09,2.283449999999999847e+01,-3.007962226867675781e+00,-9.753628215173627478e-03
1.545609890890718937e+09,3.375050000000000239e+01,-3.007525682449340820e+00,-9.014169689037617589e-03
1.545609891090714931e+09,3.767349999999999710e+01,-3.007794618606567383e+00,-8.114981031974126749e-03
1.545609891290780067e+09,2.816749999999999687e+01,-3.004246950149536133e+00,6.412835400950072165e-04
1.545609891490943909e+09,2.066949999999999932e+01,-3.005095720291137695e+00,1.855293321158666331e-04
1.545609891690793037e+09,2.086149999999999949e+01,-3.009503364562988281e+00,-1.541341649202181705e-03
1.545609891890645981e+09,1.952250000000000085e+01,-3.011210680007934570e+00,-3.685254998139013069e-03
1.545609892090796947e+09,2.739950000000000330e+01,-3.013247013092041016e+00,-1.153227229398670790e-02
1.545609892290808916e+09,2.599249999999999972e+01,-3.014476299285888672e+00,-1.136593324762634645e-02
1.545609892490963936e+09,2.943849999999999767e+01,-3.015380859375000000e+00,-1.082771980605031110e-02
1.545609892690768957e+09,2.863250000000000028e+01,-3.014824867248535156e+00,-5.602188869565130104e-03
1.545609892890758038e+09,2.461849999999999739e+01,-3.015316724777221680e+00,-4.322365871631104854e-03
1.545609893090714931e+09,3.488150000000000261e+01,-3.016013145446777344e+00,-2.912044801616006564e-03
1.545609893290713072e+09,3.542049999999999699e+01,-3.007045745849609375e+00,9.262023874085222042e-03
1.545609893490943909e+09,3.768650000000000233e+01,-3.002430200576782227e+00,1.457989311387724619e-02
1.545609893690732956e+09,3.360049999999999670e+01,-3.002037048339843750e+00,1.659523437092653292e-02
1.545609893890647888e+09,2.703849999999999909e+01,-3.000616312026977539e+00,1.924088211484940511e-02
1.545609894090692043e+09,1.767750000000000199e+01,-3.002744436264038086e+00,1.396356070923537515e-02
1.545609894290729046e+09,1.788749999999999929e+01,-3.004871606826782227e+00,2.557574166565698692e-03
1.545609894490914106e+09,2.023550000000000182e+01,-3.008704185485839844e+00,-6.971538689986549880e-03
1.545609894690905094e+09,3.558050000000000068e+01,-3.007053136825561523e+00,-7.152182159970668640e-03
1.545609894890746117e+09,3.068549999999999756e+01,-3.008402347564697266e+00,-6.286592426366123532e-03
1.545609895090728045e+09,2.430150000000000077e+01,-3.007869243621826172e+00,-3.526309471589270713e-03
1.545609895290735960e+09,2.636350000000000193e+01,-3.009632587432861328e+00,-9.769682372422097520e-04
1.545609895490940094e+09,2.598449999999999704e+01,-3.011032342910766602e+00,-3.602670979467861509e-03
1.545609895690718889e+09,3.297650000000000148e+01,-3.008157014846801758e+00,-1.103921974890186052e-03
1.545609895890722036e+09,3.294449999999999790e+01,-3.005447387695312500e+00,2.691499757293386828e-03
1.545609896090720892e+09,2.526849999999999952e+01,-3.004101514816284180e+00,4.564581090101898879e-03
1.545609896290776968e+09,2.780349999999999966e+01,-3.005505561828613281e+00,4.128764008817570851e-03
1.545609896490959883e+09,3.070450000000000301e+01,-3.005505561828613281e+00,4.128764008817570851e-03
1.545609896690788984e+09,2.147050000000000125e+01,-3.006517648696899414e+00,1.725734246463261293e-03
1.545609896890702963e+09,3.118449999999999989e+01,-3.007724761962890625e+00,-2.530150161445406630e-03
1.545609897090652943e+09,2.564849999999999852e+01,-3.007106065750122070e+00,-3.534067349194290348e-03
1.545609897290779114e+09,2.621450000000000102e+01,-3.009056091308593750e+00,-4.176776483278730502e-03
1.545609897490982056e+09,2.319449999999999790e+01,-3.012059926986694336e+00,-6.519496086647653954e-03
1.545609897690789938e+09,2.334850000000000136e+01,-3.014175891876220703e+00,-7.588526735407833540e-03
1.545609897890688896e+09,2.812749999999999773e+01,-3.016214370727539062e+00,-1.012057640368921665e-02
1.545609898090747118e+09,3.344149999999999778e+01,1.225644230842590554e+00,-2.276227448362688310e+00
1.545609898290868998e+09,3.267450000000000188e+01,1.227506637573242410e+00,-2.273241619335597097e+00
1.545609898490940094e+09,2.728150000000000119e+01,1.225317478179931419e+00,-2.154072770913932899e+00
1.545609898690711975e+09,2.725750000000000028e+01,1.223962426185608132e+00,-2.045780080343562179e+00
1.545609898890645981e+09,3.385649999999999693e+01,1.223287582397461160e+00,-2.151580312659201688e+00
1.545609899090647936e+09,2.952150000000000318e+01,1.222632408142089844e+00,-3.345920651951943877e-03
1.545609899290685892e+09,3.089950000000000330e+01,1.222210884094238503e+00,-3.881497262992779709e-03
1.545609899490942001e+09,2.884749999999999659e+01,1.221037745475769265e+00,-4.503141700514080338e-03
1.545609899690706968e+09,2.837850000000000250e+01,1.221668362617492676e+00,-2.413945792842708393e-03
1.545609899890718937e+09,2.350450000000000017e+01,1.220765233039855957e+00,-2.196697786668850780e-03
1.545609900090631962e+09,2.269149999999999778e+01,1.220849156379700151e+00,-3.670234326676700964e-03
1.545609900290740967e+09,2.013250000000000028e+01,1.221610069274902566e+00,6.732498658688821323e-04
1.545609900490962029e+09,2.594250000000000256e+01,1.223499774932861550e+00,2.288682351805471256e-03
1.545609900690762043e+09,2.911149999999999949e+01,1.221410155296325906e+00,-2.582077520976697768e-04
1.545609900890640974e+09,2.501650000000000063e+01,1.226617693901062234e+00,5.853479633362854324e-03
1.545609901090667009e+09,2.595450000000000301e+01,1.224527001380920854e+00,1.216308712400757564e-04
1.545609901290700912e+09,9.732499999999999929e+00,1.226651430130005105e+00,5.309019055474165083e-03
1.545609901490948915e+09,9.732499999999999929e+00,1.225408554077148660e+00,2.010057316510715196e-03
1.545609901690697908e+09,4.383449999999999847e+01,1.226184129714965598e+00,-5.099654283546562437e-04
1.545609901890650988e+09,9.732499999999999929e+00,1.226561784744262695e+00,2.542711717358469084e-03
1.545609902090656996e+09,3.633985000000000127e+02,1.226322889328003374e+00,1.889905034310589193e-03
1.545609902491027117e+09,3.522295000000000300e+02,1.226608872413635254e+00,1.200406199622937320e-03
1.545609902890649080e+09,2.800050000000000239e+01,1.226954817771911843e+00,7.023648004070297442e-04
1.545609903290755987e+09,3.602975000000000136e+02,1.221539735794067827e+00,-4.194794487495043418e-03
1.545609903490971088e+09,4.019149999999999778e+01,1.206892371177673118e+00,-2.075223690629385276e-02
1.545609923090833902e+09,2.138474999999999966e+02,-2.085512638092041016e+00,3.713408866817057702e-02
1.545609923290792942e+09,2.226094999999999970e+02,-2.085512638092041016e+00,3.713408866817057702e-02
1.545609923491014004e+09,2.133694999999999879e+02,-2.076747894287109819e+00,3.143230526443179657e-02
1.545609923690865040e+09,2.182764999999999986e+02,-2.071600437164306641e+00,3.078885240707137858e-02
1.545609923890738964e+09,2.186814999999999998e+02,-2.061984539031982422e+00,3.425832315987588361e-02
1.545609924090711117e+09,2.352724999999999795e+02,-2.050871849060058594e+00,3.839726470705677464e-02
1.545609924290726900e+09,2.267144999999999868e+02,-2.045949697494507280e+00,3.751399874384516581e-02
1.545609924490997076e+09,2.280184999999999889e+02,-2.039488792419433594e+00,3.921263588524812743e-02
1.545609924690768003e+09,2.356334999999999980e+02,-2.030480146408081055e+00,4.326839975083245776e-02
1.545609924890767097e+09,2.175554999999999950e+02,-2.011219739913940874e+00,5.218337379633657125e-02
1.545609925090769053e+09,2.275214999999999748e+02,-2.005901575088500977e+00,4.732148726036188718e-02
1.545609925290816069e+09,2.161664999999999850e+02,-1.997295260429382546e+00,4.963089349770723191e-02
1.545609925490999937e+09,2.197104999999999961e+02,-1.989073157310485840e+00,4.601250236787270131e-02
1.545609925690761089e+09,2.191094999999999970e+02,-1.986846089363098589e+00,3.806798556527909300e-02
1.545609925890718937e+09,2.057184999999999775e+02,-1.981443166732788308e+00,3.134973915798092842e-02
1.545609926090708017e+09,2.181964999999999861e+02,-1.974302291870116743e+00,3.326635067854497030e-02
1.545609926290745974e+09,2.206204999999999927e+02,-1.970033645629882812e+00,3.029273425814214826e-02
1.545609926491039991e+09,2.194384999999999764e+02,-1.961270689964294434e+00,3.089612868423590591e-02
1.545609926690757990e+09,2.249114999999999895e+02,-1.945576310157775657e+00,3.985625028315230300e-02
1.545609926890681028e+09,2.214524999999999864e+02,-1.943435430526733620e+00,3.631805374617400745e-02
1.545609927090801954e+09,2.203884999999999934e+02,-1.933228492736816406e+00,4.090328936403720556e-02
1.545609927290829897e+09,2.142334999999999923e+02,-1.927287936210632546e+00,3.997901952754668448e-02
1.545609927491072893e+09,2.236414999999999793e+02,-1.919372200965881348e+00,4.431220659844786747e-02
1.545609927690834999e+09,2.161094999999999970e+02,-1.908542871475219949e+00,4.115784467122986234e-02
1.545609927890722990e+09,2.202954999999999757e+02,-1.901497721672058328e+00,3.733145397680256994e-02
1.545609928090753078e+09,2.151964999999999861e+02,-1.896544098854064941e+00,3.617087822002555686e-02
1.545609928290760994e+09,2.200964999999999918e+02,-1.893564581871032715e+00,3.372352318620369660e-02
1.545609928490994930e+09,2.169224999999999852e+02,-1.892285466194153054e+00,2.708740641838729840e-02
1.545609928690977097e+09,2.127144999999999868e+02,-1.885746955871582475e+00,2.279873126573458975e-02
1.545609928890865088e+09,2.395174999999999841e+02,-1.882786512374877930e+00,2.080025888842301079e-02
1.545609929090828896e+09,2.032124999999999773e+02,-1.863693952560424361e+00,3.459868007053196887e-02
1.545609929290844917e+09,2.016875000000000000e+02,-1.849110841751098633e+00,4.798650773229683197e-02
1.545609929491014004e+09,1.982994999999999948e+02,-1.848346352577209695e+00,4.399922137930860344e-02
1.545609929690845013e+09,2.097664999999999793e+02,-1.853157401084899902e+00,3.485094887428183408e-02
1.545609929890763998e+09,2.094084999999999752e+02,-1.858988285064697044e+00,5.880502188987666787e-03
1.545609930090785980e+09,2.118284999999999911e+02,-1.856991410255432129e+00,-8.395481195567305183e-03
1.545609930290762901e+09,2.072124999999999773e+02,-1.871725440025330034e+00,-2.380019802447300159e-02
1.545609930491022110e+09,2.176654999999999802e+02,-1.877903819084167480e+00,-3.092947552735122313e-02
1.545609930690761089e+09,2.095014999999999930e+02,-1.882402539253234863e+00,-2.924640723374284310e-02
1.545609930890759945e+09,2.083574999999999875e+02,-1.894059300422668679e+00,-4.126437033085209732e-02
1.545609931090758085e+09,2.226234999999999786e+02,-1.909875273704528809e+00,-6.221612495789119457e-02
1.545609931290776014e+09,2.062514999999999930e+02,-1.917287230491638406e+00,-5.063403831494371621e-02
1.545609931491044998e+09,2.002464999999999975e+02,-1.922756195068359375e+00,-4.984437914206235609e-02
1.545609931690809965e+09,2.152714999999999748e+02,-1.925056099891662376e+00,-4.739297823523661718e-02
1.545609931890722036e+09,2.003684999999999832e+02,-1.919733643531799094e+00,-1.037921576413835222e-02
1.545609932090727091e+09,1.972884999999999991e+02,-1.919414043426513894e+00,-2.363155281859349258e-03
1.545609932290848017e+09,1.958654999999999973e+02,-1.915970444679260254e+00,7.982318665637564564e-03
1.545609932491034031e+09,2.185824999999999818e+02,-1.918598055839538796e+00,8.071564474626626018e-03
1.545609932690876007e+09,2.152864999999999895e+02,-1.918065905570984109e+00,9.671871314340656223e-03
1.545609932890741110e+09,2.177784999999999798e+02,-1.917024016380309837e+00,3.187752299445081438e-03
1.545609933090745926e+09,2.096974999999999909e+02,-1.917113900184631570e+00,2.556213513181953851e-03
1.545609933290781975e+09,2.131914999999999907e+02,-1.915609478950500488e+00,3.320848250878627277e-03
1.545609933491029024e+09,2.023994999999999891e+02,-1.914558410644531250e+00,4.126443091044287165e-03
1.545609933690773964e+09,1.996894999999999811e+02,-1.914772868156432883e+00,2.648504318756274289e-03
1.545609933890777111e+09,2.104634999999999820e+02,-1.919232606887817383e+00,-2.492594303595265567e-03
1.545609934090759039e+09,2.089994999999999834e+02,-1.918494343757629172e+00,-3.393534447459673180e-03
1.545609934290815115e+09,2.116614999999999895e+02,-1.912723422050476074e+00,2.158274591753380628e-03
1.545609934491077900e+09,2.062504999999999882e+02,-1.908254504203796387e+00,8.143989548050283023e-03
1.545609934690814972e+09,2.045894999999999868e+02,-1.906185507774353249e+00,1.448780594994560772e-02
1.545609934890729904e+09,2.051604999999999848e+02,-1.903288841247558816e+00,1.663823948834207075e-02
1.545609935090786934e+09,2.072295000000000016e+02,-1.902449250221252663e+00,1.688517264661197267e-02
1.545609935290838003e+09,2.172384999999999877e+02,-1.898033976554870605e+00,1.545911659323343824e-02
1.545609935491028070e+09,2.248584999999999923e+02,-1.898011326789855735e+00,1.077874507639428950e-02
1.545609935690782070e+09,2.341935000000000002e+02,-1.896021246910095215e+00,1.195587610894452771e-02
1.545609935890726089e+09,2.258334999999999866e+02,-1.887900233268738015e+00,1.710018195826087245e-02
1.545609936090799093e+09,2.289804999999999779e+02,-1.885764360427856223e+00,1.363296675874079399e-02
1.545609936290836096e+09,2.221404999999999745e+02,-1.886996984481811523e+00,1.159669240418216389e-02
1.545609936491028070e+09,2.135034999999999741e+02,-1.887017846107482688e+00,9.479885336640988050e-03
1.545609936690789938e+09,2.088425000000000011e+02,-1.887017846107482688e+00,9.479885336640988050e-03
1.545609936890721083e+09,2.073984999999999843e+02,-1.886393666267395464e+00,-1.004468780002924777e-03
1.545609937090740919e+09,2.095104999999999791e+02,-1.886101484298706499e+00,-3.746325540862436979e-04
1.545609937290870905e+09,2.167304999999999779e+02,-1.841283679008484331e+00,4.571556165725259441e-02
1.545609937491041899e+09,2.117235000000000014e+02,-1.841283679008484331e+00,4.571556165725259441e-02
1.545609937690829992e+09,2.079394999999999811e+02,-1.837576389312744141e+00,4.669138614069118925e-02
1.545609937890803099e+09,2.094874999999999829e+02,-1.833334922790527344e+00,5.864163919649088147e-02
1.545609938090749979e+09,2.121904999999999859e+02,-1.835967659950256570e+00,4.956956452504782118e-02
1.545609938290824890e+09,2.046904999999999859e+02,-1.832263469696044922e+00,1.002369378819026671e-02
1.545609938491030931e+09,2.044224999999999852e+02,-1.829681158065795898e+00,8.858410104365718046e-03
1.545609938690851927e+09,2.243464999999999918e+02,-1.824926733970641868e+00,1.405722297747172105e-02
1.545609938890759945e+09,2.370494999999999948e+02,-1.828712582588195579e+00,5.438276716349584386e-03
1.545609939090764046e+09,2.111484999999999843e+02,-1.822072982788085715e+00,1.544150650239865113e-02
1.545609939290870905e+09,2.050634999999999764e+02,-1.818549275398254839e+00,1.309286722589486640e-02
1.545609939491080999e+09,1.906164999999999736e+02,-1.818972229957581010e+00,7.439638393358711209e-03
1.545609939690892935e+09,1.830654999999999859e+02,-1.824107766151428223e+00,5.415534458069424031e-03
1.545609939890830040e+09,2.209414999999999907e+02,-1.829040169715881570e+00,-8.193993155993851626e-03
1.545609940090832949e+09,2.156384999999999934e+02,-1.828919768333435059e+00,-1.134984422042134913e-02
1.545609940290894032e+09,1.897124999999999773e+02,-1.837036252021789551e+00,-2.007321799388581823e-02
1.545609940491092920e+09,2.036194999999999879e+02,-1.838226318359375000e+00,-1.660831634428849846e-02
1.545609940690867901e+09,1.984644999999999868e+02,-1.844951987266540527e+00,-1.988224197831569770e-02
1.545609940890764952e+09,2.098904999999999745e+02,-1.846090197563171387e+00,-2.145558849886552294e-02
1.545609941090739965e+09,2.094364999999999952e+02,-1.845501780509948286e+00,-1.541073893797615182e-02
1.545609941290829897e+09,2.065224999999999795e+02,-1.844031214714049849e+00,-7.773425794504349937e-03
1.545609941491056919e+09,2.035944999999999823e+02,-1.844801187515258789e+00,1.675880698491177367e-04
1.545609941690903902e+09,2.086995000000000005e+02,-1.844672679901123047e+00,1.667696559167955407e-03
1.545609941890806913e+09,2.089124999999999943e+02,-1.836368918418884055e+00,1.074421635181881107e-02
1.545609942090744019e+09,2.015534999999999854e+02,-1.834300994873046875e+00,1.144919742140170470e-02
1.545609942290783882e+09,2.119234999999999900e+02,-1.836187958717346413e+00,9.016243148555608961e-03
1.545609942491041899e+09,2.116344999999999743e+02,-1.834614753723144753e+00,1.132150667591289538e-02
1.545609942690994024e+09,2.126084999999999923e+02,-1.835823655128479004e+00,6.415140067164019954e-04
1.545609942890801907e+09,2.096664999999999850e+02,-1.832292437553405540e+00,4.076584862370556325e-03
1.545609943090738058e+09,2.094274999999999807e+02,-1.835653543472289817e+00,6.679466369793801489e-04
1.545609943290786028e+09,2.025564999999999998e+02,-1.829902648925781472e+00,5.544065417952236119e-03
1.545609943491044998e+09,2.005094999999999743e+02,-1.828775525093078835e+00,8.101033029683684869e-03
1.545609943690821886e+09,2.069824999999999875e+02,-1.830678105354308860e+00,6.053671851267380423e-03
1.545609943890877962e+09,2.087394999999999925e+02,-1.830699443817138894e+00,1.770081008062163955e-03
1.545609944090758085e+09,2.075414999999999850e+02,-1.828601241111755815e+00,7.835369689744386620e-03
1.545609944290823936e+09,2.010964999999999918e+02,-1.831752300262450950e+00,-2.175561473211860657e-03
1.545609944491063118e+09,1.969104999999999848e+02,-1.828443408012390359e+00,2.352475822054677073e-03
1.545609944690829992e+09,2.032994999999999948e+02,-1.829033613204956499e+00,1.850718752731578135e-03
1.545609944890733004e+09,2.007034999999999911e+02,-1.828288316726684792e+00,3.680465491254512932e-04
1.545609945090739965e+09,2.035614999999999952e+02,-1.827646613121032493e+00,2.795119956176474792e-03
1.545609945290769100e+09,2.118384999999999820e+02,-1.826197385787963867e+00,2.806359552436219623e-03
1.545609945491044044e+09,2.088214999999999861e+02,-1.823931097984314187e+00,6.002126398726965496e-03
1.545609945690834045e+09,2.108365000000000009e+02,-1.819242000579834428e+00,1.064250517217392791e-02
1.545609945890758038e+09,2.088344999999999914e+02,-1.817244172096252441e+00,1.401300684844090406e-02
1.545609946090781927e+09,2.043864999999999839e+02,-1.822982907295227495e+00,4.017639770357026366e-03
1.545609946290896893e+09,1.964735000000000014e+02,-1.822826266288757546e+00,3.371437809317705432e-03
1.545609946491125107e+09,1.972744999999999891e+02,-1.824500918388366921e+00,-5.698780127233015868e-04
1.545609946690920115e+09,2.129524999999999864e+02,-1.823916196823120117e+00,-4.674284283746851440e-03
1.545609946890825987e+09,2.014034999999999798e+02,-1.824867963790893555e+00,-8.114790263576655491e-03
1.545609947090770960e+09,2.047594999999999743e+02,-1.826185584068298562e+00,-3.372767233364207771e-03
1.545609947290793896e+09,2.120264999999999986e+02,-1.825777649879455344e+00,-3.107497732572981741e-03
1.545609947491058111e+09,2.071314999999999884e+02,-1.825861215591430886e+00,-1.511602953527250125e-03
1.545609947690979004e+09,1.945324999999999989e+02,-1.826149225234985352e+00,-2.481157534429835783e-03
1.545609947890855074e+09,1.936564999999999941e+02,-1.827561378479004128e+00,-3.168111250987493306e-03
1.545609948090833902e+09,2.120154999999999745e+02,-1.828169703483581543e+00,-2.333656844762466067e-03
1.545609948290873051e+09,2.269774999999999920e+02,-1.829492568969727007e+00,-4.370665169153065827e-03
1.545609948491055012e+09,2.278154999999999859e+02,-1.816387414932250977e+00,1.085162057387114090e-02
1.545609948690872908e+09,2.149384999999999764e+02,-1.812721967697143555e+00,1.649595413011080772e-02
1.545609948890746117e+09,2.022494999999999834e+02,-1.811343669891357866e+00,1.980156766093219695e-02
1.545609949090826988e+09,2.006274999999999977e+02,-1.814634799957275613e+00,1.563589084031559787e-02
1.545609949290823936e+09,2.039744999999999777e+02,-1.813466668128967285e+00,1.388733127251278419e-02
1.545609949491077900e+09,2.111214999999999975e+02,-1.811999082565307839e+00,8.502314020293385427e-04
1.545609949690917015e+09,2.130274999999999750e+02,-1.813928246498107910e+00,-3.039988872582987181e-03
1.545609949890844107e+09,2.028004999999999995e+02,-1.813173294067382590e+00,1.719150296645094358e-03
1.545609950090764999e+09,2.173404999999999916e+02,-1.811361551284790039e+00,2.630265856590261516e-03
1.545609950290807962e+09,2.101624999999999943e+02,-1.812374234199523926e+00,1.149436821112309647e-03
1.545609950491096973e+09,1.989615000000000009e+02,-1.812084913253784402e+00,-9.031887077326501538e-05
1.545609950690818071e+09,2.026964999999999861e+02,-1.811691284179687500e+00,1.187766037857023978e-03
1.545609950890746117e+09,2.027784999999999798e+02,-1.812192678451538086e+00,1.089738783281345852e-03
1.545609951090744019e+09,1.939964999999999975e+02,-1.817247271537781206e+00,-6.197311306036158707e-03
1.545609951290831089e+09,2.029555000000000007e+02,-1.840934991836548074e+00,-3.205901108948339129e-02
1.545609951491064072e+09,1.958114999999999952e+02,-1.864575743675231490e+00,-5.876461409258125490e-02
1.545609951691044092e+09,1.993914999999999793e+02,-1.908579945564270464e+00,-1.133875742964143285e-01
1.545609951890850067e+09,1.930214999999999748e+02,-1.968920350074768066e+00,-1.895469588040619713e-01
1.545609963090785027e+09,1.567549999999999955e+01,1.592274308204651101e+00,8.387931605872109286e-02
1.545609963290791988e+09,1.361449999999999960e+01,1.603364706039428711e+00,7.348701252895385727e-02
1.545609963491074085e+09,1.592149999999999999e+01,1.609812617301940918e+00,4.691506375232029624e-02
1.545609963690913916e+09,1.335650000000000048e+01,1.610065340995788574e+00,3.239649140028467295e-02
1.545609963890808105e+09,1.338449999999999918e+01,1.613199234008788840e+00,2.325287185174577248e-02
1.545609964090805054e+09,1.757849999999999824e+01,1.614364504814147727e+00,1.222287159129805366e-02
1.545609964290877104e+09,3.683095000000000141e+02,1.609529733657836914e+00,2.256618948081775796e-04
1.545609964491100073e+09,1.603249999999999886e+01,1.582929134368896484e+00,-3.162986625734311164e-02
1.545609964691036940e+09,3.676625000000000227e+02,1.562068104743957297e+00,-4.774496788947953790e-02
1.545609964890862942e+09,3.675985000000000014e+02,1.549504399299621804e+00,-8.104876010528659636e-02
1.545609965090887070e+09,3.668665000000000305e+02,1.546438217163085938e+00,-7.147249082960756283e-02
1.545609965290891886e+09,3.679985000000000355e+02,1.545072674751281738e+00,-6.781551040639263728e-02
1.545609965491187096e+09,3.679365000000000236e+02,1.541018962860107644e+00,-2.475793524823923647e-02
1.545609965690929890e+09,1.031850000000000023e+01,1.543245792388916016e+00,-1.207138064741970079e-02
1.545609965890885115e+09,1.275249999999999950e+01,1.544403076171875444e+00,-5.669122893569712544e-03
1.545609966090897083e+09,1.230049999999999955e+01,1.547387003898621050e+00,2.571836286339901530e-03
1.545609966290838003e+09,3.687814999999999941e+02,1.530621170997619851e+00,-1.223084512485353437e-02
1.545609966491144896e+09,3.623475000000000250e+02,1.505762934684753418e+00,-4.683244378763266880e-02
1.545609966690892935e+09,3.660755000000000337e+02,1.468709588050842507e+00,-9.457306634471225604e-02
1.545609966890853882e+09,3.688894999999999982e+02,1.420628666877746804e+00,-1.302237757677006391e-01
1.545609967090878010e+09,2.157750000000000057e+01,1.413914322853088379e+00,-1.570323831867852515e-01
1.545609967290931940e+09,1.420850000000000080e+01,1.415577173233032227e+00,-9.496147481226942244e-02
1.545609967491102934e+09,1.835650000000000048e+01,1.420069694519042969e+00,-5.405435839851538415e-02
1.545609967690912008e+09,2.037349999999999994e+01,1.418259620666503906e+00,-2.494513401058709098e-03
1.545609967890897989e+09,1.827649999999999864e+01,1.395838141441345215e+00,-1.903040492290021535e-02
1.545609968090910912e+09,2.325649999999999906e+01,1.384271025657654253e+00,-3.100588376759899623e-02
1.545609968290909052e+09,1.928049999999999997e+01,1.380177140235900879e+00,-3.727784147869595693e-02
1.545609968491111040e+09,1.624849999999999994e+01,1.383777499198913352e+00,-3.821936315833214526e-02
1.545609968690932035e+09,1.869849999999999923e+01,1.379881501197815385e+00,-1.877415776890232341e-02
1.545609968890810966e+09,2.129950000000000188e+01,1.379881501197815385e+00,-1.877415776890232341e-02
1.545609969090807915e+09,3.373649999999999949e+01,1.360928893089294212e+00,-2.264126496951830020e-02
1.545609969290863991e+09,2.239249999999999829e+01,1.358467817306518111e+00,-2.977234177172588883e-02
1.545609969491089106e+09,2.472550000000000026e+01,1.356802105903625488e+00,-3.175122694508553112e-02
1.545609969690881968e+09,1.558750000000000036e+01,1.353658914566040039e+00,-2.088047549084444052e-02
1.545609969890822887e+09,1.913649999999999807e+01,1.341133832931518555e+00,-3.075913948556256716e-02
1.545609970090821028e+09,2.269950000000000045e+01,1.332481145858764426e+00,-2.993079107382954490e-02
1.545609970290896893e+09,1.928549999999999898e+01,1.330841779708862527e+00,-3.053846283291076699e-02
1.545609970491132021e+09,2.428450000000000131e+01,1.327724575996398926e+00,-2.820008450991534285e-02
1.545609970690993071e+09,2.372550000000000026e+01,1.321866512298583762e+00,-3.347269936848510513e-02
1.545609970890813112e+09,2.291850000000000165e+01,1.308220624923706055e+00,-3.292627865170361795e-02
1.545609971090801001e+09,2.411250000000000071e+01,1.296496510505676270e+00,-3.788772788603345099e-02
1.545609971290841103e+09,2.476950000000000074e+01,1.292832016944885254e+00,-4.222873597348633656e-02
1.545609971491118908e+09,3.070750000000000313e+01,1.296603441238403320e+00,-2.971487061561866802e-02
1.545609971690874100e+09,2.088449999999999918e+01,1.296603441238403320e+00,-2.971487061561866802e-02
1.545609971890808105e+09,2.557649999999999935e+01,1.281844854354858398e+00,-1.628103951099788352e-02
1.545609972090816975e+09,2.713750000000000284e+01,1.277367353439331277e+00,-1.718456916376122010e-02
1.545609972290908098e+09,2.747749999999999915e+01,1.271095395088195801e+00,-2.779041415311718846e-02
1.545609972491105080e+09,2.760349999999999682e+01,1.256050705909729004e+00,-4.506415310692431925e-02
1.545609972690913916e+09,2.305449999999999733e+01,1.240229964256286621e+00,-5.614967666047628037e-02
1.545609972890832901e+09,2.422050000000000125e+01,1.233782052993774414e+00,-5.340579502814010726e-02
1.545609973090837955e+09,3.081349999999999767e+01,1.234732270240783913e+00,-4.488827037913091511e-02
1.545609973290901899e+09,3.559250000000000114e+01,1.233244538307189941e+00,-3.985246669945072956e-02
1.545609973491105080e+09,2.378849999999999909e+01,1.256648063659668413e+00,1.824475217473256125e-02
1.545609973690866947e+09,1.864549999999999841e+01,1.270856380462646484e+00,4.361293391434923478e-02
1.545609973890829086e+09,2.613450000000000273e+01,1.272156834602355957e+00,4.677121584303797763e-02
1.545609974090943098e+09,2.509649999999999892e+01,1.272231578826904075e+00,4.586587659673055373e-02
1.545609974290965080e+09,3.631949999999999790e+01,1.273510336875915527e+00,3.465022845549276670e-02
1.545609974491131067e+09,2.168050000000000210e+01,1.273856282234192117e+00,2.024623169847416734e-02
1.545609974690953970e+09,2.430349999999999966e+01,1.269492506980895774e+00,-3.134242333727392266e-03
1.545609974890896082e+09,2.539849999999999852e+01,1.270139217376709206e+00,-2.614135335120216369e-03
1.545609975090828896e+09,2.416750000000000043e+01,1.269594550132751465e+00,-4.891850024170338145e-03
1.545609975290819883e+09,2.831649999999999778e+01,1.268911957740783913e+00,-5.814085517914241094e-03
1.545609975491103888e+09,2.744350000000000023e+01,1.269629955291748047e+00,8.017253005103060779e-04
1.545609975690907001e+09,3.142849999999999966e+01,1.269184589385986106e+00,-3.421069710089837839e-04
1.545609975890830994e+09,2.896750000000000114e+01,1.269444584846496804e+00,-7.313497651698282762e-04
1.545609976090821028e+09,2.673149999999999693e+01,1.267807960510253906e+00,-1.881112958153363830e-03
1.545609976290915966e+09,2.642150000000000176e+01,1.267596840858459695e+00,-2.140458774801648218e-03
1.545609976491115093e+09,2.279950000000000188e+01,1.267234325408935547e+00,-2.166819686166101318e-03
1.545609976690877914e+09,3.290549999999999642e+01,1.258400201797485352e+00,-1.227089178696459323e-02
1.545609976890813112e+09,2.370349999999999824e+01,1.244432806968689409e+00,-2.597258960301631822e-02
1.545609977090826035e+09,2.489450000000000074e+01,1.243235230445861816e+00,-2.822608098095019322e-02
1.545609977290904045e+09,4.210849999999999937e+01,1.243143796920776367e+00,-2.717159351348029037e-02
1.545609977491102934e+09,3.955949999999999989e+01,1.241006970405578835e+00,-2.914523936318186639e-02
1.545609977690864086e+09,3.969550000000000267e+01,1.243394136428832786e+00,-1.667573225249294883e-02
1.545609977890839100e+09,3.131550000000000011e+01,1.241766452789306863e+00,-2.962621719552429277e-03
1.545609978090811968e+09,5.050950000000000273e+01,1.224400281906128152e+00,-2.082730078277228100e-02
1.545609978290848017e+09,4.517950000000000443e+01,1.224400281906128152e+00,-2.082730078277228100e-02
1.545609978491110086e+09,4.800050000000000239e+01,1.254128932952880859e+00,1.193019886402779325e-02
1.545609978690875053e+09,4.119350000000000023e+01,1.257782697677612305e+00,1.884446673640384484e-02
1.545609978890889883e+09,4.580949999999999989e+01,1.260115027427673340e+00,1.834894211557810614e-02
1.545609979090895891e+09,4.387250000000000227e+01,1.261216521263122559e+00,2.645607357103701984e-02
1.545609979290978909e+09,3.523049999999999926e+01,1.283337473869323953e+00,3.435966818706925885e-02
1.545609979491102934e+09,2.388149999999999906e+01,1.283134698867798074e+00,2.981836801823414471e-02
1.545609979690877914e+09,1.951050000000000040e+01,1.287021279335022195e+00,3.164389964734182908e-02
1.545609979890815020e+09,3.681945000000000050e+02,1.284503459930419922e+00,2.909142192859842657e-02
1.545609980090796947e+09,1.714249999999999829e+01,1.278944253921509011e+00,4.912504896419321414e-03
1.545609980290848017e+09,2.348150000000000048e+01,1.272093534469604936e+00,-1.322673713372689644e-02
1.545609980491110086e+09,1.971950000000000003e+01,1.269110202789306641e+00,-1.990541783373029477e-02
1.545609980690861940e+09,1.810950000000000060e+01,1.268990755081176980e+00,-1.724160318158125468e-02
1.545609980890855074e+09,1.751950000000000074e+01,1.267046213150024414e+00,-1.399956573966485568e-02
1.545609981090815067e+09,3.020150000000000290e+01,1.266829609870910867e+00,-1.211560883840370750e-02
1.545609981290854931e+09,2.750650000000000261e+01,1.266820073127746804e+00,-3.240162398500937100e-03
1.545609981491106987e+09,2.647249999999999659e+01,1.271402835845947266e+00,2.837713740121856117e-03
1.545609981690984011e+09,2.984850000000000136e+01,1.272260427474975586e+00,6.134110675961045728e-03
1.545609981890985012e+09,3.021450000000000102e+01,1.273023366928100808e+00,6.882387303673070424e-03
1.545609982090913057e+09,2.955949999999999989e+01,1.274568915367126243e+00,8.611669380362589263e-03
1.545609982290941000e+09,2.556049999999999756e+01,1.273491144180297852e+00,6.216129638250692674e-03
1.545609982491192102e+09,2.491550000000000153e+01,1.273253440856933594e+00,2.056700492792009304e-03
1.545609982690977097e+09,2.300050000000000239e+01,1.270698189735412820e+00,-1.736159411361808689e-03
1.545609982890822887e+09,1.418449999999999989e+01,1.262709736824035645e+00,-1.482033903153087348e-02
1.545609983090806961e+09,2.760349999999999682e+01,1.259220600128174050e+00,-1.783543839480756371e-02
1.545609983290865898e+09,2.446450000000000102e+01,1.255110383033752663e+00,-1.838152370098208518e-02
1.545609983491117001e+09,3.095250000000000057e+01,1.203473448753356934e+00,-6.978400181399277424e-02
1.545609983690907955e+09,4.070550000000000068e+01,1.197782516479492188e+00,-6.887465129648913387e-02
1.545609983890827894e+09,3.350050000000000239e+01,1.199497103691101074e+00,-6.321861691258294502e-02
1.545609984090804100e+09,2.377149999999999963e+01,1.204492926597595215e+00,-5.473211024224337862e-02
1.545609984290884972e+09,2.361250000000000071e+01,1.205590009689331055e+00,-4.952151860888125146e-02
1.545609984491141081e+09,2.124849999999999994e+01,1.204404830932616965e+00,4.687747533998421791e-03
1.545609984690892935e+09,2.168650000000000233e+01,1.199402809143066628e+00,1.800077025073409465e-03
1.545609984890873909e+09,1.928150000000000119e+01,1.197472572326660156e+00,-8.255932071753752793e-03
1.545609985090838909e+09,1.194449999999999967e+01,1.188533425331115945e+00,-2.005870649444450177e-02
1.545609985290874958e+09,1.903549999999999898e+01,1.186663746833801492e+00,-2.216733213000743677e-02
1.545609985491133928e+09,7.183650000000000091e+01,1.184511661529541238e+00,-2.093030722935644572e-02
1.545609999090821028e+09,2.280024999999999977e+02,-1.969459056854248269e+00,2.184023181769398705e-02
1.545609999290854931e+09,2.143604999999999734e+02,-1.963126659393310769e+00,2.281487649118948274e-02
1.545609999491131067e+09,2.145424999999999898e+02,-1.959640145301818626e+00,2.287851077882719145e-02
1.545609999690983057e+09,2.063104999999999905e+02,-1.958446860313415749e+00,1.587441570012037076e-02
1.545609999890866041e+09,2.012115000000000009e+02,-1.956908464431762917e+00,1.605610813189769712e-02
1.545610000090902090e+09,2.085124999999999886e+02,-1.957647323608398215e+00,1.243075104147921099e-02
1.545610000290951014e+09,2.036024999999999920e+02,-1.958322286605834961e+00,5.651457288461586570e-03
1.545610000491170883e+09,2.185514999999999759e+02,-1.964047074317931907e+00,-6.587329297755792519e-03
1.545610000690877914e+09,2.197864999999999895e+02,-1.962855577468871848e+00,-6.995556542740690061e-03
1.545610000890959978e+09,2.028474999999999966e+02,-1.954752802848815918e+00,3.405313191763408194e-03
1.545610001090826035e+09,2.051935000000000002e+02,-1.949401021003722922e+00,1.049748633757139823e-02
1.545610001290925980e+09,1.900484999999999900e+02,-1.949039936065673384e+00,1.413075275336223881e-02
1.545610001491175890e+09,2.147794999999999845e+02,-1.948918104171753152e+00,1.681452627952836898e-02
1.545610001691001892e+09,2.017484999999999786e+02,-1.950165987014770286e+00,5.396369564571025165e-03
1.545610001890944958e+09,2.131974999999999909e+02,-1.945080757141113503e+00,5.082505695923123130e-03
1.545610002090934038e+09,2.129435000000000002e+02,-1.938652753829955833e+00,1.222159727667118841e-02
1.545610002290901899e+09,2.095714999999999861e+02,-1.933261632919311523e+00,1.842056321458295648e-02
1.545610002491203070e+09,2.068185000000000002e+02,-1.926486372947693093e+00,2.341584429889919175e-02
1.545610002691029072e+09,1.988624999999999829e+02,-1.924722909927368386e+00,2.544461190386052354e-02
1.545610002890939951e+09,1.946794999999999902e+02,-1.924891352653503418e+00,2.019017468165136900e-02
1.545610003090852976e+09,2.041964999999999861e+02,-1.934213280677795410e+00,-1.119715749574163016e-03
1.545610003290870905e+09,1.988494999999999777e+02,-1.958415865898132546e+00,-3.224550352372855533e-02
1.545610003491162062e+09,2.005584999999999809e+02,-1.957066297531127930e+00,-3.220369793354907473e-02
1.545610003690953970e+09,1.994444999999999766e+02,-1.961992740631103072e+00,-3.728464036246303265e-02
1.545610003890858889e+09,2.152574999999999932e+02,-1.973534107208251953e+00,-5.121366772170248688e-02
1.545610004090877056e+09,2.213404999999999916e+02,-1.977497935295104758e+00,-4.556856732940369609e-02
1.545610004290894985e+09,2.163834999999999980e+02,-1.968642592430114968e+00,-1.361379163772894266e-02
1.545610004491182089e+09,2.132484999999999786e+02,-1.967236399650573730e+00,-6.550991606891613285e-03
1.545610004690975904e+09,2.130444999999999993e+02,-1.968244552612305132e+00,-6.577778937261435400e-03
1.545610004890870094e+09,2.147544999999999789e+02,-1.968839168548584428e+00,4.939815130704452648e-03
1.545610005090898037e+09,2.115414999999999850e+02,-1.969524621963501199e+00,8.389724760330742256e-03
1.545610005290904999e+09,2.146094999999999970e+02,-1.968983650207519531e+00,-4.011941872417163347e-04
1.545610005491215944e+09,2.056184999999999832e+02,-1.968520760536193848e+00,-3.249228290746437398e-04
1.545610005690941095e+09,2.097334999999999923e+02,-1.968168377876281738e+00,7.891219808411400203e-04
1.545610005890882969e+09,2.129964999999999975e+02,-1.968945860862731490e+00,6.808122293238448933e-04
1.545610006091001034e+09,2.221494999999999891e+02,-1.968236446380615234e+00,8.789961157571132572e-04
1.545610006291016102e+09,2.075504999999999995e+02,-1.967381477355957253e+00,2.526208535991219129e-03
1.545610006491198063e+09,2.186764999999999759e+02,-1.966633081436157449e+00,2.097567695735453458e-03
1.545610006690924883e+09,1.993584999999999923e+02,-1.967243671417236106e+00,1.027534806632176287e-03
1.545610006890883923e+09,2.131504999999999939e+02,-1.964671134948730469e+00,4.750799947853187426e-03
1.545610007090924978e+09,2.294244999999999948e+02,-1.962077617645263450e+00,6.239917915599784565e-03
1.545610007290930986e+09,2.177974999999999852e+02,-1.960200786590576394e+00,7.180719869670339553e-03
1.545610007491240025e+09,2.304304999999999950e+02,-1.957107663154602051e+00,1.126486523152810983e-02
1.545610007690999031e+09,2.365244999999999891e+02,-1.954913973808288574e+00,1.084402955017594455e-02
1.545610007890883923e+09,2.236784999999999854e+02,-1.952583909034729004e+00,1.235769957831219998e-02
1.545610008090820074e+09,2.109704999999999870e+02,-1.953412055969238059e+00,9.630605112334095566e-03
1.545610008290862083e+09,2.052954999999999757e+02,-1.952360391616821733e+00,5.585057296519275322e-03
1.545610008491200924e+09,2.128264999999999816e+02,-1.952654361724853516e+00,2.658023008621221601e-03
1.545610008690977097e+09,2.241104999999999734e+02,-1.955640316009521040e+00,-3.595549422501427041e-03
1.545610008890856981e+09,2.126554999999999893e+02,-1.956382393836974876e+00,-3.300878732945835246e-03
1.545610009090864897e+09,2.138185000000000002e+02,-1.956116199493407981e+00,-4.224084755139313405e-03
1.545610009290899038e+09,2.191634999999999991e+02,-1.955972194671630637e+00,-4.014076427229867038e-03
1.545610009491148949e+09,2.171114999999999782e+02,-1.952553510665893777e+00,3.856944794478874353e-03
1.545610009690958023e+09,2.157204999999999870e+02,-1.952483773231506348e+00,3.321101152169153928e-03
1.545610009890863895e+09,2.174304999999999950e+02,-1.953479170799255815e+00,3.223845602760449115e-03
1.545610010090869904e+09,2.198644999999999925e+02,-1.952360153198242188e+00,3.951617393939180906e-03
1.545610010290968895e+09,2.210284999999999798e+02,-1.952043056488037553e+00,4.203982750014377198e-03
1.545610010491178989e+09,2.203074999999999761e+02,-1.951317310333251953e+00,1.373620187262712808e-03
1.545610010690897942e+09,2.363644999999999925e+02,-1.944634079933166504e+00,8.264151644321194451e-03
1.545610010890888929e+09,2.392854999999999848e+02,-1.936534643173217551e+00,1.758352086316260568e-02
1.545610011090892076e+09,2.201494999999999891e+02,-1.933484077453613503e+00,2.183211746185156898e-02
1.545610011290946007e+09,2.174314999999999998e+02,-1.931660294532775657e+00,2.312199275273917748e-02
1.545610011491173983e+09,2.082394999999999925e+02,-1.935979008674621360e+00,1.018135271591552246e-02
1.545610011690949917e+09,2.024844999999999970e+02,-1.951203346252441184e+00,-1.257624859054030063e-02
1.545610011890872002e+09,2.039924999999999784e+02,-1.970018029212951438e+00,-3.525544473129552103e-02
1.545610012090929031e+09,2.085745000000000005e+02,-1.973490595817566140e+00,-4.002415290703110334e-02
1.545610012290971994e+09,1.984174999999999898e+02,-1.973605632781982422e+00,-4.416973506418905154e-02
1.545610012491215944e+09,2.000704999999999814e+02,-1.978016972541809304e+00,-3.155125175971337792e-02
1.545610012690901041e+09,1.933294999999999959e+02,-1.978249669075012207e+00,-2.704970862794629782e-02
1.545610012890887022e+09,2.034304999999999950e+02,-1.984421253204345925e+00,-1.214060663708916785e-02
1.545610013090878010e+09,2.168754999999999882e+02,-1.992472171783447044e+00,-2.095485855496956318e-02
1.545610013290971994e+09,2.225944999999999823e+02,-1.996037721633911355e+00,-2.077840905241642652e-02
1.545610013491192102e+09,2.169934999999999832e+02,-1.995857119560241477e+00,-2.071308710008646845e-02
1.545610013690967083e+09,2.133854999999999791e+02,-1.995345115661621316e+00,-1.919986155085481525e-02
1.545610013890952110e+09,2.038014999999999759e+02,-1.993764519691467729e+00,-1.099285955726730414e-02
1.545610014090888977e+09,2.073594999999999970e+02,-1.995469450950622559e+00,-3.330690117720680726e-03
1.545610014290955067e+09,2.040934999999999775e+02,-1.996123671531677246e+00,-9.550260863852222588e-05
1.545610014491218090e+09,2.275704999999999814e+02,-1.999555826187133567e+00,-4.109479816436965860e-03
1.545610014691009998e+09,2.247055000000000007e+02,-2.015752315521240234e+00,-2.442409445319677908e-02
1.545610014890944958e+09,2.285534999999999854e+02,-2.012046813964843750e+00,-1.949634568822054131e-02
1.545610015090969086e+09,2.103324999999999818e+02,-1.985439538955688921e+00,1.256688316058636630e-02
1.545610015290930033e+09,2.034154999999999802e+02,-1.972583651542663130e+00,3.370490425953456826e-02
1.545610015491208076e+09,2.030324999999999989e+02,-1.972604155540466087e+00,2.835866275885823296e-02
1.545610015690989017e+09,2.067154999999999916e+02,-1.975979208946228027e+00,4.243068412864074018e-02
1.545610015890873909e+09,2.060274999999999750e+02,-1.979212045669555886e+00,7.325949793123255442e-03
1.545610016090864897e+09,2.024064999999999941e+02,-1.982509255409240945e+00,-1.102870467359043025e-02
1.545610016290888071e+09,2.148204999999999814e+02,-1.983774065971374512e+00,-1.241137851869866283e-02
1.545610016491195917e+09,2.073714999999999975e+02,-1.979000210762023926e+00,-4.053442604884582509e-03
1.545610016690979958e+09,2.306244999999999834e+02,-1.984386444091796653e+00,-9.341772299449600456e-03
1.545610016890949965e+09,2.249764999999999873e+02,-1.982594728469848633e+00,-3.758705318350789946e-03
1.545610017090877056e+09,2.064754999999999825e+02,-1.977599382400512473e+00,5.455405204934159896e-03
1.545610017291117907e+09,1.942244999999999777e+02,-1.967509865760803223e+00,1.276893952942454412e-02
1.545610017491202116e+09,2.105784999999999911e+02,-1.969123721122741477e+00,1.795376470532144067e-02
1.545610017690934896e+09,2.087574999999999932e+02,-1.972646117210388184e+00,1.243161901969932343e-02
1.545610017890912056e+09,2.094084999999999752e+02,-1.973449468612670676e+00,5.186690771498648697e-03
1.545610018090887070e+09,2.194234999999999900e+02,-1.979420900344848633e+00,-1.401213449136051378e-02
1.545610018291004896e+09,2.139154999999999802e+02,-1.964742898941040261e+00,4.868588259109247161e-03
1.545610018491214991e+09,2.019344999999999857e+02,-1.958428144454956277e+00,1.580242183055241903e-02
1.545610018690920115e+09,2.038984999999999843e+02,-1.957057714462280051e+00,1.821639761940468255e-02
1.545610018890995979e+09,2.105474999999999852e+02,-1.957057714462280051e+00,1.821639761940468255e-02
1.545610019090970039e+09,2.030304999999999893e+02,-1.950975179672241433e+00,3.160832068974012837e-02
1.545610019290956974e+09,2.040544999999999902e+02,-1.949562788009643555e+00,1.785540014380790352e-02
1.545610019491235018e+09,2.156104999999999734e+02,-1.953950166702270508e+00,3.882898178040741950e-03
1.545610019691039085e+09,2.056935000000000002e+02,-1.960269570350647417e+00,-3.379549654281647445e-03
1.545610019891052961e+09,2.052594999999999743e+02,-1.952666640281677468e+00,-1.878764911678584837e-03
1.545610020090951920e+09,1.964604999999999961e+02,-1.952133297920227051e+00,-2.855380531132824598e-03
1.545610020290980101e+09,1.919534999999999911e+02,-1.956386566162109375e+00,-4.334112486729809442e-03
1.545610020491385937e+09,1.978504999999999825e+02,-1.950358271598815918e+00,3.989628633910691571e-03
1.545610020690982103e+09,1.870134999999999934e+02,-1.947433948516845481e+00,1.350868837765856027e-02
1.545610020890892982e+09,1.931304999999999836e+02,-1.950531601905822754e+00,2.511591041739529885e-03
1.545610021090888977e+09,1.975674999999999955e+02,-1.951012372970581055e+00,1.245671678409779586e-03
1.545610021290915012e+09,2.097014999999999816e+02,-1.943234443664550781e+00,7.501309236354945439e-03
1.545610021491220951e+09,2.141584999999999752e+02,-1.936469912528991921e+00,1.218563427224660621e-02
1.545610021690973043e+09,2.156014999999999873e+02,-1.921257853507995828e+00,3.253367489589372580e-02
1.545610021890898943e+09,2.248704999999999927e+02,-1.916143774986267090e+00,3.874321097412818798e-02
1.545610022090888023e+09,2.235204999999999984e+02,-1.912781596183776855e+00,3.872658104442183724e-02
1.545610022290920019e+09,2.343125000000000000e+02,-1.905273556709289329e+00,3.996250710929260402e-02
1.545610022491290092e+09,2.393294999999999959e+02,-1.902133107185364214e+00,3.614699747180090406e-02
1.545610022690967083e+09,2.414744999999999777e+02,-1.877009868621825950e+00,4.657996847642806304e-02
1.545610022890883923e+09,2.392934999999999945e+02,-1.863786101341247559e+00,5.817370734072058874e-02
1.545610023291003942e+09,2.099844999999999970e+02,-1.842630505561828835e+00,6.960900701510507049e-02
1.545610023491189003e+09,2.109484999999999957e+02,-1.845207214355468972e+00,6.325638115463769195e-02
1.545610023690936089e+09,2.085854999999999961e+02,-1.845140218734741433e+00,2.072425516804595955e-02
1.545610023890877008e+09,2.102854999999999848e+02,-1.845875740051269975e+00,-6.702610273301739434e-04
1.545610024090903044e+09,2.035434999999999945e+02,-1.844155788421630859e+00,1.150259484902143876e-03
1.545610024290985107e+09,2.044974999999999739e+02,-1.844671010971069336e+00,-2.040633365291374002e-03
1.545610024491200924e+09,2.063214999999999861e+02,-1.844936847686767578e+00,2.703857503371476603e-04
1.545610024691005945e+09,2.054914999999999736e+02,-1.844955205917358398e+00,1.022955156094548183e-03
1.545610024890872002e+09,1.978874999999999886e+02,-1.844955205917358398e+00,1.022955156094548183e-03
1.545610025090894938e+09,2.084934999999999832e+02,-1.846873044967651811e+00,-2.318344667770080077e-03
1.545610025290896893e+09,2.095584999999999809e+02,-1.846672415733337624e+00,-1.826828823918244787e-03
1.545610025491259098e+09,2.060934999999999775e+02,-1.846867203712463823e+00,-2.580675572932486766e-03
1.545610025691028118e+09,2.051704999999999757e+02,-1.844644904136657937e+00,3.648507573982146261e-04
1.545610025891000986e+09,2.060044999999999789e+02,-1.845700621604919878e+00,1.429519729586839483e-03
1.545610026090982914e+09,2.035144999999999982e+02,-1.847490787506103960e+00,-7.264831570025153621e-04
1.545610026290937901e+09,2.058634999999999877e+02,-1.848791718482971191e+00,-2.138594827683923741e-03
1.545610026491240978e+09,2.102014999999999816e+02,-1.848935961723327859e+00,-4.768474128020733747e-03
1.545610026690970898e+09,2.098245000000000005e+02,-1.847439289093017800e+00,-2.045244137784809051e-03
1.545610026890891075e+09,2.084154999999999802e+02,-1.848436355590820535e+00,-1.181490107478063876e-03
1.545610027090890884e+09,2.085254999999999939e+02,-1.847486495971680132e+00,-1.603197217987665894e-03
1.545610027290935040e+09,2.013654999999999973e+02,-1.846582055091858354e+00,2.209698688938688173e-03
1.545610027491230011e+09,2.026464999999999748e+02,-1.849195122718811479e+00,-2.591770615663545828e-04
1.545610027691112041e+09,2.000824999999999818e+02,-1.850615620613098367e+00,-2.422107277053776354e-03
1.545610027890912056e+09,2.021434999999999889e+02,-1.851660370826721635e+00,-4.638647099020601697e-03
1.545610028090882063e+09,2.015784999999999911e+02,-1.852650165557861550e+00,-5.286912814355456715e-03
1.545610028290925026e+09,2.056824999999999761e+02,-1.850777864456176980e+00,-4.662527437736044104e-03
1.545610028491301060e+09,2.037874999999999943e+02,-1.850120067596435769e+00,-1.027826695622616063e-03
1.545610028690952063e+09,2.116954999999999814e+02,-1.850336670875549538e+00,3.099915851856876342e-04
1.545610028890914917e+09,2.092175000000000011e+02,-1.851323008537292480e+00,3.749302801913238000e-04
1.545610029090903044e+09,2.149184999999999945e+02,-1.849183201789856179e+00,3.852883774143616488e-03
1.545610029290923119e+09,2.143764999999999930e+02,-1.846587061882018821e+00,3.719665467317564023e-03
1.545610029491208076e+09,2.089284999999999854e+02,-1.845648884773254839e+00,5.208803837485956149e-03
1.545610029690911055e+09,2.045034999999999741e+02,-1.847037553787231667e+00,4.761575520026193643e-03
1.545610029890913010e+09,2.007794999999999845e+02,-1.847772002220154031e+00,1.568036740645292575e-03
1.545610030090899944e+09,2.072175000000000011e+02,-1.847889065742492676e+00,-6.784688560496700575e-04
1.545610030291004896e+09,1.998384999999999820e+02,-1.846747756004333718e+00,-1.292439997162184249e-03
1.545610030491219997e+09,2.004514999999999816e+02,-1.849424004554748091e+00,-2.806693555441352930e-03
1.545610030690915108e+09,2.065494999999999948e+02,-1.851492881774902122e+00,-4.376237840317060562e-03
1.545610030890873909e+09,2.106374999999999886e+02,-1.849704623222351074e+00,-2.017235108420758084e-03
1.545610031090943098e+09,2.039944999999999879e+02,-1.850577712059021218e+00,-5.091753470326614538e-03
1.545610031290993929e+09,2.068354999999999961e+02,-1.851350307464599609e+00,-4.845694336578271547e-03
1.545610031491254091e+09,2.068454999999999870e+02,-1.851350307464599609e+00,-4.845694336578271547e-03
1.545610031690965891e+09,2.129164999999999850e+02,-1.850671768188476340e+00,8.643801586102453681e-04
1.545610031890990019e+09,2.087624999999999886e+02,-1.851769208908080833e+00,-2.173551818860892850e-03
1.545610032090966940e+09,2.046864999999999952e+02,-1.857148766517639160e+00,-6.917965097672550481e-03
1.545610032291023970e+09,2.045654999999999859e+02,-1.855593085289001465e+00,-4.466360802541952113e-03
1.545610032491251945e+09,2.049555000000000007e+02,-1.856079578399658425e+00,-7.223506854497006337e-03
1.545610032691029072e+09,1.981404999999999745e+02,-1.856853842735290749e+00,-6.352903467384376016e-03
1.545610032890904903e+09,1.983864999999999839e+02,-1.859335064888000266e+00,-2.731817993594378314e-03
1.545610033090903044e+09,2.015754999999999768e+02,-1.857200980186462624e+00,-1.891516056850939959e-03
1.545610033290930986e+09,2.066654999999999802e+02,-1.857227087020874245e+00,-1.275128009552465311e-03
1.545610033491219997e+09,2.082534999999999741e+02,-1.855670213699341042e+00,1.489839522318712767e-03
1.545610033691050053e+09,2.076824999999999761e+02,-1.850135445594787598e+00,7.466851092244586145e-03
1.545610033890883923e+09,2.052235000000000014e+02,-1.839532732963562012e+00,2.208040131232180334e-02
1.545610034090914965e+09,2.114384999999999764e+02,-1.835752010345458984e+00,2.683980000887975503e-02
1.545610034290910006e+09,2.027574999999999932e+02,-1.833026885986328347e+00,2.420216291794588526e-02
1.545610034691045046e+09,2.264884999999999877e+02,-1.834426641464233620e+00,1.051326984315422396e-02
1.545610044290939093e+09,2.451249999999999929e+01,1.670059800148010476e+00,-3.458428059316446812e-01
1.545610044491209984e+09,3.668785000000000309e+02,1.670059800148010476e+00,-3.458428059316446812e-01
1.545610044691118956e+09,3.663195000000000050e+02,1.646804571151733620e+00,-2.468365500020451020e-01
1.545610044891000032e+09,3.622005000000000337e+02,1.646872043609619363e+00,-1.937942992393779373e-01
1.545610045090959072e+09,1.941949999999999932e+01,1.645265936851501243e+00,-1.386909444670778035e-01
1.545610045290999889e+09,1.295449999999999946e+01,1.643897175788879172e+00,-2.753228584160012649e-02
1.545610045491235971e+09,1.425150000000000006e+01,1.645581245422363281e+00,-2.830435626117256635e-03
1.545610045890913963e+09,1.050849999999999973e+01,1.644350409507751243e+00,-1.016702785209622120e-03
1.545610046090897083e+09,3.658235000000000241e+02,1.645138859748840554e+00,3.422946877902106975e-03
1.545610046290946960e+09,1.240349999999999930e+01,1.645719766616821067e+00,1.629606900109023906e-04
1.545610046491239071e+09,3.535144999999999982e+02,1.658615231513977051e+00,1.439739289414765540e-02
1.545610046691056967e+09,3.500314999999999941e+02,1.642545104026794212e+00,-2.059985812018248503e-03
1.545610046890954971e+09,1.191750000000000043e+01,1.602730631828307883e+00,-4.624048090990171000e-02
1.545610047090922117e+09,1.281550000000000011e+01,1.554957032203674316e+00,-1.001931549202057237e-01
1.545610047290956974e+09,9.992499999999999716e+00,1.546616435050964355e+00,-1.101441252995268294e-01
1.545610047491308928e+09,3.656415000000000077e+02,1.541047573089599387e+00,-1.306893308325256520e-01
1.545610047691020012e+09,3.672535000000000309e+02,1.464154005050659624e+00,-1.540481222393072780e-01
1.545610047891379118e+09,3.685185000000000173e+02,1.433056712150573730e+00,-1.434595995094247178e-01
1.545610048090900898e+09,3.685285000000000082e+02,1.422486543655395730e+00,-1.460278919013523469e-01
1.545610048291028976e+09,1.844650000000000034e+01,1.372826099395751953e+00,-1.770072594420788736e-01
1.545610048491238117e+09,2.409250000000000114e+01,1.372826099395751953e+00,-1.770072594420788736e-01
1.545610048691015959e+09,2.901749999999999829e+01,1.308973431587219016e+00,-1.825347324565313178e-01
1.545610048890957117e+09,3.400750000000000028e+01,1.279197812080383301e+00,-1.710012459464343715e-01
1.545610049091006994e+09,1.886749999999999972e+01,1.283189654350280984e+00,-1.307703725693929175e-01
1.545610049291201115e+09,2.883050000000000068e+01,1.284988522529602273e+00,-9.764380574364259213e-02
1.545610049491281986e+09,2.916850000000000165e+01,1.282286524772644043e+00,-3.140644228670257804e-02
1.545610049691076994e+09,2.129749999999999943e+01,1.314869165420532227e+00,4.480173826991025454e-02
1.545610049891019106e+09,1.758549999999999969e+01,1.318032741546631081e+00,4.105868920967639668e-02
1.545610050091065884e+09,2.076149999999999807e+01,1.319752931594848855e+00,3.846933402767900578e-02
1.545610050291013002e+09,2.214849999999999852e+01,1.320992588996887429e+00,3.788391734737318189e-02
1.545610050491283894e+09,2.640650000000000119e+01,1.322105646133422852e+00,2.775753218021763044e-02
1.545610050691046000e+09,2.781049999999999756e+01,1.335015416145324485e+00,1.997654322130173327e-02
1.545610050890954018e+09,3.023449999999999704e+01,1.340180635452270730e+00,2.402892894582889932e-02
1.545610051091053963e+09,2.838750000000000284e+01,1.344428658485412598e+00,2.756938272214348729e-02
1.545610051291049004e+09,2.426650000000000063e+01,1.346612811088562012e+00,3.062958555055808954e-02
1.545610051491282940e+09,1.839750000000000085e+01,1.346935153007507546e+00,2.613154737753609069e-02
1.545610051691106081e+09,1.810249999999999915e+01,1.346180438995361328e+00,1.442587906759684561e-02
1.545610051891061068e+09,1.758249999999999957e+01,1.343043088912964089e+00,-1.630033568341643195e-03
1.545610052090936899e+09,1.875249999999999773e+01,1.344592928886413130e+00,-2.376222961068274325e-03
1.545610052291070938e+09,1.883149999999999835e+01,1.346305847167968528e+00,-6.993240441626943091e-04
1.545610052491329908e+09,1.872950000000000159e+01,1.346756219863891824e+00,6.398681580143155334e-04
1.545610052691251040e+09,2.027749999999999986e+01,1.346069097518921120e+00,3.530327937484035485e-03
1.545610052891060114e+09,2.104350000000000165e+01,1.344798803329467995e+00,1.848762955650777584e-03
1.545610053090967894e+09,1.745550000000000068e+01,1.342943429946899414e+00,-1.736892156783516588e-03
1.545610053290987015e+09,9.750500000000000611e+00,1.325429439544677512e+00,-2.508728567017413577e-02
1.545610053491312027e+09,1.663550000000000040e+01,1.289218068122863770e+00,-7.103821636506148229e-02
1.545610053691005945e+09,1.868149999999999977e+01,1.255020499229430708e+00,-1.121815305599591639e-01
1.545610053890959978e+09,1.275349999999999895e+01,1.255005478858947976e+00,-8.979713532688335387e-02
1.545610054090974092e+09,1.021749999999999936e+01,1.244491219520569070e+00,-1.072806774143194447e-01
1.545610054291069031e+09,1.757649999999999935e+01,1.233330011367798074e+00,-1.023724170902221703e-01
1.545610054491334915e+09,4.234250000000000114e+01,1.190461397171020952e+00,-7.596241889838600825e-02
1.545610054691179037e+09,3.152850000000000108e+01,1.197257876396178977e+00,-6.793649600477549844e-02
1.545610054891040087e+09,2.717249999999999943e+01,1.206840753555297852e+00,-4.429197489745118066e-02
1.545610055090955973e+09,2.427949999999999875e+01,1.205840110778808594e+00,-3.233794287592602762e-02
1.545610055291273117e+09,2.229449999999999932e+01,1.198737263679504617e+00,-1.825831391342418088e-03
1.545610055491301060e+09,2.395349999999999824e+01,1.138044834136962891e+00,-7.397510270120859210e-02
1.545610055691116095e+09,1.934949999999999903e+01,1.086221098899841309e+00,-1.168079356420433507e-01
1.545610055891016006e+09,1.871750000000000114e+01,1.070582866668700950e+00,-1.433537955932855656e-01
1.545610056091012001e+09,2.318650000000000233e+01,1.067689538002014382e+00,-1.541516741594146367e-01
1.545610056290983915e+09,3.211849999999999739e+01,1.068270802497863770e+00,-1.287036826102873066e-01
1.545610056491254091e+09,4.212150000000000460e+01,1.064708232879638450e+00,-8.149024170807463163e-02
1.545610056691035032e+09,5.018449999999999989e+01,1.070428371429443137e+00,-1.716762757693243149e-04
1.545610056890928984e+09,5.672149999999999892e+01,1.073406338691711426e+00,6.724433942209915270e-03
1.545610057090898991e+09,5.419250000000000256e+01,1.079207181930541770e+00,1.366629633701368918e-02
1.545610057290930986e+09,4.786950000000000216e+01,1.103598475456237793e+00,4.574593063350054778e-02
1.545610057491240025e+09,3.963349999999999795e+01,1.137342691421508789e+00,8.029484808158034170e-02
1.545610057691004992e+09,3.655649999999999977e+01,1.146824121475219727e+00,8.985599014695992703e-02
1.545610057891071081e+09,3.315350000000000108e+01,1.145429730415344238e+00,7.789717794067578527e-02
1.545610058090878963e+09,3.207050000000000267e+01,1.143535256385803001e+00,4.697750923034423737e-02
1.545610058290923119e+09,3.245750000000000313e+01,1.141098260879516380e+00,4.418168793569533966e-03
1.545610058491322994e+09,3.298250000000000171e+01,1.139644861221313699e+00,-7.978246349022312389e-03
1.545610058691061974e+09,3.465449999999999875e+01,1.139751672744750532e+00,-6.727523699006397045e-03
1.545610058890965939e+09,3.569749999999999801e+01,1.139670014381408691e+00,-6.400183967536512107e-03
1.545610059090986013e+09,3.443549999999999756e+01,1.143135905265808550e+00,-4.437723243963172010e-04
1.545610059290954113e+09,3.348449999999999704e+01,1.143646478652954102e+00,5.000703149394218790e-03
1.545610059491266012e+09,3.359349999999999881e+01,1.140863060951232910e+00,1.281862801668641992e-03
1.545610059691015959e+09,3.455550000000000210e+01,1.144049406051635742e+00,4.522648115095413875e-03
1.545610059891017914e+09,3.510150000000000148e+01,1.145513534545898660e+00,5.843672027647736807e-03
1.545610060091094971e+09,3.490250000000000341e+01,1.147446155548095703e+00,4.311104423469076276e-03
1.545610060291049004e+09,3.678349999999999653e+01,1.149399638175964355e+00,1.004415162755651833e-02
1.545610060491291046e+09,3.495649999999999835e+01,1.149660825729370117e+00,6.601345063323660334e-03
1.545610060690946102e+09,3.512149999999999750e+01,1.148080945014953835e+00,3.208030906250484114e-03
1.545610060890985966e+09,3.203349999999999653e+01,1.144968390464782937e+00,-3.095214055979816480e-03
1.545610061090933084e+09,2.795949999999999847e+01,1.153834819793701394e+00,7.709053469326412368e-03
1.545610061290966034e+09,2.956450000000000244e+01,1.163970232009887695e+00,1.618693126497159143e-02
1.545610061491265059e+09,3.056750000000000256e+01,1.163015007972716841e+00,1.572046395923297479e-02
1.545610061690984964e+09,3.230949999999999989e+01,1.163015007972716841e+00,1.572046395923297479e-02
1.545610061890938997e+09,3.183650000000000091e+01,1.163904070854187012e+00,1.993547114248809052e-02
1.545610062090972900e+09,4.072249999999999659e+01,1.146152377128601518e+00,-8.087213656542455165e-03
1.545610062291011095e+09,3.404350000000000165e+01,1.130340456962585671e+00,-3.540490611218344991e-02
1.545610062491256952e+09,2.608749999999999858e+01,1.129115343093872070e+00,-3.569380827507975112e-02
1.545610062691030025e+09,2.888349999999999795e+01,1.127467870712280495e+00,-4.048858818155902373e-02
1.545610062890953064e+09,3.256550000000000011e+01,1.130306243896484597e+00,-1.760787167647729842e-02
1.545610063091089964e+09,3.795949999999999847e+01,1.127661108970642312e+00,-3.151734211039988222e-03
1.545610063291033983e+09,3.280649999999999977e+01,1.113018989562988281e+00,-1.848087455463240381e-02
1.545610063491292953e+09,3.566049999999999898e+01,1.097897529602050781e+00,-3.671937637886604766e-02
1.545610063691021919e+09,3.809949999999999903e+01,1.085560917854309082e+00,-4.656095714454491080e-02
1.545610063890974045e+09,4.386650000000000205e+01,1.096326708793639915e+00,-3.482698467253392965e-02
1.545610064091253042e+09,3.554650000000000176e+01,1.094842791557312012e+00,-2.020164413530529252e-02
1.545610064291030884e+09,2.843149999999999977e+01,1.086766958236694114e+00,-1.309634149625666516e-02
1.545610064491262913e+09,2.758449999999999847e+01,1.064206361770629661e+00,-2.512378514959686532e-02
1.545610064691066027e+09,4.047249999999999659e+01,1.056427955627441406e+00,-5.176765799517216854e-02
1.545610064891001940e+09,3.424549999999999983e+01,1.050218701362609863e+00,-5.124395589952961821e-02
1.545610065090938091e+09,3.982050000000000267e+01,1.046898365020751953e+00,-4.430250465819955685e-02
1.545610065290906906e+09,3.698850000000000193e+01,1.050638556480407715e+00,-1.595979335212171363e-02
1.545610065491282940e+09,4.048349999999999937e+01,1.053914189338684526e+00,-2.956074805920767563e-03
1.545610065691107988e+09,2.808749999999999858e+01,1.043131828308105469e+00,-8.852397305252173929e-03
1.545610065890897036e+09,2.991049999999999898e+01,1.047857761383056863e+00,1.128472563029286977e-03
1.545610066091018915e+09,3.013150000000000261e+01,1.046036362648010254e+00,-5.413918057799317618e-03
1.545610066291095018e+09,3.471050000000000324e+01,1.044158339500427246e+00,-1.219060591354225939e-02
1.545610066491353989e+09,3.089450000000000074e+01,1.051154255867004617e+00,9.437412580842123588e-03
