1.650825168406047106e+09,9.732499999999999929e+00,-2.347356319427490678e+00,-6.757776207227882484e-03
1.650825168605981112e+09,9.732499999999999929e+00,-2.347531795501708984e+00,-2.641647846270035391e-03
1.650825168806271076e+09,9.732499999999999929e+00,-2.347124576568603516e+00,-1.203446188945867358e-03
1.650825169005978107e+09,1.570000000000000000e+02,-2.346939802169799805e+00,-7.032723475438850671e-04
1.650825169205899954e+09,1.570000000000000000e+02,-2.347035169601440430e+00,3.568141975499983893e-04
1.650825169405920982e+09,3.459354999999999905e+02,-2.346983909606933594e+00,1.020591195731745645e-03
1.650825169605967999e+09,9.732499999999999929e+00,-2.345929622650146484e+00,1.780599887281667957e-03
1.650825169806251049e+09,3.217065000000000055e+02,-2.347217321395874468e+00,-9.275068734503008627e-05
1.650825170005963087e+09,1.570000000000000000e+02,-2.347053527832031250e+00,-1.196989308401158480e-04
1.650825170205948114e+09,9.732499999999999929e+00,-2.347636461257934570e+00,-6.328591406616013377e-04
1.650825170405936003e+09,9.732499999999999929e+00,-2.347354412078857422e+00,-1.676228217237606252e-03
1.650825170606009007e+09,1.278149999999999942e+01,-2.346657752990722656e+00,1.423425686421335001e-03
1.650825170806296110e+09,1.570000000000000000e+02,-2.346697568893432617e+00,5.472388911137346899e-04
1.650825171005928040e+09,9.732499999999999929e+00,-2.347451925277709961e+00,-4.194477146249444362e-04
1.650825171205935955e+09,3.141555000000000177e+02,-2.347724437713623047e+00,-9.262382977697988535e-05
1.650825171405915976e+09,2.965175000000000409e+02,-2.347829341888427734e+00,-1.378003762169001563e-03
1.650825171605891943e+09,1.570000000000000000e+02,-2.347520828247070312e+00,-1.028796469020355113e-03
1.650825171806253910e+09,1.570000000000000000e+02,-2.347849369049072266e+00,-4.675691564794370284e-04
1.650825172005964994e+09,9.732499999999999929e+00,-2.347569942474365234e+00,1.817603489798700343e-04
1.650825172205923080e+09,9.732499999999999929e+00,-2.347198247909545898e+00,9.085852186458469272e-04
1.650825172405925035e+09,1.570000000000000000e+02,-2.346792221069335938e+00,1.152636344293271045e-03
1.650825172605875015e+09,9.732499999999999929e+00,-2.347898483276367632e+00,-3.976397669895889524e-04
1.650825172806229115e+09,1.570000000000000000e+02,-2.347033739089965820e+00,6.308015723759958365e-04
1.650825173005934000e+09,9.732499999999999929e+00,-2.347413301467895508e+00,-2.529991762099993995e-04
1.650825173205867052e+09,1.570000000000000000e+02,-2.346654176712036133e+00,1.623963531220348224e-04
1.650825173405869007e+09,3.512675000000000409e+02,-2.347369909286499023e+00,6.218635092349291326e-04
1.650825173605916023e+09,1.570000000000000000e+02,-2.347236871719360352e+00,1.033796837461278947e-03
1.650825173806302071e+09,3.397454999999999927e+02,-2.346330165863037109e+00,7.407582191278782755e-04
1.650825174005929947e+09,9.732499999999999929e+00,-2.347851037979126421e+00,-4.608328474429581418e-04
1.650825174205909014e+09,1.570000000000000000e+02,-2.348308324813842773e+00,-1.103760806956833890e-03
1.650825174405895948e+09,9.732499999999999929e+00,-2.348103284835815874e+00,-1.082503830765349376e-03
1.650825174606054068e+09,9.732499999999999929e+00,-2.346768140792847124e+00,4.931537912384524429e-04
1.650825174806229115e+09,9.732499999999999929e+00,-2.347308158874511719e+00,-1.085965183987970192e-03
1.650825175005949974e+09,9.732499999999999929e+00,-2.346687793731689453e+00,1.223968714166017314e-03
1.650825175205965042e+09,1.570000000000000000e+02,-2.347876071929931641e+00,5.085648149446806180e-04
1.650825175405889988e+09,9.732499999999999929e+00,-2.347797393798828125e+00,-1.143889478601062574e-03
1.650825175605896950e+09,3.636655000000000086e+02,-2.348119974136352539e+00,-9.021879847107619737e-04
1.650825175806185007e+09,3.466084999999999923e+02,-2.347645044326782227e+00,-1.126149499922305492e-03
1.650825176005916119e+09,9.732499999999999929e+00,-2.347430467605590820e+00,5.241739842551484778e-04
1.650825176205866098e+09,9.732499999999999929e+00,-2.345885992050170898e+00,2.382922621635647029e-03
1.650825176405895948e+09,9.732499999999999929e+00,-2.347941875457763672e+00,-1.605555327410088291e-04
1.650825176605811119e+09,9.732499999999999929e+00,-2.347692728042602983e+00,-5.299140452972185539e-05
1.650825176806195974e+09,9.732499999999999929e+00,-2.348023176193237305e+00,-6.972841539511412780e-04
1.650825177005856991e+09,1.570000000000000000e+02,-2.346833705902099609e+00,-1.114753417946155777e-03
1.650825177205877066e+09,9.732499999999999929e+00,-2.347807645797729492e+00,1.578955191607474512e-04
1.650825177405834913e+09,9.732499999999999929e+00,-2.347931623458862305e+00,-6.272837712041086757e-04
1.650825177605824947e+09,1.570000000000000000e+02,-2.348194122314453569e+00,-5.571415854930186892e-04
1.650825177806221008e+09,9.732499999999999929e+00,-2.347177505493164062e+00,9.397410585506103375e-04
1.650825178005841017e+09,9.732499999999999929e+00,-2.346816778182983398e+00,1.101265262632951337e-03
1.650825178205810070e+09,9.732499999999999929e+00,-2.346451044082641602e+00,1.742125089631073364e-03
1.650825178405852079e+09,9.732499999999999929e+00,-2.346451044082641602e+00,1.742125089631073364e-03
1.650825178605823040e+09,9.732499999999999929e+00,-2.347127676010131836e+00,1.066536320175935117e-03
1.650825178806107998e+09,3.599455000000000382e+02,-2.348229408264160156e+00,-1.051990054259033724e-03
1.650825179005923033e+09,3.093335000000000150e+02,-2.346573829650878462e+00,7.190776351124137647e-04
1.650825179205785990e+09,1.570000000000000000e+02,-2.346952676773071289e+00,-1.359008257763334585e-04
1.650825179405821085e+09,3.486695000000000277e+02,-2.347183465957641602e+00,8.683265119665833790e-04
1.650825179605787039e+09,9.732499999999999929e+00,-2.347955703735351562e+00,-8.718426455817811270e-04
1.650825179806130886e+09,3.601935000000000286e+02,-2.347937107086181641e+00,2.923963358398488747e-04
1.650825180005827904e+09,9.732499999999999929e+00,-2.348190307617187500e+00,-1.303019737573682347e-03
1.650825180205787897e+09,3.097814999999999941e+02,-2.346966981887817383e+00,2.405451579822711944e-04
1.650825180405786991e+09,3.205815000000000055e+02,-2.347382545471191850e+00,6.742458557293753464e-04
1.650825180605873108e+09,9.732499999999999929e+00,-2.347702503204345703e+00,2.469014990985836963e-04
1.650825180806233883e+09,1.570000000000000000e+02,-2.347373723983765093e+00,8.312871074470578681e-04
1.650825181005881071e+09,9.732499999999999929e+00,-2.347411632537841797e+00,-5.231353450715741640e-04
1.650825181205790997e+09,1.570000000000000000e+02,-2.346879482269287109e+00,5.591007963349121663e-04
1.650825181405772924e+09,3.458695000000000164e+02,-2.348125219345092773e+00,-6.916015982616520452e-04
1.650825181605756998e+09,9.732499999999999929e+00,-2.347038745880126953e+00,7.376583322403590078e-04
1.650825181806051970e+09,9.732499999999999929e+00,-2.347466468811035156e+00,-6.451079083217518134e-05
1.650825182005779028e+09,1.570000000000000000e+02,-2.347466468811035156e+00,-6.451079083217518134e-05
1.650825182205740929e+09,9.732499999999999929e+00,-2.347259521484375000e+00,9.618759627700226161e-04
1.650825182405811071e+09,9.732499999999999929e+00,-2.347862958908081499e+00,-8.677550797061687506e-04
1.650825182605806112e+09,9.732499999999999929e+00,-2.347862958908081499e+00,-8.677550797061687506e-04
1.650825182806076050e+09,3.549745000000000346e+02,-2.347252368927001953e+00,2.254007577782714234e-04
1.650825183005909920e+09,2.938565000000000396e+02,-2.346945285797119141e+00,-1.468370545440671833e-04
1.650825183205790997e+09,1.570000000000000000e+02,-2.347393035888671875e+00,-1.405511008664975443e-04
1.650825183405782938e+09,9.732499999999999929e+00,-2.347848176956176758e+00,1.642368443688024411e-05
1.650825183605701923e+09,1.570000000000000000e+02,-2.347538232803344727e+00,-1.222005980172483292e-03
1.650825183806153059e+09,1.570000000000000000e+02,-2.346050262451171875e+00,1.118687898890162761e-03
1.650825184005772114e+09,1.570000000000000000e+02,-2.345742702484130859e+00,1.265766878062784357e-03
1.650825184205771923e+09,1.570000000000000000e+02,-2.346747636795043945e+00,6.793316300270101950e-04
1.650825184405682087e+09,1.570000000000000000e+02,-2.342784643173217773e+00,5.064101249596431736e-03
1.650825184605827093e+09,1.570000000000000000e+02,-2.343170404434204102e+00,7.003327713395351636e-03
1.650825184805993080e+09,1.570000000000000000e+02,-2.343761444091797319e+00,2.543743107383091787e-03
1.650825189005650043e+09,3.008285000000000196e+02,-1.508967757225036621e+00,1.689420948068418304e-01
1.650825189205599070e+09,3.004515000000000100e+02,-1.504441738128662109e+00,9.461654959136893417e-02
1.650825189405637980e+09,2.982465000000000259e+02,-1.504441738128662109e+00,9.461654959136893417e-02
1.650825189605617046e+09,2.996105000000000018e+02,-1.487205386161804199e+00,3.789756708650386663e-02
1.650825189805972099e+09,3.044395000000000095e+02,-1.480761885643005371e+00,4.158892949534721828e-02
1.650825197005652905e+09,1.603650000000000020e+01,-2.959029436111450195e+00,-1.235633263905912271e-01
1.650825197205432892e+09,1.607949999999999946e+01,-2.961741447448730469e+00,-1.081352452230354005e-01
1.650825197405437946e+09,1.430750000000000099e+01,-2.968057394027709961e+00,-7.686657641686991949e-02
1.650825197605529070e+09,1.362849999999999895e+01,-2.967563152313232422e+00,-2.934860134103652041e-02
1.650825197805783033e+09,1.268549999999999933e+01,-2.969409942626953125e+00,-1.220987216357229642e-02
1.650825198005497932e+09,3.696345000000000027e+02,-2.974457502365112305e+00,-1.589021081380462622e-02
1.650825198205476046e+09,9.779500000000000526e+00,-2.988988876342773438e+00,-3.184048348535731959e-02
1.650825198405494928e+09,2.021750000000000114e+01,-3.031732559204101562e+00,-7.549260251256803556e-02
1.650825198605412006e+09,2.006750000000000256e+01,-3.051553249359130859e+00,-1.026588858215103511e-01
1.650825198805732012e+09,2.149649999999999750e+01,-3.049989700317382812e+00,-8.480395846820128203e-02
1.650825199005491972e+09,2.140549999999999997e+01,-3.058113336563110352e+00,-7.677189905253516133e-02
1.650825199205387115e+09,2.039049999999999940e+01,-3.060403585433959961e+00,-5.185221980626698174e-02
1.650825199405443907e+09,1.703950000000000031e+01,-3.060403585433959961e+00,-5.185221980626698174e-02
1.650825199605489016e+09,3.693445000000000391e+02,-3.067112684249877930e+00,-1.902474443256227735e-02
1.650825199805741072e+09,2.431049999999999756e+01,-3.080688238143920898e+00,-3.168394522220167875e-02
1.650825200005470991e+09,2.773250000000000171e+01,-3.069553613662719727e+00,-1.204632654070543138e-02
1.650825200205460072e+09,2.073550000000000182e+01,-3.054819822311401367e+00,5.880251269011954607e-03
1.650825200405430079e+09,1.987349999999999994e+01,-3.055057287216186523e+00,9.378980992977554651e-03
1.650825200605381966e+09,1.948049999999999926e+01,-3.048920631408691406e+00,3.737205534103476418e-02
1.650825200805720091e+09,2.153350000000000009e+01,-3.048691511154174805e+00,2.453873835067551384e-02
1.650825201005430937e+09,1.883650000000000091e+01,-3.043154239654541016e+00,1.372108746818187855e-02
1.650825201205365896e+09,1.603750000000000142e+01,-3.041876792907714844e+00,1.464525594162984813e-02
1.650825201405376911e+09,1.442650000000000077e+01,-3.068094730377197266e+00,-1.703776201394581469e-02
1.650825201605343103e+09,1.591649999999999920e+01,-3.086625337600708008e+00,-3.969792974336228131e-02
1.650825201805743933e+09,1.437549999999999883e+01,-3.087732553482055664e+00,-4.111324886056670624e-02
1.650825202005415916e+09,2.012049999999999983e+01,-3.093668699264526367e+00,-5.614533185748663002e-02
1.650825202205452919e+09,2.738049999999999784e+01,-3.113190174102783203e+00,-7.132217253761337361e-02
1.650825202405461073e+09,2.784049999999999869e+01,-3.111202001571655273e+00,-4.311355170728996961e-02
1.650825202605418921e+09,2.744950000000000045e+01,-3.111542940139770508e+00,-2.623008091741033110e-02
1.650825202805636883e+09,1.998150000000000048e+01,-3.108702182769775391e+00,-2.206917213693309829e-02
1.650825203005439997e+09,2.151350000000000051e+01,-3.110745906829833984e+00,-3.623991271005545388e-04
1.650825203205321074e+09,2.147550000000000026e+01,-3.111757993698120117e+00,1.591469068750827817e-03
1.650825203405360937e+09,1.996950000000000003e+01,-3.113226413726806641e+00,-1.870824360300476401e-03
1.650825203605372906e+09,2.097350000000000136e+01,-3.118107318878173828e+00,-1.106573012275307959e-02
1.650825203805722952e+09,2.171249999999999858e+01,-3.118506193161010742e+00,-9.129826474673559747e-03
1.650825204005367041e+09,2.065950000000000131e+01,-3.131392478942871094e+00,-2.309874909473592225e-02
1.650825204205391884e+09,2.287349999999999994e+01,-3.138439655303955078e+00,-3.013904827906296532e-02
1.650825204405361891e+09,2.389049999999999940e+01,3.135944366455078125e+00,-3.778985045998369680e-02
1.650825204605355024e+09,2.781250000000000000e+01,3.135848760604858398e+00,-3.247003492477561898e-02
1.650825204805702925e+09,3.057950000000000301e+01,-3.132563591003417969e+00,-1.463219917902400333e-03
1.650825205005429029e+09,2.966649999999999920e+01,-3.128943681716918945e+00,2.576470709233076757e-03
1.650825205205279112e+09,2.645450000000000301e+01,-3.117540836334228516e+00,2.199210496076816831e-02
1.650825205405381918e+09,2.433650000000000091e+01,-3.116005659103393555e+00,3.685907566950488712e-02
1.650825205605371952e+09,2.326350000000000051e+01,-3.114389419555664062e+00,2.138174041779496506e-02
1.650825205805646896e+09,2.425750000000000028e+01,-3.122560739517211914e+00,1.000294688174135048e-02
1.650825206005393028e+09,2.983149999999999835e+01,-3.120524168014526367e+00,-3.510255286703109056e-03
1.650825206205329895e+09,2.789249999999999829e+01,-3.119127750396728516e+00,-3.673988832420658004e-03
1.650825206405282021e+09,2.587550000000000239e+01,-3.120101928710937500e+00,-4.097083299252576340e-03
1.650825206605242014e+09,2.538649999999999807e+01,-3.117912769317626953e+00,-3.916453237898165005e-03
1.650825206805610895e+09,2.492450000000000188e+01,-3.115132808685302734e+00,6.343794202187855689e-03
1.650825207005321026e+09,2.199349999999999739e+01,-3.116795539855957031e+00,3.728825521294052044e-03
1.650825207205252886e+09,2.072550000000000026e+01,-3.115864276885986328e+00,3.434609309427234629e-03
1.650825207405363083e+09,2.335150000000000148e+01,-3.117277383804321289e+00,7.940154179023811232e-04
1.650825207605324030e+09,2.363749999999999929e+01,-3.116532325744628906e+00,7.793561211566441081e-04
1.650825207805627108e+09,2.353450000000000131e+01,-3.116419315338134766e+00,-1.429444490214689572e-03
1.650825208005363941e+09,2.355150000000000077e+01,-3.118052244186401367e+00,-1.323035526930085685e-03
1.650825208205317020e+09,2.499150000000000205e+01,-3.117568492889404297e+00,-1.794249215392489582e-03
1.650825208405251026e+09,2.423949999999999960e+01,1.396429181098938210e+00,-2.082592519139764065e+00
1.650825208605240107e+09,2.423550000000000182e+01,1.396686196327209473e+00,-2.212283406575349609e+00
1.650825208805576086e+09,2.468849999999999767e+01,1.396802425384521706e+00,-2.210155885733491754e+00
1.650825209005306005e+09,2.412049999999999983e+01,1.399129509925842063e+00,-2.078248572034121722e+00
1.650825209205205917e+09,2.307849999999999824e+01,1.401085615158081277e+00,-1.964559511171023232e+00
1.650825209405330896e+09,2.154749999999999943e+01,1.402423501014709473e+00,6.311411499912892610e-03
1.650825209605300903e+09,2.619749999999999801e+01,1.400964975357055886e+00,4.625519440348974110e-03
1.650825209805610895e+09,2.443050000000000210e+01,1.400964975357055886e+00,4.625519440348974110e-03
1.650825210005284071e+09,2.365350000000000108e+01,1.398391723632812500e+00,-3.168752105092972025e-03
1.650825210205228090e+09,3.356634999999999991e+02,1.397436380386352539e+00,-6.231741229086762424e-03
1.650825210405229092e+09,3.691595000000000368e+02,1.395960330963135210e+00,-6.800607497689054211e-03
1.650825210605233908e+09,3.432750000000000057e+01,1.365775704383850320e+00,-3.856511004985321150e-02
1.650825224005089998e+09,2.308305000000000007e+02,-1.864196419715881570e+00,3.291181490032142887e-01
1.650825224205044985e+09,2.212534999999999741e+02,-1.866778254508972612e+00,2.698209689799968003e-01
1.650825224405035973e+09,2.172104999999999961e+02,-1.851114869117737260e+00,1.779250184712914684e-01
1.650825224605103970e+09,2.195254999999999939e+02,-1.839253544807433860e+00,1.116481202855681837e-01
1.650825224805299044e+09,2.183314999999999770e+02,-1.804325938224792480e+00,6.655526195126992839e-02
1.650825225005038977e+09,2.176214999999999975e+02,-1.784180402755737527e+00,9.182675716093408047e-02
1.650825225204993010e+09,2.185494999999999948e+02,-1.762108206748962180e+00,1.047294776276429112e-01
1.650825225405044079e+09,1.947604999999999791e+02,-1.746338605880737971e+00,1.161052722837971757e-01
1.650825225604990005e+09,1.895424999999999898e+02,-1.757388710975647195e+00,6.784646782073162907e-02
1.650825225805303097e+09,2.119244999999999948e+02,-1.810276269912719727e+00,-6.260584294443501292e-03
1.650825226005029917e+09,2.084304999999999950e+02,-1.821701169013976829e+00,-3.752851478905808169e-02
1.650825226204998970e+09,2.159884999999999877e+02,-1.805418014526367632e+00,-6.570884741361754378e-02
1.650825226405018091e+09,2.182544999999999789e+02,-1.786152124404907449e+00,-6.889141497372504308e-02
1.650825226605053902e+09,2.128534999999999968e+02,-1.735399603843688965e+00,2.200578078540230131e-02
1.650825226805284977e+09,2.078944999999999936e+02,-1.718195915222167969e+00,9.214604298317902176e-02
1.650825227005162954e+09,2.063214999999999861e+02,-1.711911797523498979e+00,1.155730035679067708e-01
1.650825227204993010e+09,2.033014999999999759e+02,-1.694639801979064719e+00,1.016364336867028872e-01
1.650825227404979944e+09,2.024584999999999866e+02,-1.692880868911743164e+00,7.476898072966052522e-02
1.650825227605047941e+09,2.033034999999999854e+02,-1.701085090637207475e+00,3.610709992192768364e-02
1.650825227805254936e+09,2.006574999999999989e+02,-1.694537758827209251e+00,2.043859740153483595e-02
1.650825228004997969e+09,2.004184999999999945e+02,-1.694013476371765359e+00,1.116612225825433687e-02
1.650825228204981089e+09,1.994354999999999905e+02,-1.732864260673523171e+00,-4.703934248001628848e-02
1.650825228404906988e+09,1.993884999999999934e+02,-1.736163616180419922e+00,-4.127309531664067471e-02
1.650825228604918003e+09,2.011824999999999761e+02,-1.750633716583251953e+00,-4.954934656861754300e-02
1.650825228805249929e+09,2.027444999999999879e+02,-1.773280739784240945e+00,-9.325320804992637269e-02
1.650825229004990101e+09,2.043024999999999807e+02,-1.778736233711242898e+00,-6.464292064276060124e-02
1.650825229204900026e+09,2.048524999999999920e+02,-1.775092244148254839e+00,-4.693137733153822377e-02
1.650825229404943943e+09,2.050074999999999932e+02,-1.773215055465698464e+00,-2.656545691222738162e-02
1.650825229604912043e+09,2.068384999999999820e+02,-1.774892807006836160e+00,-2.014310347087583993e-03
1.650825229805290937e+09,2.071324999999999932e+02,-1.774985909461975320e+00,-1.794162949732330510e-03
1.650825230004928112e+09,2.070764999999999816e+02,-1.772194504737854004e+00,6.882468518061902497e-03
1.650825230204916954e+09,2.077184999999999775e+02,-1.767488121986388938e+00,5.844036278381361735e-03
1.650825230404881001e+09,2.077144999999999868e+02,-1.763107299804687500e+00,1.386546360189581419e-02
1.650825230604934931e+09,2.059154999999999802e+02,-1.762281894683837891e+00,1.494689084361453153e-02
1.650825230805252075e+09,2.059874999999999829e+02,-1.760793089866637962e+00,1.425098796737539648e-02
1.650825231004909992e+09,2.051644999999999754e+02,-1.757571935653686523e+00,1.462260046086410158e-02
1.650825231204858065e+09,2.045514999999999759e+02,-1.751843214035034402e+00,1.738631049452749391e-02
1.650825231404879093e+09,2.033814999999999884e+02,-1.749698638916015847e+00,1.489972227277989829e-02
1.650825231604850054e+09,2.028604999999999734e+02,-1.745146393775939719e+00,1.738598058445845265e-02
1.650825231805205107e+09,2.032994999999999948e+02,-1.741392016410827415e+00,1.797958180155338065e-02
1.650825232004942894e+09,2.046274999999999977e+02,-1.737395882606506348e+00,1.605365196639453249e-02
1.650825232204871893e+09,2.050444999999999993e+02,-1.736430883407592773e+00,1.474405034421948611e-02
1.650825232404906988e+09,2.016074999999999875e+02,-1.727847456932067871e+00,2.144375543803787171e-02
1.650825232604844093e+09,1.979184999999999945e+02,-1.725844264030456765e+00,2.032465625149013425e-02
1.650825232805169106e+09,1.970174999999999841e+02,-1.731841564178467019e+00,1.061329659338499168e-02
1.650825233004903078e+09,2.022854999999999848e+02,-1.784070372581481934e+00,-5.953596897441688213e-02
1.650825233204834938e+09,2.078274999999999864e+02,-1.769822597503662331e+00,-3.340055337291811255e-02
1.650825233404870987e+09,2.183064999999999998e+02,-1.734529137611389160e+00,-6.684058336028421768e-03
1.650825233604845047e+09,2.149424999999999955e+02,-1.701103091239929199e+00,2.474948692967508107e-02
1.650825233805212021e+09,2.075284999999999798e+02,-1.678456187248229980e+00,5.340012010075489979e-02
1.650825234004889011e+09,2.008684999999999832e+02,-1.645843863487243652e+00,1.382617477913830328e-01
1.650825234204847097e+09,1.994735000000000014e+02,-1.645485162734985352e+00,1.308388494608980490e-01
1.650825234404925108e+09,2.099624999999999773e+02,-1.634268164634704590e+00,1.055008723061245102e-01
1.650825234604898930e+09,2.084764999999999873e+02,-1.591430425643921120e+00,1.023861610066823663e-01
1.650825234805181026e+09,1.957464999999999975e+02,-1.550841450691222922e+00,1.199835155052807606e-01
1.650825235004962921e+09,1.949744999999999777e+02,-1.538031458854675293e+00,1.197895170728631858e-01
1.650825235204827070e+09,1.925314999999999941e+02,-1.538109660148620605e+00,1.131128166554764836e-01
1.650825235405013084e+09,1.913974999999999795e+02,-1.537811636924743874e+00,6.699477878423452937e-02
1.650825235605242014e+09,1.928834999999999980e+02,-1.539319038391113725e+00,5.482725742805977937e-02
1.650825235805177927e+09,1.942274999999999920e+02,-1.548042654991149902e+00,-1.111825732238789187e-02
1.650825236004878044e+09,1.936544999999999845e+02,-1.545345544815063699e+00,-1.053948058159530875e-02
1.650825236204859018e+09,1.941674999999999898e+02,-1.548390269279480203e+00,-1.244411088131902599e-02
1.650825236404793024e+09,1.941744999999999948e+02,-1.550249218940735085e+00,-1.285880654837202354e-02
1.650825236604752064e+09,1.911264999999999930e+02,-1.547343373298645020e+00,-6.250483547719403073e-03
1.650825236805108070e+09,1.917834999999999752e+02,-1.549111366271972212e+00,-1.125226614238462614e-03
1.650825237004895926e+09,1.925814999999999770e+02,-1.550589680671691895e+00,-5.826681169240908835e-03
1.650825237204907894e+09,1.934094999999999800e+02,-1.548201918601989746e+00,2.215648197696398877e-04
1.650825237404931068e+09,1.919884999999999877e+02,-1.548311710357666016e+00,2.152904573329362907e-03
1.650825237604882956e+09,1.947884999999999991e+02,-1.552735447883605735e+00,-5.992701495843583658e-03
1.650825237805154085e+09,1.898954999999999984e+02,-1.549531221389770730e+00,-4.666695640293234233e-04
1.650825250004642963e+09,3.385885000000000105e+02,1.873671054840087891e+00,-2.198121856575695476e-01
1.650825250204623938e+09,3.452384999999999877e+02,1.859189271926879883e+00,-1.504436631273657343e-01
1.650825250404649019e+09,3.474195000000000277e+02,1.850803613662719949e+00,-1.002450686889376219e-01
1.650825250604599953e+09,3.406985000000000241e+02,1.853122115135193093e+00,-5.679557204585784780e-02
1.650825250804936886e+09,1.730849999999999866e+01,1.757105708122253418e+00,-1.371129111370928688e-01
1.650825251004715919e+09,3.500665000000000191e+02,1.732528328895569292e+00,-1.407819539866191627e-01
1.650825251204617977e+09,3.528294999999999959e+02,1.722046971321106179e+00,-1.356299025227845623e-01
1.650825251404700994e+09,3.515615000000000236e+02,1.703717947006225808e+00,-1.660937132654924653e-01
1.650825251604604006e+09,3.532925000000000182e+02,1.701540589332580788e+00,-1.197292136401824775e-01
1.650825251804893017e+09,3.580945000000000391e+02,1.698340654373168723e+00,-5.877908178827048746e-02
1.650825252004623890e+09,3.627504999999999882e+02,1.662956595420837402e+00,-7.321605416389774523e-02
1.650825252204564095e+09,1.578150000000000119e+01,1.637492418289184570e+00,-8.896343881672900966e-02
1.650825252404525042e+09,2.814650000000000318e+01,1.630010604858398882e+00,-8.413778114308149980e-02
1.650825252804851055e+09,2.200849999999999795e+01,1.690993905067444070e+00,-7.736701332370752790e-03
1.650825253004595041e+09,1.170449999999999946e+01,1.717108726501464844e+00,5.703208333249634027e-02
1.650825253204499006e+09,3.662085000000000150e+02,1.745781660079956277e+00,1.361923940999441862e-01
1.650825253404503107e+09,3.611154999999999973e+02,1.744887828826904297e+00,1.274320657152654412e-01
1.650825253604506016e+09,3.610205000000000268e+02,1.737245082855224387e+00,9.926386936691565521e-02
1.650825253804826021e+09,3.632465000000000259e+02,1.686267614364624023e+00,-5.246735661498670711e-03
1.650825254004618883e+09,3.648095000000000141e+02,1.634813308715820312e+00,-1.305593658220497999e-01
1.650825254204546928e+09,3.667305000000000064e+02,1.634813308715820312e+00,-1.305593658220497999e-01
1.650825254404494047e+09,3.668595000000000255e+02,1.584537267684936301e+00,-1.697078812447835872e-01
1.650825254604585886e+09,3.696995000000000005e+02,1.566237807273864746e+00,-1.264150526472529734e-01
1.650825254804866076e+09,1.158150000000000013e+01,1.567267656326294167e+00,-7.579274717570164133e-02
1.650825255004525900e+09,1.266049999999999898e+01,1.542156457901000977e+00,-1.029554002369957588e-01
1.650825255204458952e+09,1.635950000000000060e+01,1.506970643997192605e+00,-1.296488455079529423e-01
1.650825255404596090e+09,1.974649999999999750e+01,1.484632968902587891e+00,-9.600338714545203489e-02
1.650825255604481936e+09,2.120449999999999946e+01,1.483810424804687944e+00,-9.816962427742421948e-02
1.650825255804842949e+09,2.372050000000000125e+01,1.481790542602539285e+00,-6.707291228464284938e-02
1.650825256004542112e+09,2.399150000000000205e+01,1.488407850265503374e+00,-1.954478018460827776e-02
1.650825256204560995e+09,2.087850000000000250e+01,1.499019503593444824e+00,1.381939568658276975e-02
1.650825256404530048e+09,1.909149999999999991e+01,1.498483896255493164e+00,1.458221374043885445e-02
1.650825256604497910e+09,1.658650000000000091e+01,1.496552586555480957e+00,1.415847735006514098e-02
1.650825256804752111e+09,1.568949999999999889e+01,1.492959380149841531e+00,1.241039022968712727e-02
1.650825257004543066e+09,1.799849999999999994e+01,1.491200804710388184e+00,3.103313627399478195e-03
1.650825257204421997e+09,2.125450000000000017e+01,1.494365215301513450e+00,-5.172257106074259168e-03
1.650825257404489994e+09,1.964349999999999952e+01,1.497332453727722390e+00,-1.212332226474052395e-03
1.650825257604428053e+09,1.477350000000000030e+01,1.507085680961608887e+00,1.569941073553527897e-02
1.650825257804764032e+09,1.464150000000000063e+01,1.506725430488586204e+00,1.725269938572282502e-02
1.650825258004503012e+09,1.442450000000000010e+01,1.500787615776062012e+00,7.555925065419234060e-03
1.650825258204462051e+09,1.145550000000000068e+01,1.499344944953918457e+00,2.515356308371180863e-03
1.650825258404519081e+09,1.299450000000000038e+01,1.490297555923462136e+00,-7.404122058293989388e-03
1.650825258604450941e+09,1.382549999999999990e+01,1.484739184379577859e+00,-2.629066261849703767e-02
1.650825258804764986e+09,1.460749999999999993e+01,1.502928018569946067e+00,-3.797492498596280984e-03
1.650825259004471064e+09,1.621549999999999869e+01,1.509177207946777344e+00,1.156684717412382983e-02
1.650825259204411983e+09,1.851549999999999940e+01,1.512229919433593972e+00,2.579748674244017673e-02
1.650825259404486895e+09,1.842150000000000176e+01,1.515069842338562012e+00,3.789736586853889588e-02
1.650825259604391098e+09,1.763850000000000051e+01,1.514892458915710449e+00,2.706516762082429930e-02
1.650825259804719925e+09,1.703849999999999909e+01,1.513836145401000977e+00,1.282902918357384063e-02
1.650825260004528046e+09,1.768250000000000099e+01,1.510742068290710671e+00,1.738556676126505737e-03
1.650825260204463959e+09,1.689849999999999852e+01,1.512228369712829812e+00,-2.991450846130290497e-03
1.650825260404453993e+09,1.850949999999999918e+01,1.511659383773803711e+00,-3.591770592853381610e-03
1.650825260604370117e+09,1.748250000000000171e+01,1.514790296554565652e+00,1.122275600264612590e-03
1.650825260804713964e+09,1.805150000000000077e+01,1.515378236770630105e+00,5.453276340652604172e-03
1.650825261004479885e+09,1.826849999999999952e+01,1.515132188796997070e+00,5.589204021512083308e-03
1.650825261204418898e+09,1.640149999999999864e+01,1.515512466430664285e+00,3.648981466739816860e-03
1.650825261404424906e+09,1.627850000000000108e+01,1.496138930320739524e+00,-2.072600564689948063e-02
1.650825261604356050e+09,1.569249999999999901e+01,1.477068662643432839e+00,-4.506609780354589589e-02
1.650825261804780960e+09,1.476449999999999996e+01,1.416762709617614746e+00,-1.229191425036398333e-01
1.650825262004543066e+09,1.868149999999999977e+01,1.350842356681823953e+00,-1.728857184935481683e-01
1.650825262204396963e+09,2.361950000000000216e+01,1.263765573501586914e+00,-2.649822187122237160e-01
1.650825262404362917e+09,2.583250000000000313e+01,1.259794712066650613e+00,-2.364116307044793752e-01
1.650825262604439020e+09,2.770949999999999847e+01,1.252221822738648127e+00,-2.248873746049879774e-01
1.650825262804685116e+09,2.987049999999999983e+01,1.250642418861388716e+00,-1.661555477231682620e-01
1.650825263004442930e+09,3.057950000000000301e+01,1.250607967376708984e+00,-1.547939941489794372e-02
1.650825263204674959e+09,3.170150000000000290e+01,1.249379992485046609e+00,-1.422384153653384782e-02
1.650825263404335022e+09,3.106850000000000023e+01,1.246609449386596680e+00,-1.465211073003559565e-02
1.650825263604348898e+09,3.122050000000000125e+01,1.245468497276306152e+00,-7.110892313996330406e-03
1.650825263804636002e+09,3.155049999999999955e+01,1.244480252265929954e+00,-6.809874112118430474e-03
1.650825264004410028e+09,3.189050000000000296e+01,1.244595289230346680e+00,-5.628643325450212800e-03
1.650825264204351902e+09,3.145649999999999835e+01,1.245168447494506836e+00,-1.800534500165485970e-03
1.650825264404407024e+09,3.166349999999999909e+01,1.243382573127746804e+00,-2.606514349384345553e-03
1.650825264604306936e+09,3.101950000000000074e+01,1.243355154991149902e+00,-2.920817626996948316e-03
1.650825264804614067e+09,3.097249999999999659e+01,1.245661497116089089e+00,1.312711134663009302e-03
1.650825265004363060e+09,3.130449999999999733e+01,1.239982366561889648e+00,-5.762410760385492346e-03
1.650825265204336882e+09,3.116649999999999920e+01,1.240006446838379128e+00,-3.971660844481031231e-03
1.650825265404303074e+09,3.114350000000000307e+01,1.237290382385254128e+00,-7.133178653771842653e-03
1.650825265604307890e+09,3.220750000000000313e+01,1.237480521202087402e+00,-9.621437438014513593e-03
1.650825265804627895e+09,3.246549999999999869e+01,1.241366505622863770e+00,-4.521683207235610048e-03
1.650825288204035044e+09,1.942304999999999779e+02,-1.740673422813415749e+00,9.867240713130601137e-02
1.650825288404002905e+09,1.874604999999999961e+02,-1.685313940048217773e+00,1.444954911573060885e-01
1.650825288603981972e+09,1.817264999999999873e+02,-1.697982192039489746e+00,1.149605771581387187e-01
1.650825288804239035e+09,2.044384999999999764e+02,-1.741829633712768777e+00,5.078288968042578289e-02
1.650825289003977060e+09,2.024615000000000009e+02,-1.795060038566589800e+00,-6.394976733076708497e-02
1.650825289203881979e+09,2.023144999999999811e+02,-1.808721423149108887e+00,-1.452136802731184284e-01
1.650825289403949976e+09,2.036944999999999766e+02,-1.807008504867553933e+00,-1.397251093772864383e-01
1.650825289603939056e+09,2.038804999999999836e+02,-1.809609651565551758e+00,-1.241095356623114349e-01
1.650825289804219961e+09,2.038984999999999843e+02,-1.808490753173827903e+00,-1.580207468413979618e-02
1.650825290003942013e+09,2.038784999999999741e+02,-1.810191869735717995e+00,-1.513213422281139281e-02
1.650825290203912020e+09,2.041794999999999902e+02,-1.844059228897095171e+00,-4.627943724452084073e-02
1.650825290403986931e+09,2.055674999999999955e+02,-1.846364498138427734e+00,-4.322797843774605492e-02
1.650825290603882074e+09,2.061084999999999923e+02,-1.845894098281860574e+00,-4.400100297414420714e-02
1.650825290804213047e+09,2.071144999999999925e+02,-1.845165610313415527e+00,-4.113870446474995196e-02
1.650825291003936052e+09,2.083514999999999873e+02,-1.830436825752258301e+00,1.602481221438155357e-02
1.650825291203834057e+09,2.078084999999999809e+02,-1.798238754272461160e+00,5.661422510446849354e-02
1.650825291403909922e+09,2.070714999999999861e+02,-1.779296755790710227e+00,7.852590441497825369e-02
1.650825291603892088e+09,2.049174999999999898e+02,-1.770234346389770508e+00,8.900708881692430408e-02
1.650825291804194927e+09,2.028144999999999811e+02,-1.766564846038818359e+00,9.247484382314982709e-02
1.650825292004009962e+09,2.013514999999999873e+02,-1.759304761886596458e+00,8.367939197641321991e-02
1.650825292203856945e+09,2.014784999999999968e+02,-1.752677798271179421e+00,5.359922138061894159e-02
1.650825292403873920e+09,2.019004999999999939e+02,-1.736209988594055842e+00,3.781375331744815660e-02
1.650825292603880882e+09,2.014444999999999766e+02,-1.720981597900390625e+00,4.799734896173944027e-02
1.650825292804212093e+09,2.201935000000000002e+02,-1.702533245086670144e+00,5.977424970598192722e-02
1.650825293003902912e+09,2.073354999999999961e+02,-1.647668242454528809e+00,1.105540428197930164e-01
1.650825293203824997e+09,2.022694999999999936e+02,-1.626150488853454590e+00,1.308059551096643347e-01
1.650825293403820038e+09,1.933604999999999734e+02,-1.607251524925232156e+00,1.432620048485822861e-01
1.650825293603960037e+09,1.936354999999999791e+02,-1.583877801895141602e+00,1.612614656451986928e-01
1.650825293804162025e+09,1.987484999999999786e+02,-1.570173978805541992e+00,1.557109051065368177e-01
1.650825295003884077e+09,1.891004999999999825e+02,-1.551226258277892844e+00,-2.755756677656286818e-02
1.650825295203794956e+09,2.009804999999999779e+02,-1.603508472442627175e+00,-1.218771280415261171e-01
1.650825295403857946e+09,2.014714999999999918e+02,-1.651603102684020552e+00,-2.154574663524366773e-01
1.650825295603847980e+09,1.973504999999999825e+02,-1.646644234657287598e+00,-1.611792134441234203e-01
1.650825295804130077e+09,1.986154999999999973e+02,-1.634027361869812234e+00,-9.743901101198101933e-02
1.650825296003865004e+09,1.941064999999999827e+02,-1.619135022163390669e+00,-1.644111788313411607e-02
1.650825296203828096e+09,1.922154999999999916e+02,-1.615855932235717773e+00,3.257589114816385883e-02
1.650825296403809071e+09,1.986804999999999950e+02,-1.626174092292785645e+00,2.823664274717966813e-02
1.650825296603858948e+09,1.906484999999999843e+02,-1.644496679306030940e+00,2.259741158973455066e-03
1.650825296804162979e+09,1.969964999999999975e+02,-1.674796462059021218e+00,-4.290103718860946436e-02
1.650825297003813028e+09,1.965484999999999900e+02,-1.685007095336914285e+00,-5.059796500161450883e-02
1.650825297203742027e+09,1.967714999999999748e+02,-1.711556077003479004e+00,-9.571495509287245018e-02
1.650825297403821945e+09,1.971424999999999841e+02,-1.714736700057983398e+00,-8.856547949438363376e-02
1.650825297603818893e+09,1.972084999999999866e+02,-1.718887448310851607e+00,-4.409210056368256109e-02
1.650825297804126978e+09,1.962295000000000016e+02,-1.718887448310851607e+00,-4.409210056368256109e-02
1.650825298004023075e+09,2.097295000000000016e+02,-1.720999360084534358e+00,-1.512582508771635748e-02
1.650825298203846931e+09,2.010844999999999914e+02,-1.708687186241149902e+00,3.188389207648318485e-03
1.650825298403848886e+09,1.954924999999999784e+02,-1.642130374908447266e+00,7.830931096611734588e-02
1.650825298603846073e+09,1.928884999999999934e+02,-1.635740280151367410e+00,9.236977840968285669e-02
1.650825298804071903e+09,1.937994999999999948e+02,-1.639342069625854270e+00,9.602399369737990575e-02
1.650825299003820896e+09,1.927854999999999848e+02,-1.679582357406616211e+00,-1.877087808849732531e-02
1.650825299203722954e+09,1.950114999999999839e+02,-1.679582357406616211e+00,-1.877087808849732531e-02
1.650825299403762102e+09,1.950734999999999957e+02,-1.682471990585327148e+00,-5.196234349222726701e-02
1.650825299603725910e+09,1.931084999999999923e+02,-1.683165192604064719e+00,-4.871928895005204346e-02
1.650825299804061890e+09,1.922634999999999934e+02,-1.683941960334777610e+00,-2.410767995463156815e-02
1.650825300003742933e+09,1.936914999999999907e+02,-1.690340042114257812e+00,-1.265513201629760859e-02
1.650825300203739882e+09,1.958474999999999966e+02,-1.694081068038940430e+00,-8.996325369530990337e-03
1.650825300403716087e+09,1.948084999999999809e+02,-1.694884538650512695e+00,-1.460083697779333313e-02
1.650825300603759050e+09,1.952714999999999748e+02,-1.696720361709594727e+00,-1.506308109813754570e-02
1.650825300804038048e+09,1.940334999999999752e+02,-1.698596954345703125e+00,-1.628759222922796998e-02
1.650825301003767967e+09,1.963084999999999809e+02,-1.700592041015625000e+00,-7.235009721655195382e-03
1.650825301203702927e+09,1.955614999999999952e+02,-1.700955867767333762e+00,-6.745168258374511193e-03
1.650825301403738976e+09,1.962324999999999875e+02,-1.698298215866088867e+00,-1.753185032282128780e-03
1.650825301603673935e+09,1.975234999999999843e+02,-1.699203491210937500e+00,-6.385806641088298064e-04
1.650825301804080963e+09,2.413854999999999791e+02,-1.699272274971008523e+00,-4.519011617401036407e-03
1.650825314003552914e+09,3.633104999999999905e+02,1.426283240318298118e+00,-2.009920657741515737e-01
1.650825314203552008e+09,3.488349999999999795e+01,1.426283240318298118e+00,-2.009920657741515737e-01
1.650825314403621912e+09,1.540149999999999864e+01,1.418140769004821777e+00,-1.061149349016341364e-01
1.650825314603687048e+09,1.061350000000000016e+01,1.409760594367980735e+00,-1.279134187816500512e-01
1.650825314803807020e+09,2.532150000000000034e+01,1.363992214202881303e+00,-1.366316115982929569e-01
1.650825315003513098e+09,2.707350000000000279e+01,1.310074090957641602e+00,-1.366812372794568298e-01
1.650825315203442097e+09,2.223150000000000048e+01,1.316907525062561035e+00,-9.580300237561140131e-02
1.650825315403440952e+09,1.918849999999999767e+01,1.333174586296081543e+00,-9.006375748603727416e-02
1.650825315603450060e+09,2.279350000000000165e+01,1.338119387626648393e+00,-3.043269883326621406e-02
1.650825315803783894e+09,2.385150000000000148e+01,1.352919578552246094e+00,5.041092985327259857e-02
1.650825316003489017e+09,2.305850000000000222e+01,1.379928350448608398e+00,6.630331285167317956e-02
1.650825316203408003e+09,2.285950000000000060e+01,1.392653822898864968e+00,7.350992886643974156e-02
1.650825316403444052e+09,1.995250000000000057e+01,1.412388682365417258e+00,8.334039860152840651e-02
1.650825316603462934e+09,1.700249999999999773e+01,1.430252313613891380e+00,9.695613240791314813e-02
1.650825316803757906e+09,1.307649999999999935e+01,1.458248615264892578e+00,9.797351466981162049e-02
1.650825317003582001e+09,2.450649999999999906e+01,1.475129842758178933e+00,1.001963759035273821e-01
1.650825317203399897e+09,1.672250000000000014e+01,1.527207612991333008e+00,1.435087882409840088e-01
1.650825317403430939e+09,3.675745000000000005e+02,1.594378590583801714e+00,1.820109980929081051e-01
1.650825317603404045e+09,3.679765000000000441e+02,1.622239112854003684e+00,1.920060717001404182e-01
1.650825317803780079e+09,3.646005000000000109e+02,1.633308172225951926e+00,1.861048580400929964e-01
1.650825318003460884e+09,3.579714999999999918e+02,1.632085919380188432e+00,1.569650956602225700e-01
1.650825318203411102e+09,3.597845000000000368e+02,1.583026885986328569e+00,5.874873718934151695e-02
1.650825318403439999e+09,3.628555000000000064e+02,1.513742923736572044e+00,-8.485568708643011215e-02
1.650825318603377104e+09,3.660325000000000273e+02,1.501130938529968040e+00,-1.211458960867617812e-01
1.650825318803730965e+09,3.693215000000000146e+02,1.502343535423278587e+00,-1.456157325977952277e-01
1.650825319003488064e+09,3.689435000000000286e+02,1.498874187469482644e+00,-9.355009961640330107e-02
1.650825319203358889e+09,3.690225000000000364e+02,1.494587421417236328e+00,-2.254300747019106349e-02
1.650825319403389931e+09,1.246950000000000003e+01,1.494608402252197266e+00,-1.913824938529676972e-02
1.650825319603451014e+09,1.596549999999999869e+01,1.501276731491088645e+00,-1.332851169569826627e-03
1.650825319803698063e+09,1.688349999999999795e+01,1.502869725227355735e+00,2.529180369431452673e-03
1.650825320003494978e+09,1.764450000000000074e+01,1.511286139488220215e+00,1.379314273390345146e-02
1.650825320203458071e+09,1.640449999999999875e+01,1.516311049461364746e+00,2.287389889448240496e-02
1.650825320403434992e+09,1.541750000000000043e+01,1.518247008323669656e+00,1.886052272677338215e-02
1.650825320603339911e+09,1.502449999999999974e+01,1.520439863204956055e+00,2.067197632952186975e-02
1.650825320803690910e+09,1.252350000000000030e+01,1.521127223968505637e+00,1.157770228196563882e-02
1.650825321003498077e+09,1.381050000000000111e+01,1.522508263587951882e+00,7.744999331068999279e-03
1.650825321203325033e+09,1.324050000000000082e+01,1.525046825408935769e+00,7.076816082564443659e-03
1.650825321403302908e+09,1.071950000000000003e+01,1.524248719215393066e+00,6.315017866586122332e-03
1.650825321603286028e+09,3.692855000000000132e+02,1.522909522056579812e+00,2.598223821738041960e-03
1.650825321803663969e+09,3.657075000000000387e+02,1.521498680114746094e+00,4.123963483600362793e-04
1.650825322003493071e+09,3.677445000000000164e+02,1.483252048492431641e+00,-4.375592128826055749e-02
1.650825322203450918e+09,1.066549999999999976e+01,1.476857900619507058e+00,-5.070390523851799752e-02
1.650825322403410912e+09,1.052849999999999930e+01,1.480547428131103738e+00,-4.984517318497189847e-02
1.650825322603321075e+09,1.043050000000000033e+01,1.480153083801269753e+00,-4.595572598180226037e-02
1.650825322803678036e+09,1.196150000000000091e+01,1.465832233428955300e+00,-5.697223126026052659e-02
1.650825323003421068e+09,1.070350000000000001e+01,1.471678733825683594e+00,-1.218653415842193069e-02
1.650825323203367949e+09,1.161950000000000038e+01,1.479292154312133789e+00,2.563082326154108876e-03
1.650825323403469086e+09,1.168750000000000000e+01,1.487090229988098145e+00,6.887536326310978764e-03
1.650825323603414059e+09,1.210050000000000026e+01,1.497460126876830833e+00,3.514869245284869131e-02
1.650825323803651094e+09,1.149649999999999928e+01,1.501560568809509277e+00,3.515848648527342829e-02
1.650825324003380060e+09,1.040049999999999919e+01,1.508363962173462136e+00,3.420423182556559666e-02
1.650825324203345060e+09,1.119549999999999912e+01,1.505024075508117898e+00,2.110163317439312999e-02
1.650825324403362036e+09,1.218549999999999933e+01,1.499128580093383789e+00,1.203919686390754126e-02
1.650825324603277922e+09,1.220650000000000013e+01,1.495408058166503906e+00,-2.052298194850297932e-03
1.650825324803675890e+09,3.695295000000000414e+02,1.491277694702148438e+00,-1.028422267972799523e-02
1.650825325003365993e+09,1.075150000000000006e+01,1.471470713615417703e+00,-3.883097172849599849e-02
1.650825325203293085e+09,1.360149999999999970e+01,1.434828639030456543e+00,-7.796695538510915735e-02
1.650825325403295994e+09,1.714750000000000085e+01,1.424694299697875977e+00,-7.834903869343316785e-02
1.650825325603310108e+09,1.773850000000000193e+01,1.427334427833557129e+00,-6.807880810255639847e-02
1.650825325803669930e+09,1.988949999999999818e+01,1.424503207206726518e+00,-5.526301098634134323e-02
1.650825326003320932e+09,1.822550000000000026e+01,1.426776647567748801e+00,-8.949223738145540424e-03
1.650825326203339100e+09,1.725049999999999883e+01,1.420255422592162864e+00,-4.932877050596301029e-03
1.650825326403311014e+09,1.777749999999999986e+01,1.416772961616516113e+00,-1.186200932736024803e-02
1.650825326603302956e+09,1.860249999999999915e+01,1.414668440818786621e+00,-1.407481256323730480e-02
1.650825326803605080e+09,1.939049999999999940e+01,1.430276036262512429e+00,4.117482701102837678e-03
1.650825327003334045e+09,2.078249999999999886e+01,1.447878956794738770e+00,2.110311424691188598e-02
1.650825327203299046e+09,2.091150000000000020e+01,1.468334436416625977e+00,5.060411361371057459e-02
1.650825327403338909e+09,1.702250000000000085e+01,1.485607862472533958e+00,7.244562334483739541e-02
1.650825327603235006e+09,1.520350000000000001e+01,1.482015609741210938e+00,7.552760662211166487e-02
1.650825327803558111e+09,1.361449999999999960e+01,1.473061800003052424e+00,5.032844818713423651e-02
1.650825328003499031e+09,1.298249999999999993e+01,1.472037196159362571e+00,4.355821888800821308e-03
1.650825328203382015e+09,1.170350000000000001e+01,1.473457694053650124e+00,-1.518496899181094768e-02
1.650825328403223038e+09,1.104449999999999932e+01,1.471776604652404785e+00,-1.455578418824703124e-02
1.650825328603224993e+09,1.177650000000000041e+01,1.471003890037536843e+00,-2.165835528485413920e-03
1.650825328803558111e+09,1.147550000000000026e+01,1.471003890037536843e+00,-2.165835528485413920e-03
1.650825329003253937e+09,1.347349999999999959e+01,1.471513032913208452e+00,-2.160688008201422199e-03
1.650825329203217983e+09,1.410950000000000060e+01,1.472918033599853516e+00,1.268285161898091143e-03
1.650825329403203011e+09,1.443349999999999866e+01,1.472706079483032671e+00,3.071866387654146550e-03
1.650825329603286982e+09,1.348949999999999960e+01,1.472894906997680664e+00,2.101267781231836145e-03
1.650825329803616047e+09,1.494449999999999967e+01,1.470252871513366477e+00,3.344500211133993569e-04
1.650825330003388882e+09,1.544449999999999967e+01,1.471192836761474831e+00,-3.767117523968740848e-04
1.650825330203222036e+09,1.601449999999999818e+01,1.469744920730591042e+00,-3.290843823229223832e-03
1.650825330803643942e+09,1.628549999999999898e+01,1.471724748611450195e+00,5.910943724159492237e-04
1.650825331003222942e+09,2.128350000000000009e+01,1.473596096038818359e+00,2.197454608455710022e-03
1.650825331203515053e+09,2.296750000000000114e+01,1.478260278701782227e+00,8.964121427753940149e-03
1.650825331603184938e+09,9.732499999999999929e+00,1.478184819221496582e+00,7.249108298223748414e-03
1.650825332403117895e+09,9.732499999999999929e+00,1.478153347969055176e+00,-3.313689680492534724e-05
1.650825333003233910e+09,9.732499999999999929e+00,1.477909445762634277e+00,-5.956597604909313068e-04
1.650825333203129053e+09,9.732499999999999929e+00,1.477978706359863281e+00,-2.985106436080164232e-04
1.650825333603182077e+09,9.732499999999999929e+00,1.478309392929077148e+00,-2.971132760144091361e-04
1.650825333803467989e+09,9.732499999999999929e+00,1.478602886199951172e+00,8.155362673198059999e-04
1.650825340003051996e+09,6.939249999999999829e+01,-1.296071857213974277e-01,-1.061520471992478121e-01
