1.545609889256531954e+09,1.010000000000000000e+02,-2.968017339706420898e+00,nan
1.545609889456676006e+09,1.010000000000000000e+02,-2.968670368194580078e+00,-4.352683360163491465e-03
1.545609889656527996e+09,1.010000000000000000e+02,-2.968265771865844727e+00,-8.280165190090183749e-04
1.545609889856904030e+09,1.010000000000000000e+02,-2.968526601791381836e+00,-1.018656775140577972e-03
1.545609890056679010e+09,1.010000000000000000e+02,-2.967645406723022461e+00,4.375829935052585841e-04
1.545609890256684065e+09,1.010000000000000000e+02,-2.968621253967285156e+00,-6.039270757459977781e-04
1.545609890456727982e+09,1.010000000000000000e+02,-2.968925952911376953e+00,-7.336024356978522280e-04
1.545609890656604052e+09,1.010000000000000000e+02,-2.968687772750854492e+00,-1.790943864507148567e-04
1.545609890857074976e+09,1.010000000000000000e+02,-2.968687772750854492e+00,-1.790943864507148567e-04
1.545609891056525946e+09,6.599970000000000425e+01,-2.968621015548706055e+00,-1.084019455129224107e-03
1.545609891256553888e+09,1.010000000000000000e+02,-2.968611955642700195e+00,1.033099720347852700e-05
1.545609891456583977e+09,1.010000000000000000e+02,-2.968172550201416016e+00,8.370914146209141931e-04
1.545609891656619072e+09,1.010000000000000000e+02,-2.967779636383056641e+00,1.009015175757781201e-03
1.545609891856945992e+09,1.010000000000000000e+02,-2.967615604400634766e+00,1.117156229410958988e-03
1.545609892056603909e+09,1.010000000000000000e+02,-2.968794345855712891e+00,-2.026628037988281619e-04
1.545609892256640911e+09,1.010000000000000000e+02,-2.968507289886474609e+00,-3.938008343865542380e-04
1.545609892456602097e+09,1.010000000000000000e+02,-2.968188047409057617e+00,-4.804873875566949976e-04
1.545609892656550884e+09,1.010000000000000000e+02,-2.968188047409057617e+00,-4.804873875566949976e-04
1.545609892857078075e+09,1.010000000000000000e+02,-2.968751192092895508e+00,-1.261992305105915334e-03
1.545609893056664944e+09,1.010000000000000000e+02,-2.968537092208862305e+00,-3.311889072382263177e-05
1.545609893256630898e+09,1.010000000000000000e+02,-2.969107627868652344e+00,-1.021829586271612127e-03
1.545609893456537962e+09,1.010000000000000000e+02,-2.968878269195556641e+00,-5.169419810462087166e-04
1.545609893656507969e+09,4.881070000000000420e+01,-2.968872785568237305e+00,-1.519816620714564226e-04
1.545609893856862068e+09,1.010000000000000000e+02,-2.969143629074096680e+00,2.685146497326773463e-05
1.545609894056560993e+09,1.010000000000000000e+02,-2.968106508255004883e+00,4.532100749151736800e-04
1.545609894256612062e+09,1.010000000000000000e+02,-2.968168735504150391e+00,1.043016898568857901e-03
1.545609894456547976e+09,1.010000000000000000e+02,-2.969576120376586914e+00,-7.752079646990367792e-04
1.545609894656507015e+09,1.010000000000000000e+02,-2.968583345413208008e+00,3.046085466534084068e-04
1.545609894857320070e+09,1.010000000000000000e+02,-2.968296527862548828e+00,-2.235185237120341042e-04
1.545609895056572914e+09,1.386517000000000053e+02,-2.968296527862548828e+00,-2.235185237120341042e-04
1.545609895256494999e+09,1.010000000000000000e+02,-2.968071222305297852e+00,1.672030391112596867e-03
1.545609895456533909e+09,1.010000000000000000e+02,-2.968155384063720703e+00,5.034491172812064451e-04
1.545609895656616926e+09,1.010000000000000000e+02,-2.968645572662353516e+00,-1.245319883130655730e-04
1.545609895856823921e+09,1.010000000000000000e+02,-2.968595743179321289e+00,-3.324661838180363788e-04
1.545609896056519985e+09,1.010000000000000000e+02,-2.968872547149658203e+00,-4.462848045044142840e-04
1.545609896256537914e+09,1.010000000000000000e+02,-2.967421770095825195e+00,6.837122866411052225e-04
1.545609896456512928e+09,1.010000000000000000e+02,-2.968318462371826172e+00,3.634052983538958639e-04
1.545609896656533957e+09,1.010000000000000000e+02,-2.967732906341552734e+00,1.014874259631139966e-03
1.545609896856867075e+09,1.010000000000000000e+02,-2.967334985733032227e+00,1.808559655686586571e-03
1.545609897056474924e+09,1.381616999999999962e+02,-2.967393398284912109e+00,3.337471985568659104e-05
1.545609897256535053e+09,1.010000000000000000e+02,-2.967692852020263672e+00,2.312913635327967527e-04
1.545609897456576109e+09,1.010000000000000000e+02,-2.968583345413208008e+00,-2.789057155588469577e-04
1.545609897656421900e+09,1.373667000000000087e+02,-2.967496633529663086e+00,2.487878183843904626e-04
1.545609897857255936e+09,1.010000000000000000e+02,-2.968430995941162109e+00,-1.154071711611111186e-03
1.545609898056487083e+09,1.010000000000000000e+02,-2.967839002609252930e+00,-4.692143659430204308e-04
1.545609898256465912e+09,1.010000000000000000e+02,-2.967745065689086914e+00,-5.497533013438832706e-05
1.545609898456449032e+09,1.010000000000000000e+02,-2.967240571975708008e+00,2.845323297872763102e-04
1.545609898656445980e+09,1.010000000000000000e+02,-2.967698335647583008e+00,8.141859650554457515e-04
1.545609898856744051e+09,1.010000000000000000e+02,-2.968136548995971680e+00,-3.306450758258178634e-04
1.545609899056468010e+09,1.010000000000000000e+02,-2.967591285705566406e+00,1.809301831097606618e-04
1.545609899256408930e+09,1.010000000000000000e+02,-2.968591690063476562e+00,-8.466451655511980038e-04
1.545609899456422091e+09,1.080046999999999997e+02,-2.968034982681274414e+00,-4.206849477912699459e-04
1.545609899656419039e+09,1.010000000000000000e+02,-2.967859983444213867e+00,3.455939747478057960e-04
1.545609899856688976e+09,8.186669999999999447e+01,-2.968155860900878906e+00,-6.640288717958784271e-04
1.545609900056425095e+09,1.010000000000000000e+02,-2.966600179672241211e+00,2.342248721409241272e-03
1.545609900256371021e+09,1.118346999999999980e+02,-2.967893600463867188e+00,4.543143457046121140e-04
1.545609900456437111e+09,1.010000000000000000e+02,-2.968590021133422852e+00,-9.123285622303721866e-04
1.545609900656439066e+09,1.010000000000000000e+02,-2.968033552169799805e+00,-1.826511971807486543e-04
1.545609900857230902e+09,1.010000000000000000e+02,-2.967993736267089844e+00,1.800738726581128132e-04
1.545609901056371927e+09,1.010000000000000000e+02,-2.967993736267089844e+00,1.800738726581128132e-04
1.545609901256345987e+09,1.010000000000000000e+02,-2.967987060546875000e+00,-9.347468040362938684e-05
1.545609901456384897e+09,1.010000000000000000e+02,-2.968372344970703125e+00,2.419544834059770937e-04
1.545609901656451941e+09,1.010000000000000000e+02,-2.967889785766601562e+00,1.155262206100367403e-04
1.545609901857060909e+09,1.010000000000000000e+02,-2.968441247940063477e+00,-3.174828434459004236e-04
1.545609902056473017e+09,1.010000000000000000e+02,-2.967949390411376953e+00,4.430837846197766206e-05
1.545609902256314993e+09,1.010000000000000000e+02,-2.967949390411376953e+00,4.430837846197766206e-05
1.545609902456351995e+09,1.010000000000000000e+02,-2.968161344528198242e+00,-7.867441296172873635e-05
1.545609902656357050e+09,1.010000000000000000e+02,-2.970436334609985352e+00,-2.829815514892099725e-03
1.545609902857055902e+09,1.010000000000000000e+02,-2.971690654754638672e+00,-3.611221734419800111e-03
1.545609903056370974e+09,1.010000000000000000e+02,-2.972035169601440430e+00,-4.540324289953370437e-03
1.545609903256388903e+09,1.010000000000000000e+02,-2.970514059066772461e+00,-2.940503377943483061e-03
1.545609903456361055e+09,1.010000000000000000e+02,-2.970099449157714844e+00,-2.039719452635551603e-03
1.545609903656351089e+09,1.010000000000000000e+02,-2.968963861465454102e+00,1.549679964489846483e-03
1.545609903856620073e+09,1.010000000000000000e+02,-2.970495939254760742e+00,1.619939101731723884e-03
1.545609904056375027e+09,1.010000000000000000e+02,-2.970331668853759766e+00,-4.599315896466037450e-04
1.545609904256406069e+09,1.010000000000000000e+02,-2.969933271408081055e+00,1.847002476626276465e-04
1.545609904456424952e+09,1.010000000000000000e+02,-2.967814445495605469e+00,1.210313345882499479e-03
1.545609904656438112e+09,1.010000000000000000e+02,-2.968270063400268555e+00,1.304255588904663790e-03
1.545609904856637955e+09,1.010000000000000000e+02,-2.965429782867431641e+00,5.630581991093987215e-03
1.545609905056404114e+09,1.010000000000000000e+02,-2.965111255645751953e+00,6.140886451655243501e-03
1.545609905256356955e+09,1.010000000000000000e+02,-2.967474460601806641e+00,2.587515894417910696e-03
1.545609905456449986e+09,1.010000000000000000e+02,-2.968935251235961914e+00,-1.244951075885607477e-03
1.545609905656367064e+09,1.010000000000000000e+02,-2.970366001129150391e+00,-5.482693659258427651e-03
1.545609905857101917e+09,1.010000000000000000e+02,-2.977119445800781250e+00,-1.333802951177399075e-02
1.545609920056278944e+09,1.859169999999999945e+01,-1.652635574340820757e+00,1.838034745633565156e-02
1.545609920256258965e+09,1.665970000000000084e+01,-1.650676369667053001e+00,1.594138932903075775e-02
1.545609920456146002e+09,1.263669999999999938e+01,-1.651027798652649370e+00,1.038628844626073196e-02
1.545609920656498909e+09,2.212270000000000181e+01,-1.650036692619324175e+00,6.044300142311833171e-03
1.545609920856475115e+09,2.333970000000000056e+01,-1.648044586181640625e+00,6.642607723679699525e-03
1.545609921056685925e+09,3.487570000000000192e+01,-1.647052049636840820e+00,5.584740368833209997e-03
1.545609921256156921e+09,1.809570000000000078e+01,-1.648354411125182883e+00,2.970641174205659006e-03
1.545609921456496954e+09,2.755069999999999908e+01,-1.648454189300537109e+00,1.861621044914742000e-03
1.545609921656208992e+09,1.999669999999999703e+01,-1.648636937141418679e+00,-6.968391912794831252e-04
1.545609921856478930e+09,1.588870000000000005e+01,-1.649005532264709473e+00,-2.298552951018253011e-03
1.545609922056191921e+09,2.718070000000000164e+01,-1.649595737457275169e+00,-2.486193701571463507e-03
1.545609922256196976e+09,2.741769999999999641e+01,-1.649338483810425027e+00,-1.036329923258071236e-03
1.545609922456300020e+09,3.574969999999999715e+01,-1.648227930068969949e+00,2.382612402690117460e-04
1.545609922656478882e+09,3.070870000000000033e+01,-1.645352244377136675e+00,4.297602900706143543e-03
1.545609922857044935e+09,1.971770000000000067e+01,-1.643450379371642844e+00,7.228315264531576245e-03
1.545609923056514025e+09,1.676670000000000016e+01,-1.643749952316284402e+00,6.573521217133445477e-03
1.545609923256127119e+09,1.737269999999999825e+01,-1.645960450172424760e+00,2.519650118213330632e-03
1.545609923456187010e+09,1.549970000000000070e+01,-1.648912072181701882e+00,-1.334630121337248470e-03
1.545609923656205893e+09,3.676387000000000285e+02,-1.651683926582336648e+00,-7.034959433155567321e-03
1.545609923856574059e+09,1.193869999999999898e+01,-1.656555414199829546e+00,-1.599875608256561693e-02
1.545609924056154013e+09,1.781269999999999953e+01,-1.656493544578552246e+00,-1.340842146350861366e-02
1.545609924256151915e+09,2.391469999999999985e+01,-1.655170917510986106e+00,-9.689931716600512154e-03
1.545609924456223011e+09,2.766369999999999862e+01,-1.637918710708618386e+00,1.619240681278363153e-02
1.545609924656111002e+09,3.607670000000000243e+01,-1.626901030540466087e+00,3.027676662622060325e-02
1.545609924856509924e+09,2.558370000000000033e+01,-1.624059200286865234e+00,3.815581958322943751e-02
1.545609925056184053e+09,2.447869999999999990e+01,-1.623482704162597878e+00,3.727679429104903408e-02
1.545609925256088018e+09,2.724069999999999681e+01,-1.625467658042907715e+00,1.464671309623440283e-02
1.545609925456113100e+09,2.884270000000000067e+01,-1.630047678947448953e+00,-3.496327505061664394e-03
1.545609925656157970e+09,3.581170000000000186e+01,-1.629732251167297585e+00,-7.055183029410284565e-03
1.545609925856441021e+09,2.656269999999999953e+01,-1.628343343734741211e+00,-4.510584397931492219e-03
1.545609926056124926e+09,3.054970000000000141e+01,-1.630069613456726296e+00,-7.319954682651382515e-03
1.545609926256103039e+09,1.836169999999999902e+01,-1.632271289825439675e+00,-2.779055755727956670e-03
1.545609926456088066e+09,1.530969999999999942e+01,-1.633724212646484375e+00,-3.676779150524651148e-03
1.545609926656084061e+09,1.110469999999999935e+01,-1.636327028274536133e+00,-9.393393150784072609e-03
1.545609926856487036e+09,2.430170000000000030e+01,-1.637563467025756614e+00,-9.220624518964368188e-03
1.545609927056150913e+09,1.668169999999999931e+01,-1.640231490135193093e+00,-1.016237094966739030e-02
1.545609927256073952e+09,2.731369999999999720e+01,-1.641299366950988770e+00,-1.003375011559620028e-02
1.545609927456569910e+09,2.918169999999999931e+01,-1.642449855804443137e+00,-9.695543303298467114e-03
1.545609927656188965e+09,2.301769999999999783e+01,-1.642937183380126953e+00,-6.321972071575527978e-03
1.545609927856405973e+09,1.860670000000000002e+01,-1.643376231193542703e+00,-3.699840028903071589e-03
1.545609928056205988e+09,2.360569999999999879e+01,-1.643841266632080300e+00,-2.990353959291469892e-03
1.545609928256088972e+09,2.312870000000000203e+01,-1.643822073936462402e+00,-1.715079558772652059e-03
1.545609928456131935e+09,2.149369999999999692e+01,-1.643639922142028587e+00,-1.882916953347885548e-03
1.545609928656127930e+09,2.475569999999999737e+01,-1.642910122871399148e+00,3.006846337435978793e-05
1.545609928856427908e+09,1.474769999999999825e+01,-1.640495538711547852e+00,3.032607590742922993e-03
1.545609929056051970e+09,1.171769999999999889e+01,-1.636980772018432617e+00,7.222720331248638076e-03
1.545609929256073952e+09,1.645669999999999789e+01,-1.638888120651244895e+00,5.280416742395781585e-03
1.545609929456056118e+09,1.678770000000000095e+01,-1.639982938766479714e+00,3.443834295400338957e-03
1.545609929656184912e+09,2.010970000000000013e+01,-1.641038060188293457e+00,-6.780924726818579953e-04
1.545609929856384993e+09,1.905469999999999686e+01,-1.641820192337036133e+00,-5.375744633855855832e-03
1.545609930056078911e+09,2.064569999999999794e+01,-1.643525123596191406e+00,-6.658492242462602309e-03
1.545609930256076097e+09,1.887169999999999703e+01,-1.643132925033569114e+00,-4.714700257449538738e-03
1.545609930456067085e+09,2.186070000000000135e+01,-1.642525434494018777e+00,-2.823898271871706604e-03
1.545609930656194925e+09,1.601269999999999882e+01,-1.642508268356323020e+00,-1.547163458390172228e-03
1.545609930856790066e+09,2.367670000000000030e+01,-1.641391873359680176e+00,5.038696855280997778e-04
1.545609931056020021e+09,2.289969999999999928e+01,-1.640012025833130105e+00,3.903755924515905310e-03
1.545609931256028891e+09,2.887669999999999959e+01,-1.637370586395263450e+00,5.427208485532931774e-03
1.545609931456118107e+09,2.447370000000000090e+01,-1.636245369911193848e+00,6.959509081525488625e-03
1.545609931656033039e+09,2.190469999999999828e+01,-1.637703657150268777e+00,4.338900694022164960e-03
1.545609931856358051e+09,2.405270000000000152e+01,-1.650118589401245117e+00,-1.188907568116073787e-02
1.545609932056140900e+09,1.055969999999999942e+01,-1.659917235374450684e+00,-2.534816112742404107e-02
1.545609932256071091e+09,2.013769999999999882e+01,-1.666143536567687988e+00,-3.197878547788321479e-02
1.545609932456012011e+09,1.936270000000000024e+01,-1.674665331840515581e+00,-4.108141926904946423e-02
1.545609932656045914e+09,1.974369999999999692e+01,-1.678107738494872825e+00,-3.293752377831372924e-02
1.545609932856338978e+09,1.717869999999999919e+01,-1.681352853775023970e+00,-2.521844815418550212e-02
1.545609933056050062e+09,1.929970000000000141e+01,-1.685748696327209695e+00,-2.450380758119139954e-02
1.545609933256023884e+09,2.072469999999999857e+01,-1.689835906028747559e+00,-2.369273663231875882e-02
1.545609933456094027e+09,1.651869999999999905e+01,-1.697333097457885964e+00,-2.261680313730118214e-02
1.545609933656024933e+09,2.166270000000000095e+01,-1.700510263442993608e+00,-2.394550038443081161e-02
1.545609933856337070e+09,2.410970000000000013e+01,-1.703797459602355957e+00,-2.362430480584298484e-02
1.545609934056056976e+09,2.861970000000000169e+01,-1.708332419395446777e+00,-2.311750833904963748e-02
1.545609934256041050e+09,4.073369999999999891e+01,-1.708682060241699441e+00,-1.838170429559052993e-02
1.545609934456033945e+09,3.284069999999999823e+01,-1.707879304885864258e+00,-1.171926124727445256e-02
1.545609934655994892e+09,3.705769999999999698e+01,-1.700931906700134277e+00,3.183994566095636834e-03
1.545609934856461048e+09,2.708070000000000022e+01,-1.700199961662292480e+00,9.566975842754930209e-03
1.545609935056020021e+09,2.286370000000000147e+01,-1.700636029243469460e+00,9.466804120819394958e-03
1.545609935255961895e+09,2.257069999999999865e+01,-1.698986053466797097e+00,1.046478386031318882e-02
1.545609935456072092e+09,1.847070000000000078e+01,-1.700340747833252175e+00,7.539141230797769856e-03
1.545609935656152010e+09,2.298669999999999902e+01,-1.691270828247070090e+00,9.661202837217618827e-03
1.545609935856328964e+09,2.853969999999999629e+01,-1.688845992088317871e+00,1.473233570575249556e-02
1.545609936056035042e+09,2.326670000000000016e+01,-1.688367128372192827e+00,1.290913072741626567e-02
1.545609936256453991e+09,2.793970000000000198e+01,-1.687986969947815163e+00,1.157204007891366945e-02
1.545609936456127882e+09,2.487069999999999936e+01,-1.688365221023559792e+00,1.048346529728480872e-02
1.545609936656017065e+09,2.526970000000000027e+01,-1.687751054763794167e+00,1.287911356924335881e-03
1.545609936856283903e+09,2.435069999999999979e+01,-1.688044071197509988e+00,3.589540899043566161e-04
1.545609937055984020e+09,2.607970000000000255e+01,-1.687218427658081277e+00,8.539461930450870358e-04
1.545609937256104946e+09,2.947370000000000090e+01,-1.686714649200439675e+00,1.833926717104287238e-03
1.545609937456113100e+09,2.796969999999999601e+01,-1.687939882278442827e+00,-1.357875148776431582e-04
1.545609937655971050e+09,2.752470000000000283e+01,-1.688173294067382812e+00,-4.222885368095635901e-04
1.545609937856260061e+09,2.447269999999999968e+01,-1.688717007637024148e+00,-7.083825561956305899e-04
1.545609938056056023e+09,2.975269999999999726e+01,-1.687975525856017844e+00,-7.970150400033876315e-04
1.545609938255976915e+09,2.438669999999999760e+01,-1.688009977340698464e+00,-1.363673328828751913e-03
1.545609938455965996e+09,2.731369999999999720e+01,-1.689005374908447266e+00,-1.121724277712259164e-03
1.545609938655946016e+09,2.736970000000000169e+01,-1.688382625579833540e+00,-2.326109412445791149e-04
1.545609938856237888e+09,2.496069999999999922e+01,-1.688092708587646706e+00,6.937090904370407044e-04
1.545609939055942059e+09,2.376169999999999760e+01,-1.688355803489685281e+00,-4.225309950993987778e-04
1.545609939255994081e+09,2.471369999999999933e+01,-1.689559578895568848e+00,-1.721866445473699443e-03
1.545609939456015110e+09,2.461569999999999681e+01,-1.688314795494079812e+00,7.674038936905172581e-04
1.545609939655978918e+09,2.736169999999999902e+01,-1.689608931541443315e+00,-1.596237603085900363e-03
1.545609939856276035e+09,2.056869999999999976e+01,-1.690408706665039062e+00,-2.281001473690401089e-03
1.545609940056078911e+09,2.659469999999999601e+01,-1.690639495849609819e+00,-1.270342090687157695e-03
1.545609940255949974e+09,2.300370000000000203e+01,-1.690199375152587669e+00,-2.216903436459230405e-03
1.545609940456001997e+09,2.061869999999999692e+01,-1.690286159515381081e+00,-1.100615654690289061e-03
1.545609940656069040e+09,2.491570000000000107e+01,-1.691904187202453835e+00,-2.550898060792826730e-03
1.545609940856286049e+09,2.703569999999999851e+01,-1.690032005310058816e+00,6.751383993973568073e-04
1.545609941055953979e+09,2.519270000000000209e+01,-1.688316941261291504e+00,2.091959303833673504e-03
1.545609941255918980e+09,2.738669999999999760e+01,-1.686807155609130859e+00,3.865714119949993643e-03
1.545609941455924988e+09,3.148870000000000147e+01,-1.686359286308288574e+00,6.523344018112889157e-03
1.545609941655924082e+09,2.161769999999999925e+01,-1.686246275901794656e+00,5.951936868688285052e-03
1.545609941856667995e+09,2.603470000000000084e+01,-1.685940504074096902e+00,2.969944784502832457e-03
1.545609942055938005e+09,2.503969999999999985e+01,-1.684974551200866921e+00,3.517579491801473088e-03
1.545609942255914927e+09,1.976169999999999760e+01,-1.685370206832885742e+00,1.596071762055810287e-03
1.545609942455939054e+09,2.825670000000000215e+01,-1.685867309570312722e+00,4.209819858378428510e-04
1.545609942655925989e+09,2.809570000000000078e+01,-1.686613559722900391e+00,-3.399290426258405650e-04
1.545609942856215954e+09,2.178969999999999985e+01,-1.687307238578796387e+00,-1.518183910402122168e-03
1.545609943055929899e+09,2.395270000000000010e+01,-1.687728404998779075e+00,-3.058980685822420328e-03
1.545609943255928040e+09,2.833070000000000022e+01,-1.688435435295104980e+00,-3.226124570339377207e-03
1.545609943455981016e+09,2.292770000000000152e+01,-1.688126921653747781e+00,-1.780406025135209888e-03
1.545609943655884981e+09,2.636269999999999669e+01,-1.687695503234862837e+00,-4.567807183274777958e-04
1.545609943856635094e+09,9.732699999999999463e+00,-1.686909198760986550e+00,9.103764099105275719e-04
1.545609944055943966e+09,4.382570000000000476e+01,-1.686140537261962891e+00,2.550437751619079492e-03
1.545609944255893946e+09,4.262770000000000437e+01,-1.672969698905945046e+00,1.747896078004823953e-02
1.545609953056124926e+09,2.906217000000000326e+02,2.149629831314086914e+00,5.605026062613679798e-03
1.545609953255757093e+09,2.970757000000000403e+02,2.148011684417724609e+00,-6.739850466754979640e-03
1.545609953455775976e+09,2.943607000000000085e+02,2.147834062576293945e+00,-7.354904222961698365e-03
1.545609953655775070e+09,2.911467000000000098e+02,2.146971940994262695e+00,-7.100471165187318377e-03
1.545609953856144905e+09,2.943277000000000498e+02,2.146557807922363281e+00,-6.591875774053622059e-03
1.545609954055774927e+09,2.938427000000000362e+02,2.145530223846435547e+00,-4.822666391806936480e-03
1.545609954255753994e+09,2.961727000000000203e+02,2.144351482391357422e+00,-4.096639981153268883e-03
1.545609954455801964e+09,2.949567000000000121e+02,2.143417119979858398e+00,-4.181680704698739585e-03
1.545609954655761957e+09,2.900477000000000203e+02,2.144129991531371626e+00,-1.749783623301011046e-03
1.545609954856061935e+09,2.971667000000000485e+02,2.142570972442626509e+00,-3.113925987810194779e-03
1.545609955055758953e+09,3.043917000000000144e+02,2.143539190292358398e+00,-1.134800955711651573e-03
1.545609955256083012e+09,2.961687000000000012e+02,2.144735336303710938e+00,1.550932523074644454e-03
1.545609955455775976e+09,2.956447000000000003e+02,2.146956443786621094e+00,3.271453547505622558e-03
1.545609955655731916e+09,2.890357000000000198e+02,2.146346807479858398e+00,2.463217314685644914e-03
1.545609955856046915e+09,2.932427000000000135e+02,2.145266056060791460e+00,2.994898022716535862e-03
1.545609956055783987e+09,2.913247000000000071e+02,2.145353078842163086e+00,2.015783414564353056e-03
1.545609956255729914e+09,2.956217000000000326e+02,2.143921136856079102e+00,-9.048217593868302083e-04
1.545609956455809116e+09,3.139977000000000089e+02,2.143481254577636719e+00,-3.862248927984797062e-03
1.545609956656047106e+09,3.298397000000000503e+02,2.146885633468627930e+00,1.799986592179461664e-03
1.545609967055600882e+09,2.011286999999999807e+02,-2.588589429855346680e+00,6.571912640041289999e-03
1.545609967255651951e+09,2.032026999999999930e+02,-2.587811708450317383e+00,-7.524573729041292292e-03
1.545609967455607891e+09,2.081256999999999948e+02,-2.587819099426269531e+00,-7.104389193070640221e-03
1.545609967655688047e+09,2.057656999999999812e+02,-2.585360527038574219e+00,1.706943766199057154e-03
1.545609967855951071e+09,2.158876999999999953e+02,-2.583931446075439453e+00,5.820809520659895979e-03
1.545609968055975914e+09,2.077786999999999864e+02,-2.583025693893432617e+00,5.630152757930636902e-03
1.545609968255614042e+09,2.110946999999999889e+02,-2.581732273101806197e+00,6.764297228466818225e-03
1.545609968455667973e+09,2.072237000000000080e+02,-2.581938028335571289e+00,5.089764503987119493e-03
1.545609968655594110e+09,2.089497000000000071e+02,-2.581921577453613281e+00,3.621284536708311696e-03
1.545609968855928898e+09,2.046496999999999957e+02,-2.583471775054931197e+00,4.840430245965314906e-04
1.545609969055680990e+09,1.969197000000000060e+02,-2.582896471023559570e+00,1.360567441972551574e-04
1.545609969255575895e+09,1.956736999999999966e+02,-2.586486577987670898e+00,-5.053678446397843853e-03
1.545609969455914021e+09,2.107716999999999814e+02,-2.588633298873901367e+00,-7.894693299957121144e-03
1.545609970055725098e+09,2.090836999999999932e+02,-2.501786708831787109e+00,8.708540899103071886e-02
1.545609970255960941e+09,2.138897000000000048e+02,-2.497146606445312500e+00,9.402656699235129034e-02
1.545609970655567884e+09,2.177376999999999896e+02,-2.452378511428833008e+00,1.343803318337836450e-01
1.545609970855881929e+09,1.975476999999999919e+02,-2.436044216156006303e+00,9.312193660506917769e-02
1.545609971055927992e+09,2.240696999999999832e+02,-2.429655313491821289e+00,7.591482532295812380e-02
1.545609971655560017e+09,2.009936999999999898e+02,-2.317614316940307617e+00,1.347766943297610820e-01
1.545609971855875015e+09,1.934926999999999850e+02,-2.297525644302368164e+00,1.554019211005598367e-01
1.545609972055644035e+09,1.951006999999999891e+02,-2.288184881210327148e+00,1.441602749082312174e-01
1.545609972255542994e+09,1.812536999999999807e+02,-2.279437780380249023e+00,9.069452108259476453e-02
1.545609972455528021e+09,1.852926999999999964e+02,-2.279437780380249023e+00,9.069452108259476453e-02
1.545609972655919075e+09,1.944326999999999828e+02,-2.268109560012817383e+00,4.466840847832338063e-02
1.545609972855973005e+09,1.848806999999999903e+02,-2.261685132980346680e+00,3.983195570753086251e-02
1.545609973055565119e+09,1.866106999999999800e+02,-2.254639863967895508e+00,3.728070117331214878e-02
1.545609973255558014e+09,1.759326999999999828e+02,-2.249588966369628906e+00,3.317329845581667297e-02
1.545609973455595970e+09,1.754586999999999932e+02,-2.255288362503051758e+00,1.799998357206342853e-02
1.545609973655637026e+09,1.839296999999999969e+02,-2.305930852890014648e+00,-4.917056792562361778e-02
1.545609973855813026e+09,1.818146999999999878e+02,-2.354392051696777344e+00,-1.108539594844438064e-01
1.545609974055635929e+09,2.015366999999999962e+02,-2.372908353805541992e+00,-1.370449071731187629e-01
1.545609974255604029e+09,1.935076999999999998e+02,-2.353047847747802734e+00,-1.086462180910540976e-01
1.545609974455560923e+09,1.818636999999999944e+02,-2.351415634155273438e+00,-8.941932284005257858e-02
1.545609974655556917e+09,1.681666999999999916e+02,-2.362580537796020508e+00,-6.294603864566646056e-02
1.545609974856378078e+09,1.615296999999999912e+02,-2.461595296859741211e+00,-1.107985220112204378e-01
1.545609975055562019e+09,1.916226999999999805e+02,-2.524044275283813477e+00,-2.136659503862879395e-01
1.545609975255511045e+09,1.890656999999999925e+02,-2.533427000045776367e+00,-1.804024214053107089e-01
1.545609975455717087e+09,1.992396999999999991e+02,-2.555806875228881836e+00,-2.044241883161787288e-01
1.545609975655544043e+09,2.071776999999999873e+02,-2.580727577209472656e+00,-2.181922457364904866e-01
1.545609975855880022e+09,2.100726999999999975e+02,-2.584468841552734375e+00,-1.366217304180309122e-01
1.545609976055526972e+09,2.104416999999999973e+02,-2.576561450958251509e+00,-5.838128580201365492e-02
1.545609976255578995e+09,2.080147000000000048e+02,-2.571470499038696733e+00,-1.842291667484605502e-02
1.545609976455594063e+09,2.042656999999999812e+02,-2.568898200988769531e+00,1.391443642409977317e-02
1.545609976655512094e+09,2.016517000000000053e+02,-2.570253610610961914e+00,1.671927280150662179e-02
1.545609976855827093e+09,2.035207000000000050e+02,-2.572833299636840820e+00,4.385253970060731810e-03
1.545609977055594921e+09,2.059036999999999864e+02,-2.572833299636840820e+00,4.385253970060731810e-03
1.545609977255559921e+09,1.967656999999999812e+02,-2.576077222824096680e+00,-4.850408501694740068e-03
1.545609977455611944e+09,2.016326999999999998e+02,-2.578629255294799805e+00,-1.024475205892784457e-02
1.545609977655580044e+09,2.006206999999999994e+02,-2.578248977661132812e+00,-8.883679037855307659e-03
1.545609977855712891e+09,2.069847000000000037e+02,-2.581902027130126953e+00,-1.021868242498615020e-02
1.545609978055581093e+09,2.115166999999999859e+02,-2.581440448760986328e+00,-8.120129352165585124e-03
1.545609978255955935e+09,2.132887000000000057e+02,-2.581439495086669922e+00,-5.954837911964985450e-03
1.545609978455467939e+09,2.095656999999999925e+02,-2.581053495407104492e+00,-2.692470034090144963e-03
1.545609978655502081e+09,2.041627000000000010e+02,-2.569595336914062500e+00,1.447873686218300281e-02
1.545609978855788946e+09,2.022126999999999839e+02,-2.568192481994629350e+00,1.558563953545396077e-02
1.545609979055444956e+09,2.117937000000000012e+02,-2.568192481994629350e+00,1.558563953545396077e-02
1.545609979255286932e+09,2.050126999999999953e+02,-2.567477464675903320e+00,1.429324112081782443e-02
1.545609979455483913e+09,2.033966999999999814e+02,-2.567477464675903320e+00,1.429324112081782443e-02
1.545609979655491114e+09,2.094036999999999864e+02,-2.566300153732299805e+00,3.469365111958001326e-03
1.545609979855762005e+09,2.054677000000000078e+02,-2.565761327743530273e+00,2.559523929051679084e-03
1.545609980055541039e+09,1.986956999999999880e+02,-2.566055297851562500e+00,1.672791354543149908e-03
1.545609980255465984e+09,2.041567000000000007e+02,-2.567209243774414062e+00,1.158908774639081990e-03
1.545609980455465078e+09,1.970966999999999985e+02,-2.567383289337157759e+00,-1.274447482271388356e-03
1.545609980655472994e+09,2.162676999999999907e+02,-2.572010040283203125e+00,-5.710327660122365909e-03
1.545609980855734110e+09,2.034797000000000082e+02,-2.575705051422119141e+00,-9.944823836865497244e-03
1.545609981055457115e+09,2.165106999999999857e+02,-2.580966472625732422e+00,-1.528683502231883637e-02
1.545609981255381107e+09,2.062407000000000039e+02,-2.586561918258666992e+00,-2.036928248662286250e-02
1.545609981455523014e+09,2.048766999999999996e+02,-2.587089776992797852e+00,-2.073874649200216705e-02
1.545609981655462027e+09,2.105867000000000075e+02,-2.589796304702758789e+00,-1.657776089855318019e-02
1.545609981855784893e+09,2.162877000000000010e+02,-2.589598655700683594e+00,-9.593272891598347146e-03
1.545609982055490017e+09,2.093226999999999975e+02,-2.589598655700683594e+00,-9.593272891598347146e-03
1.545609982255438089e+09,2.046376999999999953e+02,-2.591746330261230469e+00,-5.458409779100704094e-03
1.545609982455513954e+09,1.965936999999999841e+02,-2.592588186264038086e+00,-6.109920819008100509e-03
1.545609982655349016e+09,1.988427000000000078e+02,-2.594289779663086382e+00,-4.993167411919981376e-03
1.545609982855662107e+09,1.835176999999999907e+02,-2.599470853805541992e+00,-1.097037492734017662e-02
1.545609983055425882e+09,1.993856999999999857e+02,-2.616222858428955078e+00,-3.279723086493959577e-02
1.545609983255392075e+09,2.457757000000000005e+02,-2.615103006362915039e+00,-2.595634966791822776e-02
1.545609983655420065e+09,2.021616999999999962e+02,-2.576156854629516602e+00,2.742222247149419395e-02
1.545609983855679989e+09,2.015956999999999937e+02,-2.147026062011718750e+00,5.518216991009694539e-01
1.545609984055489063e+09,2.106286999999999807e+02,-2.143257856369018999e+00,5.693308745044215469e-01
1.545609984255366087e+09,2.068777000000000044e+02,-2.143257856369018999e+00,5.693308745044215469e-01
1.545609984455415010e+09,2.036157000000000039e+02,-2.125623703002929688e+00,5.402984421777042856e-01
1.545609984655370951e+09,2.144976999999999805e+02,-2.111524343490600586e+00,4.176126205083260240e-02
1.545609984855690002e+09,2.310836999999999932e+02,-2.100232124328613281e+00,4.906145650420812299e-02
1.545609985055408001e+09,1.948307000000000073e+02,-2.084120750427246094e+00,6.571816005366895586e-02
1.545609985255409956e+09,2.009406999999999925e+02,-2.062691211700439009e+00,6.993580249530424731e-02
1.545609985455447912e+09,1.949557000000000073e+02,-2.062319040298461914e+00,5.815473255520967749e-02
1.545609985655491114e+09,2.018256999999999834e+02,-2.087625265121460405e+00,1.482905931371273321e-02
1.545609985855707884e+09,2.073846999999999809e+02,-2.095726966857910156e+00,-1.365289943214820223e-02
1.545609986055444002e+09,2.009776999999999987e+02,-2.095726966857910156e+00,-1.365289943214820223e-02
1.545609986255397081e+09,2.099646999999999935e+02,-2.097225189208984375e+00,-4.106526737287696099e-02
1.545609986455380917e+09,2.052096999999999980e+02,-2.099628448486328569e+00,-3.672447610199288531e-02
1.545609986655431986e+09,2.045447000000000060e+02,-2.099915742874145952e+00,-4.928288894393650574e-03
1.545609986855684996e+09,2.030216999999999814e+02,-2.099915742874145952e+00,-4.928288894393650574e-03
1.545609987055365086e+09,2.060327000000000055e+02,-2.100045919418334961e+00,-3.134698229323404882e-03
1.545609987255697012e+09,2.062746999999999957e+02,-2.100045919418334961e+00,-3.134698229323404882e-03
1.545609987455400944e+09,2.096577000000000055e+02,-2.102180719375610352e+00,-2.687664511178509442e-03
1.545609987655379057e+09,2.065317000000000007e+02,-2.105583906173706055e+00,-6.299662440481422314e-03
1.545609987855669022e+09,2.032906999999999869e+02,-2.105085849761962891e+00,-5.730835284263592795e-03
1.545609988055468082e+09,2.037446999999999946e+02,-2.106286764144897905e+00,-6.568541713979320767e-03
1.545609988255394936e+09,2.038646999999999991e+02,-2.104379177093505859e+00,-2.313758848164123531e-03
1.545609988455419064e+09,2.031906999999999925e+02,-2.104005575180053711e+00,1.856928953673830105e-03
1.545609988655693054e+09,2.023346999999999980e+02,-2.103713274002075195e+00,1.870668743809936630e-03
1.545609988855662107e+09,2.005807000000000073e+02,-2.104560136795043945e+00,5.257523265434586044e-04
1.545609989055387974e+09,2.026987000000000023e+02,-2.105495691299438477e+00,7.911390518686935332e-04
1.545609989455710888e+09,2.126097000000000037e+02,-2.104418277740478516e+00,-4.343860062962131012e-04
1.545609989856081963e+09,2.129437000000000069e+02,-2.093741416931152788e+00,1.138533678303032572e-02
1.545610002055214882e+09,3.515966999999999985e+02,1.544531464576721413e+00,1.925878479972975010e-01
1.545610002255199909e+09,3.395237000000000194e+02,1.555622816085815430e+00,7.094788129212872829e-02
1.545610002455270052e+09,3.465557000000000016e+02,1.543990612030029519e+00,3.410153019632850696e-02
1.545610002655185938e+09,3.690366999999999962e+02,1.511293530464172585e+00,-2.079530658961346520e-02
1.545610002855851889e+09,3.651169999999999760e+01,1.466087818145752175e+00,-9.229069156202436564e-02
1.545610003055169106e+09,3.635147000000000048e+02,1.485733151435852051e+00,-8.649467401682468803e-02
1.545610003255134106e+09,3.664197000000000344e+02,1.474743962287903054e+00,-8.090747992997553151e-02
1.545610003455271006e+09,3.630227000000000430e+02,1.472453474998474121e+00,-7.154900982638338902e-02
1.545610003655267000e+09,3.573327000000000453e+02,1.470305562019348367e+00,-4.099250329054041075e-02
1.545610003855735064e+09,3.579297000000000253e+02,1.438230514526367410e+00,-5.933108862030551239e-02
1.545610004055238962e+09,3.586357000000000426e+02,1.382298588752746582e+00,-1.111675879747082152e-01
1.545610004255168915e+09,3.660597000000000207e+02,1.368985056877136230e+00,-1.175468759191941187e-01
1.545610004455295086e+09,1.491469999999999985e+01,1.360347509384155273e+00,-1.180949503427895925e-01
1.545610004655261040e+09,1.174569999999999936e+01,1.333575725555420144e+00,-1.163380677375837891e-01
1.545610004855464935e+09,1.209070000000000000e+01,1.313493371009826882e+00,-8.096004093589234674e-02
1.545610005055166960e+09,2.313569999999999993e+01,1.295271635055542436e+00,-8.703434091219017232e-02
1.545610005255168915e+09,1.849969999999999715e+01,1.277144908905029741e+00,-1.039430056937113434e-01
1.545610005455238104e+09,1.950669999999999860e+01,1.270366072654724121e+00,-7.436086435927403981e-02
1.545610005655261040e+09,2.403569999999999851e+01,1.267525553703308328e+00,-5.407948775629155269e-02
1.545610005855479002e+09,1.874969999999999715e+01,1.263236880302428977e+00,-3.768796156803297381e-02
1.545610006055264950e+09,1.691270000000000095e+01,1.254003286361694336e+00,-2.892567648110676640e-02
1.545610006255135059e+09,3.660369999999999635e+01,1.238006711006164773e+00,-3.913925236118240975e-02
1.545610006455131054e+09,3.098369999999999891e+01,1.253854274749756081e+00,-1.853969345614673442e-02
1.545610006655122042e+09,2.370369999999999777e+01,1.276373147964477539e+00,9.834739173160526177e-03
1.545610006855436087e+09,1.598069999999999879e+01,1.300558924674987793e+00,5.174386128182244249e-02
1.545610007055135012e+09,1.416769999999999996e+01,1.304502606391906738e+00,7.823953747042214357e-02
1.545610007255116940e+09,1.487170000000000059e+01,1.305815219879150613e+00,6.781361796934087804e-02
1.545610007455131054e+09,1.265470000000000006e+01,1.306846618652343528e+00,3.808184191990999362e-02
1.545610007655124903e+09,2.374470000000000169e+01,1.271211504936218262e+00,-2.360905024043212508e-02
1.545610007856034994e+09,2.045369999999999777e+01,1.263418674468994363e+00,-3.907588489059931475e-02
1.545610008055140018e+09,1.631070000000000064e+01,1.261227488517761008e+00,-5.244770149643897955e-02
1.545610008255142927e+09,1.611469999999999914e+01,1.260259985923767090e+00,-5.821518152759119769e-02
1.545610008455132008e+09,1.731669999999999732e+01,1.245398163795471635e+00,-5.677631052501224546e-02
1.545610008655143976e+09,2.860969999999999658e+01,1.221734285354614036e+00,-5.206963778516013330e-02
1.545610009055128098e+09,3.656086999999999989e+02,1.225720047950744407e+00,-3.550782999042977062e-02
1.545610009255111933e+09,1.955170000000000030e+01,1.244296431541442871e+00,-1.591571363878099138e-02
1.545610009455073118e+09,2.754869999999999663e+01,1.242220401763916016e+00,2.276270492726133535e-02
1.545610009655065060e+09,1.322669999999999924e+01,1.242220401763916016e+00,2.276270492726133535e-02
1.545610009855839968e+09,3.637297000000000367e+02,1.244283080101013406e+00,3.958711632094111948e-02
1.545610010055071115e+09,2.812469999999999715e+01,1.176528453826904741e+00,-7.970327694217439751e-02
1.545610010255407095e+09,2.912570000000000192e+01,1.156975626945495605e+00,-9.063509711513645373e-02
1.545610010455112934e+09,3.547469999999999857e+01,1.151908040046691895e+00,-9.511244836324156404e-02
1.545610010655137062e+09,4.400370000000000203e+01,1.166610836982727051e+00,-8.179024123753994568e-02
1.545610010855920076e+09,2.347169999999999845e+01,1.203921914100646973e+00,-1.006231863900229964e-02
1.545610011055052996e+09,1.705969999999999942e+01,1.215042114257812500e+00,4.055249886467115344e-02
1.545610011255048990e+09,1.724370000000000047e+01,1.213602304458618608e+00,7.256008479590429772e-02
1.545610011455096960e+09,1.169269999999999854e+01,1.185353636741638184e+00,2.204422135916885017e-02
1.545610011655071020e+09,1.212769999999999904e+01,1.185353636741638184e+00,2.204422135916885017e-02
1.545610011855350018e+09,1.336369999999999969e+01,1.150933742523193359e+00,-6.231914008259550192e-02
1.545610012055120945e+09,3.692417000000000371e+02,1.161799788475036843e+00,-5.917319768632716553e-02
1.545610012255000114e+09,3.686507000000000289e+02,1.165155529975891113e+00,-5.101268209311193846e-02
1.545610012455054045e+09,1.420870000000000033e+01,1.152251839637756348e+00,-3.678105682454588937e-02
1.545610012654993057e+09,3.638947000000000003e+02,1.146507501602173074e+00,-4.918000650611882574e-03
1.545610012855313063e+09,2.251269999999999882e+01,1.159053444862365723e+00,-3.051298583301060695e-03
1.545610013055042982e+09,2.405769999999999698e+01,1.164602994918823242e+00,-4.478161891426394974e-03
1.545610013455152988e+09,9.732699999999999463e+00,1.177818536758423074e+00,3.684231345086134285e-02
1.545610013655241013e+09,2.240169999999999817e+01,1.178845167160034402e+00,2.473060362484139768e-02
1.545610013855382919e+09,3.128569999999999851e+01,1.180629968643188477e+00,2.270415766429803583e-02
1.545610014055102110e+09,3.446969999999999601e+01,1.187785863876342995e+00,2.372963203134701229e-02
1.545610014255095959e+09,3.222687000000000239e+02,1.189215660095214844e+00,1.587734376940050721e-02
1.545610014455146074e+09,3.909270000000000067e+01,1.194500923156738281e+00,1.841430833681765092e-02
1.545610014655148983e+09,3.178669999999999618e+01,1.201539754867553933e+00,2.323072403774151598e-02
1.545610014855349064e+09,4.113269999999999982e+01,1.204580664634704590e+00,1.640150905381809743e-02
1.545610015255002022e+09,2.746269999999999811e+01,1.212509512901306374e+00,2.118599023857186195e-02
1.545610015455101967e+09,3.638770000000000238e+01,1.202448487281799538e+00,1.135647533620261955e-03
1.545610015655030012e+09,3.647070000000000078e+01,1.185036659240722878e+00,-2.299172479096009761e-02
1.545610015855381012e+09,3.557070000000000221e+01,1.189794540405273438e+00,-2.477217777343857300e-02
1.545610016254990101e+09,2.651169999999999760e+01,1.217628121376037820e+00,5.689847270707291266e-03
1.545610016455355883e+09,1.301169999999999938e+01,1.234561443328857644e+00,3.569715348253405668e-02
1.545610016654999018e+09,1.401970000000000027e+01,1.227435946464538574e+00,4.240329067781171968e-02
1.545610016855350971e+09,2.163969999999999771e+01,1.214413762092590332e+00,2.590953286035993508e-02
1.545610017054986000e+09,2.206770000000000209e+01,1.205879449844360352e+00,6.789092485827618630e-03
1.545610017255341053e+09,2.889869999999999806e+01,1.207976341247558594e+00,-9.652171342165033474e-03
1.545610017455038071e+09,2.500370000000000203e+01,1.208569884300231934e+00,-2.599333145446681287e-02
1.545610017654969931e+09,2.289470000000000027e+01,1.210130929946899636e+00,-1.730655559187788128e-02
1.545610017855271101e+09,2.603269999999999840e+01,1.209721803665160911e+00,4.520617110799439280e-03
1.545610018055078983e+09,2.034469999999999956e+01,1.209045648574829102e+00,1.258063457450106027e-03
1.545610018255026102e+09,2.171470000000000056e+01,1.209425210952758789e+00,9.505370965152184484e-04
1.545610018455082893e+09,2.721370000000000289e+01,1.198426365852355735e+00,-1.262031062485657711e-02
1.545610018655373096e+09,2.765270000000000294e+01,1.195981502532958984e+00,-1.572570858033792152e-02
1.545610018855722904e+09,2.847070000000000078e+01,1.198895096778869629e+00,-1.082748390976353593e-02
1.545610019054955006e+09,3.400269999999999726e+01,1.200429439544677734e+00,-9.068457456365310379e-03
1.545610019254911900e+09,2.452369999999999806e+01,1.207172513008117898e+00,-2.502437284130519177e-03
1.545610019455385923e+09,2.629269999999999641e+01,1.221421837806701660e+00,2.420561294158303511e-02
1.545610019655004978e+09,2.936469999999999914e+01,1.224670648574829102e+00,3.037343315636823610e-02
1.545610019855741024e+09,2.875769999999999982e+01,1.226266980171203613e+00,2.880326915072680544e-02
1.545610020054971933e+09,2.706869999999999976e+01,1.226120948791503906e+00,2.228707251364347303e-02
1.545610020255091906e+09,2.227069999999999794e+01,1.228156328201293723e+00,7.920702402387328270e-03
1.545610020454957962e+09,2.253569999999999851e+01,1.227854490280151589e+00,3.426352628277196458e-03
1.545610020654941082e+09,2.376469999999999771e+01,1.226517558097839355e+00,2.172668605843164694e-03
1.545610020855670929e+09,2.158370000000000033e+01,1.227877259254455344e+00,1.789192630137008107e-03
1.545610021054944992e+09,2.061970000000000169e+01,1.236389994621276855e+00,9.684385689504032210e-03
1.545610021254889965e+09,2.009169999999999945e+01,1.231239318847656250e+00,3.760466968574129390e-03
1.545610021454930067e+09,2.063769999999999882e+01,1.221783518791198953e+00,-4.983886954921876687e-03
1.545610021654928923e+09,3.524369999999999692e+01,1.220834612846374512e+00,-7.414759384920619617e-03
1.545610021855711937e+09,3.184870000000000090e+01,1.222775936126708984e+00,-1.516903364193303468e-02
1.545610022055063963e+09,2.615169999999999817e+01,1.224610805511474609e+00,-7.798052814824434249e-03
1.545610022254910946e+09,1.588969999999999949e+01,1.224699020385742188e+00,3.429727125149069963e-03
1.545610022455117941e+09,1.901069999999999993e+01,1.223923921585083008e+00,3.634506763141795872e-03
1.545610022654952049e+09,2.136370000000000147e+01,1.224743008613586426e+00,2.314064282773298058e-03
1.545610022855272055e+09,2.023770000000000024e+01,1.223579525947570801e+00,1.503541316670205794e-04
1.545610023054900885e+09,1.329969999999999963e+01,1.221837520599365234e+00,-3.082256937065464518e-03
1.545610023255033970e+09,1.832469999999999999e+01,1.221907377243041992e+00,-3.102629219247165105e-03
1.545610023454906940e+09,1.502570000000000050e+01,1.221287369728088379e+00,-2.636663124411826355e-03
1.545610023654927969e+09,1.995870000000000033e+01,1.240711450576782671e+00,1.904006478070979086e-02
1.545610023855607033e+09,2.877369999999999806e+01,1.240503668785095437e+00,2.195994273526616705e-02
1.545610024054894924e+09,1.790970000000000084e+01,1.241464376449584961e+00,2.444132642495692315e-02
1.545610024254822016e+09,2.119569999999999865e+01,1.241352319717407449e+00,2.321011836299401859e-02
1.545610024455003977e+09,1.655969999999999942e+01,1.240492701530456543e+00,2.134070255586128020e-02
1.545610024654942989e+09,1.518270000000000053e+01,1.238202452659607156e+00,-2.788150380752688149e-03
1.545610024855638027e+09,1.384069999999999823e+01,1.237139940261841042e+00,-3.541625299381994524e-03
1.545610025055010080e+09,2.102870000000000061e+01,1.234673380851745828e+00,-6.792994154640871404e-03
1.545610025254832983e+09,2.311070000000000135e+01,1.233458280563354492e+00,-7.815873392626014257e-03
1.545610025454929113e+09,2.642069999999999652e+01,1.234505414962768333e+00,-4.348653996729462054e-03
1.545610025654894114e+09,2.997869999999999635e+01,1.235458254814147949e+00,-2.101463114086193646e-03
1.545610025855103970e+09,2.403069999999999951e+01,1.236564278602600098e+00,2.100128269087573555e-03
1.545610026054936886e+09,1.516469999999999985e+01,1.235462546348571555e+00,1.816227151523003248e-03
1.545610026254893064e+09,2.479469999999999885e+01,1.235988140106201394e+00,2.809937927674088353e-03
1.545610026454888105e+09,1.960569999999999879e+01,1.236720800399780718e+00,1.402447841547060578e-03
1.545610026654865026e+09,1.737369999999999948e+01,1.234442830085754617e+00,-2.202936029703586335e-03
1.545610026855869055e+09,2.669969999999999999e+01,1.233991026878356934e+00,-2.858399704016723140e-03
1.545610027054902077e+09,2.714269999999999783e+01,1.232846736907958984e+00,-2.905855730348030040e-03
1.545610027254904032e+09,1.515269999999999939e+01,1.231110572814941406e+00,-5.134255330949661668e-03
1.545610027454826117e+09,2.350169999999999959e+01,1.229899048805237260e+00,-6.837120101037706330e-03
1.545610027654882908e+09,2.402870000000000061e+01,1.230521678924560769e+00,-4.358768249435028899e-03
1.545610027855163097e+09,2.878969999999999629e+01,1.230276226997375488e+00,-2.857487404156297105e-03
1.545610028054836035e+09,4.029569999999999652e+01,1.230678796768188477e+00,-5.080559551676388716e-04
1.545610028254868984e+09,2.250869999999999749e+01,1.230684161186218484e+00,-4.264219987497025856e-04
1.545610028454850912e+09,2.728669999999999618e+01,1.229786396026611106e+00,-9.187630541667610954e-04
1.545610028654877901e+09,2.836869999999999692e+01,1.231124758720397949e+00,7.395535087643048807e-04
1.545610028855609894e+09,2.590769999999999840e+01,1.231968879699706809e+00,1.880322050341620222e-03
1.545610029054847002e+09,3.621647000000000389e+02,1.235324025154113770e+00,4.889812019498512505e-03
1.545610029454965115e+09,3.067269999999999897e+01,1.229919791221618652e+00,-1.339119048319304880e-03
1.545610029855711937e+09,2.734870000000000090e+01,1.263559579849243830e+00,3.138294461236384308e-02
1.545610040054760933e+09,2.892767000000000053e+02,2.730232477188110352e+00,-2.689633849384985287e-01
1.545610040254749060e+09,2.918967000000000098e+02,2.731708526611328125e+00,-1.842922181317506458e-01
1.545610040454705000e+09,2.888717000000000326e+02,2.731003046035766602e+00,-8.921254522317861868e-02
1.545610041855479956e+09,2.917407000000000039e+02,2.760003089904785156e+00,3.294281326387885761e-02
1.545610042054683924e+09,2.894177000000000248e+02,2.771037817001342773e+00,4.032050212373322617e-02
1.545610042254688978e+09,2.861197000000000230e+02,2.774321556091308594e+00,4.346185811588800657e-02
1.545610042454689026e+09,2.891477000000000430e+02,2.772739648818969727e+00,3.019904675863493981e-02
1.545610042855385065e+09,2.215377000000000010e+02,2.775939226150512695e+00,5.446516023349175228e-03
1.545610043054681063e+09,2.894607000000000312e+02,2.770646095275878906e+00,-4.175442221745362219e-03
1.545610065054415941e+09,1.892177000000000078e+02,-1.570046067237854004e+00,-7.684846672978636051e-02
1.545610065254443884e+09,2.013887000000000000e+02,-1.570046067237854004e+00,-7.684846672978636051e-02
1.545610065454405069e+09,1.870807000000000073e+02,-1.568747162818908691e+00,-6.440304527004227231e-02
1.545610065654377937e+09,1.931457000000000050e+02,-1.571035981178283691e+00,-6.250527942283735927e-02
1.545610065855113983e+09,1.897637000000000000e+02,-1.575438261032104492e+00,-5.751861535702566114e-02
1.545610066054415941e+09,1.852937000000000012e+02,-1.581788659095764160e+00,-1.174343461366145897e-02
1.545610066254359961e+09,1.784516999999999882e+02,-1.587951779365539551e+00,-2.258793521034261134e-02
1.545610066454408884e+09,1.824236999999999966e+02,-1.594868183135986550e+00,-2.648339970554424230e-02
1.545610066654340982e+09,1.752136999999999887e+02,-1.602558732032775879e+00,-2.855728729683170222e-02
1.545610066855173111e+09,1.819847000000000037e+02,-1.610385894775390403e+00,-3.426535067073820801e-02
1.545610067054402113e+09,1.853466999999999985e+02,-1.616507649421692339e+00,-3.858594343084842393e-02
1.545610067254412889e+09,2.046856999999999971e+02,-1.629607915878295898e+00,-4.900880578439025664e-02
1.545610067454400063e+09,2.092637000000000000e+02,-1.649404525756835938e+00,-6.415994237604566441e-02
1.545610067654407978e+09,2.023316999999999837e+02,-1.645190238952637163e+00,-4.263212694162018396e-02
1.545610067855170012e+09,1.840046999999999855e+02,-1.645006775856018510e+00,-3.352311272985897261e-02
1.545610068054383039e+09,1.868676999999999850e+02,-1.646182656288146973e+00,-1.949377509820564638e-02
1.545610068254358053e+09,1.802616999999999905e+02,-1.651004791259765847e+00,-1.881890088310328012e-03
1.545610068454390049e+09,1.832956999999999823e+02,-1.655749797821044922e+00,-7.284027593600518775e-03
1.545610068654380083e+09,1.860867000000000075e+02,-1.672956466674804688e+00,-3.084052751443200346e-02
1.545610068854617119e+09,1.856616999999999962e+02,-1.705399274826049805e+00,-6.580172677125989411e-02
1.545610069054369926e+09,1.862916999999999916e+02,-1.708649158477783425e+00,-6.406201810009422293e-02
1.545610069254374027e+09,1.924056999999999960e+02,-1.721969366073608843e+00,-7.358614038713282013e-02
1.545610069454379082e+09,1.878717000000000041e+02,-1.731650829315185547e+00,-6.906027674941882244e-02
1.545610069654369116e+09,1.907386999999999944e+02,-1.741487145423889382e+00,-5.842397973881380963e-02
1.545610069854744911e+09,2.015056999999999903e+02,-1.750740051269531694e+00,-5.333799662986192514e-02
1.545610070054415941e+09,2.271256999999999948e+02,-1.762607574462890847e+00,-6.346712717570751616e-02
1.545610070254348993e+09,2.004866999999999848e+02,-1.758655071258544922e+00,-4.316163136273631212e-02
1.545610070454313993e+09,1.941376999999999953e+02,-1.743822336196899192e+00,-2.594926295826667853e-03
1.545610070654345989e+09,1.939667000000000030e+02,-1.754562735557556152e+00,-4.246961886605743301e-03
1.545610070854585886e+09,2.019607000000000028e+02,-1.759988903999328613e+00,3.079830231491295731e-03
1.545610071054332972e+09,2.213177000000000021e+02,-1.795806884765625222e+00,-3.908343322024103450e-02
1.545610071254404068e+09,2.096786999999999921e+02,-1.818228602409362793e+00,-7.743072591673966221e-02
1.545610071454375029e+09,2.061136999999999944e+02,-1.819485306739807129e+00,-7.640485693642631859e-02
1.545610071654305935e+09,1.963856999999999857e+02,-1.822858333587646706e+00,-6.988636890682251024e-02
1.545610071854655981e+09,2.040867000000000075e+02,-1.824378967285156472e+00,-5.666057719498647505e-02
1.545610072054423094e+09,1.882206999999999937e+02,-1.823019266128540039e+00,-3.024915794933199023e-02
1.545610072254329920e+09,1.917937000000000012e+02,-1.826890110969543457e+00,-1.019064292019746833e-02
1.545610072454338074e+09,1.949557000000000073e+02,-1.826475620269775613e+00,-8.222593784600266964e-03
1.545610072654321909e+09,2.040317000000000007e+02,-1.827545046806335671e+00,-5.513873671915890846e-03
1.545610072855123997e+09,1.944617000000000075e+02,-1.826779127120971680e+00,-2.667559827985185525e-03
1.545610073054299116e+09,2.077446999999999946e+02,-1.828204035758972390e+00,-5.459842982282155262e-03
1.545610073254302979e+09,2.000006999999999948e+02,-1.832018256187438743e+00,-5.837633558074538029e-03
1.545610073454312086e+09,1.981987000000000023e+02,-1.838063359260559082e+00,-1.168938152024756073e-02
1.545610073654283047e+09,2.090006999999999948e+02,-1.838106632232666016e+00,-1.332447484276553205e-02
1.545610073854698896e+09,2.039487000000000023e+02,-1.836665272712707520e+00,-8.901127482836191165e-03
1.545610074054308891e+09,2.117757000000000005e+02,-1.835062980651855691e+00,-4.678198343751827949e-03
1.545610074254281044e+09,2.034377000000000066e+02,-1.834973931312561035e+00,-3.109289117237279670e-03
1.545610074454294920e+09,1.997076999999999884e+02,-1.835097074508666992e+00,3.540561205456890445e-03
1.545610074654330015e+09,2.051286999999999807e+02,-1.836470723152160867e+00,1.409887495164358811e-03
1.545610074854907036e+09,1.990936999999999841e+02,-1.836447715759277566e+00,2.290913071334890576e-04
1.545610075054301023e+09,1.993826999999999998e+02,-1.837455511093139648e+00,-2.519447574400906359e-03
1.545610075254293919e+09,2.021146999999999991e+02,-1.837601900100708008e+00,-2.946146593928122576e-03
1.545610075454315901e+09,2.025896999999999935e+02,-1.838090777397155762e+00,-2.024315017378722215e-03
1.545610075654294968e+09,2.038876999999999953e+02,-1.839475393295288530e+00,-3.783450420979246089e-03
1.545610075854530096e+09,2.034086999999999819e+02,-1.839690446853637695e+00,-2.629267159796839191e-03
1.545610076054373026e+09,2.076666999999999916e+02,-1.839443564414978249e+00,-2.811650666511950405e-03
1.545610076254260063e+09,1.865656999999999925e+02,-1.839901685714721680e+00,-2.555512048208730645e-03
1.545610076454421043e+09,2.021146999999999991e+02,-1.840123891830444336e+00,-2.259197736430904654e-03
1.545610076654262066e+09,2.028446999999999889e+02,-1.842944979667663574e+00,-3.828419066679642716e-03
1.545610076855000973e+09,1.979737000000000080e+02,-1.844310164451599121e+00,-5.725253467001116189e-03
1.545610077054320097e+09,1.990576999999999828e+02,-1.845621824264526367e+00,-6.356970158646044200e-03
1.545610077254247904e+09,2.037587000000000046e+02,-1.846469402313232866e+00,-6.681141007847388354e-03
1.545610077454360962e+09,1.987066999999999837e+02,-1.846799850463866965e+00,-5.693198895273049280e-03
1.545610077654253006e+09,1.998966999999999814e+02,-1.847497820854186790e+00,-5.059001371779906810e-03
1.545610077854964972e+09,2.107626999999999953e+02,-1.847423195838928445e+00,-3.458974710833740904e-03
1.545610078054251909e+09,1.957986999999999966e+02,-1.847980141639709917e+00,-2.620133026417706748e-03
1.545610078254229069e+09,2.028346999999999980e+02,-1.848745942115783691e+00,-2.529433455647731553e-03
1.545610078454299927e+09,1.988166999999999973e+02,-1.849260330200195535e+00,-2.590400457838688050e-03
1.545610078654263973e+09,1.981277000000000044e+02,-1.849682569503784402e+00,-2.510706235315686777e-03
1.545610078854540110e+09,2.029566999999999837e+02,-1.849445104598999245e+00,-1.723499080398448180e-03
1.545610079054394960e+09,2.027786999999999864e+02,-1.850375056266784668e+00,-2.036238064331176347e-03
1.545610079254255056e+09,2.023026999999999873e+02,-1.849780797958373801e+00,-1.034984651085821836e-03
1.545610079454246044e+09,1.951277000000000044e+02,-1.849123239517211914e+00,1.371086620722150205e-04
1.545610079654220104e+09,2.114077000000000055e+02,-1.845785140991211160e+00,4.306040518463996256e-03
1.545610079854918957e+09,2.068466999999999985e+02,-1.845669269561767800e+00,5.535568146314566625e-03
1.545610080054200888e+09,2.144926999999999850e+02,-1.844284653663635032e+00,6.866810243395321360e-03
1.545610080254168987e+09,2.058286999999999978e+02,-1.843565583229064941e+00,6.171376862625079125e-03
1.545610080454227924e+09,1.983276999999999930e+02,-1.840437650680542436e+00,6.977336951286086143e-03
1.545610080654237032e+09,2.041997000000000071e+02,-1.839901924133301003e+00,6.784837081168136608e-03
1.545610080854448080e+09,1.984996999999999900e+02,-1.838945031166076438e+00,6.281786185904520217e-03
1.545610081054153919e+09,2.047626999999999953e+02,-1.839892625808715598e+00,4.754596624257954179e-03
1.545610081254153967e+09,2.106606999999999914e+02,-1.841274738311767578e+00,2.545479399724112982e-03
1.545610081454214096e+09,2.031747000000000014e+02,-1.841457843780517578e+00,-1.133664592652543950e-03
1.545610081654248953e+09,2.001217000000000041e+02,-1.841727375984191672e+00,-2.028453185557205826e-03
1.545610081854422092e+09,2.026376999999999953e+02,-1.843484997749328391e+00,-5.044688757645384228e-03
1.545610082054214001e+09,1.976786999999999921e+02,-1.845759391784668191e+00,-5.276235174788964331e-03
1.545610082254198074e+09,1.971206999999999994e+02,-1.846720695495605691e+00,-6.190656746957676378e-03
1.545610082454227924e+09,1.992896999999999821e+02,-1.857172727584839311e+00,-1.817005596094057804e-02
1.545610082654196978e+09,2.090126999999999953e+02,-1.858394265174865279e+00,-1.656880050405357130e-02
1.545610082854918003e+09,2.156316999999999950e+02,-1.857835888862609641e+00,-1.412185669175074904e-02
1.545610083054192066e+09,2.051426999999999907e+02,-1.858409643173217995e+00,-1.331847673514959321e-02
1.545610083254213095e+09,2.019077000000000055e+02,-1.859106421470642090e+00,-1.303988007713056604e-02
1.545610083454274893e+09,2.087066999999999837e+02,-1.858479142189025879e+00,-1.375384101016154537e-03
1.545610083654124975e+09,2.033046999999999969e+02,-1.856322288513183816e+00,1.780630576302800463e-03
1.545610083854876041e+09,2.051296999999999855e+02,-1.856028795242309792e+00,2.800909889012613389e-03
1.545610084054194927e+09,2.086676999999999964e+02,-1.855223178863525613e+00,4.568437935018370734e-03
1.545610084254205942e+09,2.089446999999999832e+02,-1.854762673377990501e+00,4.372990137207194601e-03
1.545610084454202890e+09,1.997107000000000028e+02,-1.854794144630432573e+00,2.994987774154127258e-03
1.545610084654186010e+09,2.107216999999999985e+02,-1.853893280029296431e+00,2.557723896869530927e-03
1.545610084854887962e+09,1.972086999999999932e+02,-1.854416012763977051e+00,1.613346762585810132e-03
1.545610085054188967e+09,1.952767000000000053e+02,-1.853877067565917747e+00,1.417296032123836107e-03
1.545610085254177094e+09,2.037057000000000073e+02,-1.853918790817260742e+00,9.375580262198385945e-04
1.545610085454180956e+09,1.958746999999999900e+02,-1.855485677719116433e+00,-7.682680528424329141e-04
1.545610085654135942e+09,2.039586999999999932e+02,-1.856351137161254883e+00,-2.276072620078849890e-03
1.545610085854934931e+09,2.003506999999999891e+02,-1.857678413391113281e+00,-4.470459192199463354e-03
1.545610086054172993e+09,1.973237000000000023e+02,-1.858970999717712180e+00,-5.941261126984941424e-03
1.545610086254111052e+09,1.994197000000000060e+02,-1.859613060951233132e+00,-4.853858525227783965e-03
1.545610086454138041e+09,2.065387000000000057e+02,-1.860494375228882058e+00,-5.783690480730191083e-03
1.545610086654078960e+09,2.012117000000000075e+02,-1.860336422920227273e+00,-4.427073332547616299e-03
1.545610086854919910e+09,2.044317000000000064e+02,-1.861267328262329102e+00,-3.987389117047472446e-03
1.545610087054100990e+09,2.052626999999999953e+02,-1.861438751220702681e+00,-2.147696446560509211e-03
1.545610087254096985e+09,2.006006999999999891e+02,-1.860846877098083496e+00,-4.147316264211956742e-04
1.545610087454108953e+09,1.988837000000000046e+02,-1.862362504005432129e+00,-2.384061742093221761e-03
1.545610087654146910e+09,1.969096999999999866e+02,-1.862065434455871582e+00,-8.870686719674375021e-04
1.545610087854804039e+09,2.040447000000000060e+02,-1.862371563911437988e+00,-1.409151942859610462e-03
1.545610088054138899e+09,1.924856999999999800e+02,-1.863753437995910422e+00,-2.315661778140114518e-03
1.545610088254136086e+09,2.013076999999999828e+02,-1.864387631416320801e+00,-3.727714911512265868e-03
1.545610088454152107e+09,1.956676999999999964e+02,-1.866006493568420632e+00,-4.635951594270939884e-03
1.545610088654125929e+09,2.061076999999999941e+02,-1.866006493568420632e+00,-4.635951594270939884e-03
1.545610088854419947e+09,2.000437000000000012e+02,-1.867297291755676270e+00,-4.169283454895359418e-03
1.545610089054085970e+09,2.055126999999999953e+02,-1.867969751358032449e+00,-3.980687525368620250e-03
1.545610089254122019e+09,1.993746999999999900e+02,-1.867969751358032449e+00,-3.980687525368620250e-03
1.545610089454148054e+09,1.977306999999999846e+02,-1.868488669395446999e+00,-2.613404195554225751e-03
1.545610089654090881e+09,2.004497000000000071e+02,-1.868517756462097390e+00,-2.683159961465108982e-03
1.545610089854820013e+09,2.045006999999999948e+02,-1.869705200195312500e+00,-2.675688865033161706e-03
1.545610090054337978e+09,2.106486999999999910e+02,-1.868900418281555398e+00,-1.034093151831683979e-03
1.545610090254226923e+09,2.047587000000000046e+02,-1.867447018623352051e+00,1.225422825568675805e-03
1.545610090454119921e+09,2.041346999999999809e+02,-1.867943286895752175e+00,7.179699581941542804e-04
1.545610090654107094e+09,2.023957000000000050e+02,-1.867778539657593218e+00,7.779919001520603245e-04
1.545610090854624987e+09,2.043346999999999980e+02,-1.867842555046081765e+00,1.862736191968763838e-03
1.545610091054128885e+09,1.996016999999999939e+02,-1.868979096412658469e+00,-7.869192089080622008e-05
1.545610091254060030e+09,2.023346999999999980e+02,-1.869032740592956765e+00,-1.762399131069127770e-03
1.545610091454117060e+09,2.091976999999999975e+02,-1.869628071784972700e+00,-2.055303902811156207e-03
1.545610091654154062e+09,2.062177000000000078e+02,-1.870366573333740678e+00,-2.968796578052863063e-03
1.545610091854484081e+09,2.141337000000000046e+02,-1.869525074958801270e+00,-6.821698960510107820e-04
1.545610092054145098e+09,2.062536999999999807e+02,-1.870195984840393288e+00,-1.280363478735997967e-03
1.545610092254214048e+09,2.021116999999999848e+02,-1.870353341102600320e+00,-8.730890008006008665e-04
1.545610092454092026e+09,2.022986999999999966e+02,-1.869429349899291992e+00,2.207183422101220932e-04
1.545610092654042959e+09,2.067556999999999903e+02,-1.870269179344177024e+00,1.081823745630598103e-04
1.545610092854748964e+09,2.053336999999999932e+02,-1.870802521705627663e+00,-6.737434446404821789e-04
1.545610093054089069e+09,2.119986999999999853e+02,-1.871387958526611328e+00,-1.800001003834648386e-03
1.545610093254057884e+09,2.060666999999999973e+02,-1.870574951171875000e+00,-2.216539317997440672e-04
1.545610093454068899e+09,2.065156999999999812e+02,-1.871420383453369585e+00,-1.279527376480950069e-03
1.545610093654207945e+09,2.057306999999999846e+02,-1.871769070625305176e+00,-1.044376597802118643e-03
1.545610093854836941e+09,1.986886999999999830e+02,-1.872621655464172585e+00,-2.021992279858571880e-03
1.545610094054239035e+09,2.009116999999999962e+02,-1.875714778900146484e+00,-4.327239241393090498e-03
1.545610094254108906e+09,1.915557000000000016e+02,-1.878962755203247292e+00,-9.427246007463720850e-03
1.545610094454154968e+09,1.940576999999999828e+02,-1.879173755645751731e+00,-8.160606354130234621e-03
1.545610094654102087e+09,2.129427000000000021e+02,-1.879580736160278320e+00,-8.221212582749718584e-03
1.545610094854813099e+09,2.115027000000000044e+02,-1.879410862922668235e+00,-6.615344098021468978e-03
1.545610095054187059e+09,2.066037000000000035e+02,-1.879669785499572754e+00,-4.394664357956717601e-03
1.545610095254045010e+09,1.937786999999999864e+02,-1.879095315933227095e+00,-1.472905427805579475e-04
1.545610095454107046e+09,2.005516999999999825e+02,-1.880424737930297852e+00,-9.378872262144248920e-04
1.545610095654000998e+09,2.056306999999999903e+02,-1.879709601402282715e+00,-3.319633552725875054e-04
1.545610095854541063e+09,2.020507000000000062e+02,-1.879295945167541282e+00,4.154112266473585120e-04
1.545610096054079056e+09,2.024727000000000032e+02,-1.879256248474121316e+00,-1.788367977784297502e-04
1.545610096254010916e+09,2.056217000000000041e+02,-1.878170847892761230e+00,1.514187807983164488e-03
1.545610096454144955e+09,2.065246999999999957e+02,-1.877749681472778542e+00,2.816224060995096111e-03
1.545610096654023886e+09,2.001556999999999960e+02,-1.878345608711242454e+00,1.515727159573402585e-03
1.545610096854722023e+09,2.045016999999999996e+02,-1.878681778907775657e+00,6.824820941178839397e-04
1.545610097054027081e+09,1.943547000000000082e+02,-1.878884553909301980e+00,-8.396761349372311228e-04
1.545610097254019976e+09,2.014866999999999848e+02,-1.879300713539123757e+00,-1.824682395033430876e-03
1.545610097454001904e+09,2.009716999999999985e+02,-1.879397153854370117e+00,-1.237035736463286666e-03
1.545610097653945923e+09,2.028326999999999884e+02,-1.879173874855041726e+00,-5.789132530470393959e-04
1.545610097854706049e+09,2.055776999999999930e+02,-1.879728913307189941e+00,-8.021728992501233431e-04
1.545610098054177046e+09,2.031776999999999873e+02,-1.888578176498413086e+00,-1.020059480471648995e-02
1.545610098253999949e+09,2.048156999999999925e+02,-1.900428533554077370e+00,-2.223362131300464853e-02
1.545610098453989983e+09,2.292287000000000035e+02,-1.922231316566467285e+00,-4.507222212744691620e-02
1.545610098854686975e+09,2.332396999999999991e+02,-1.875532150268554465e+00,5.307413902217647354e-03
1.545610099053965092e+09,2.053786999999999807e+02,-1.850239396095276101e+00,3.834785010035027253e-02
1.545610099253971100e+09,2.033297000000000025e+02,-1.848963975906372070e+00,5.147006751544819930e-02
1.545610099454010963e+09,2.055917000000000030e+02,-1.847902417182922141e+00,7.434490524516973453e-02
1.545610099654001951e+09,1.877426999999999850e+02,-1.847802758216858132e+00,7.407275832849730124e-02
1.545610099854743004e+09,1.989706999999999937e+02,-1.846219539642333762e+00,2.931348423612821497e-02
1.545610100054008961e+09,2.014276999999999873e+02,-1.846856713294982910e+00,3.382764258191603857e-03
1.545610100253968954e+09,2.016246999999999900e+02,-1.845452427864074707e+00,3.512150942964299867e-03
1.545610100453963995e+09,1.982596999999999809e+02,-1.845072150230407493e+00,2.830649609167193870e-03
1.545610100654081106e+09,1.899317000000000064e+02,-1.846411705017090066e+00,1.464233747369298073e-03
1.545610100854720116e+09,2.014696999999999889e+02,-1.848356246948242188e+00,-1.764207911460577427e-03
1.545610101054019928e+09,1.989437000000000069e+02,-1.848356246948242188e+00,-1.764207911460577427e-03
1.545610101254049063e+09,2.070807000000000073e+02,-1.846880078315734863e+00,-2.009022186673477522e-03
1.545610101454000950e+09,2.029646999999999935e+02,-1.844693303108215110e+00,1.909380775165377001e-03
1.545610101653866053e+09,2.043076999999999828e+02,-1.843930363655090554e+00,3.974191869451256832e-03
1.545610101854768038e+09,2.060066999999999950e+02,-1.844252943992614746e+00,5.127357964989593363e-03
1.545610102053952932e+09,2.006536999999999864e+02,-1.842353224754333496e+00,6.386080558141086876e-03
1.545610102253895044e+09,2.054596999999999980e+02,-1.842289686203003152e+00,5.399819720875862622e-03
1.545610102453973055e+09,1.962906999999999869e+02,-1.842860102653503418e+00,1.189255950717275695e-03
1.545610102653945923e+09,2.052086999999999932e+02,-1.844368100166320801e+00,-1.212323227962448601e-04
1.545610102854676962e+09,2.044336999999999875e+02,-1.844357013702392578e+00,-2.109439355218593968e-03
1.545610103053941011e+09,2.016037000000000035e+02,-1.843816995620727761e+00,-1.607867153929560958e-03
1.545610103253990889e+09,2.042666999999999859e+02,-1.843689322471618874e+00,-7.651010485713008631e-04
1.545610103453949928e+09,2.051586999999999819e+02,-1.841467380523681641e+00,1.393324398311171193e-03
1.545610103653918982e+09,2.017356999999999800e+02,-1.837267160415649858e+00,7.477206363966143812e-03
1.545610103854698896e+09,1.994286999999999921e+02,-1.829708814620971458e+00,1.659207234630360323e-02
1.545610104053941965e+09,1.979636999999999887e+02,-1.827988743782043457e+00,1.960993346028834516e-02
1.545610104253927946e+09,1.926406999999999812e+02,-1.828848004341125710e+00,1.576381513543070878e-02
1.545610104453931093e+09,1.939077000000000055e+02,-1.830231308937072976e+00,8.274465337278989405e-03
1.545610104653913021e+09,2.014526999999999930e+02,-1.830781579017639604e+00,2.417596040933173672e-03
1.545610104854314089e+09,1.949557000000000073e+02,-1.831431984901428223e+00,-1.915064155642848178e-03
1.545610105053925037e+09,1.943506999999999891e+02,-1.831507205963134988e+00,-3.910624443847328380e-03
1.545610105253930092e+09,1.992516999999999996e+02,-1.831974744796752708e+00,-3.475011817874917603e-03
1.545610105453937054e+09,1.944487000000000023e+02,-1.833021163940429688e+00,-3.100383921403419667e-03
1.545610105653923988e+09,1.955816999999999837e+02,-1.819392085075378196e+00,1.340094351664134625e-02
1.545610105854219913e+09,1.996316999999999950e+02,-1.821559429168701172e+00,1.105422036271958702e-02
1.545610106053989887e+09,2.061426999999999907e+02,-1.822814345359802690e+00,1.017971179451781540e-02
1.545610106453870058e+09,1.904007000000000005e+02,-1.781724214553833230e+00,3.966912454267867288e-02
1.545610106653918028e+09,1.596877000000000066e+02,-1.751666069030761941e+00,7.296917976316459609e-02
1.545610122053744078e+09,2.835869999999999891e+01,1.297244191169738992e+00,3.445607627639252213e-02
1.545610122253799915e+09,2.090869999999999962e+01,1.297880411148071511e+00,3.047252939399929667e-02
1.545610122453704119e+09,2.146569999999999823e+01,1.298028707504272461e+00,1.657879078333786282e-02
1.545610122653707027e+09,1.650169999999999959e+01,1.296960115432739258e+00,1.126274466493642178e-02
1.545610122854427099e+09,1.561769999999999925e+01,1.296241044998168945e+00,-2.325149524042395728e-03
1.545610123053838968e+09,1.991169999999999973e+01,1.294453024864196999e+00,-3.283032021831167480e-03
1.545610123253693104e+09,2.428069999999999951e+01,1.287204384803771973e+00,-1.123323644196012709e-02
1.545610123453696012e+09,1.840169999999999817e+01,1.278965711593627930e+00,-2.248698806229760400e-02
1.545610123653661013e+09,2.214369999999999905e+01,1.276399135589599831e+00,-2.334356950197692335e-02
1.545610123854465961e+09,2.041969999999999885e+01,1.276367783546447532e+00,-2.009656311812446292e-02
1.545610124053708076e+09,2.363269999999999982e+01,1.276331663131713867e+00,-1.835625287145575477e-02
1.545610124253685951e+09,2.016769999999999996e+01,1.275918841361999512e+00,-1.254170743682050254e-02
1.545610124453660011e+09,2.740070000000000050e+01,1.274848818778991699e+00,-4.574779328329402033e-03
1.545610124653671980e+09,1.836769999999999925e+01,1.270715236663818581e+00,-6.650645386246609517e-03
1.545610124854382992e+09,1.806470000000000198e+01,1.266901850700378640e+00,-9.466406809193627162e-03
1.545610125053678989e+09,2.579070000000000107e+01,1.260225534439086692e+00,-1.610704266456464834e-02
1.545610125253604889e+09,2.574069999999999681e+01,1.252719402313232422e+00,-2.603631942784755127e-02
1.545610125453653097e+09,2.382869999999999777e+01,1.249343514442443848e+00,-2.784584924251582577e-02
1.545610125653647900e+09,3.150670000000000215e+01,1.245752334594726562e+00,-2.773634183447892462e-02
1.545610125854321957e+09,2.563569999999999993e+01,1.244551301002502663e+00,-2.483233636670429886e-02
1.545610126053631067e+09,2.145769999999999911e+01,1.257035970687866433e+00,-3.357658664304945598e-03
1.545610126253546953e+09,1.889369999999999905e+01,1.267641067504882812e+00,2.032874905303531932e-02
1.545610126453620911e+09,2.583970000000000056e+01,1.266685605049133301e+00,2.325909450582520563e-02
1.545610126653630972e+09,2.263169999999999860e+01,1.265473484992980735e+00,2.202879603494678137e-02
1.545610126854307890e+09,2.094069999999999965e+01,1.265344619750976785e+00,8.748047008358201398e-03
1.545610127053585052e+09,2.078069999999999951e+01,1.264931201934814675e+00,-1.299812798340224673e-03
1.545610127253596067e+09,2.346569999999999823e+01,1.265642642974853738e+00,-2.104315503723975557e-03
1.545610127453669071e+09,2.099869999999999948e+01,1.265667319297790749e+00,-1.072163023002679081e-03
1.545610127653615952e+09,1.816169999999999973e+01,1.265435695648193581e+00,-4.199080388099338419e-05
1.545610127854372978e+09,1.969569999999999865e+01,1.264340639114380105e+00,-1.181121024374960854e-03
1.545610128053636074e+09,2.279870000000000019e+01,1.265680789947509544e+00,4.487984123703915042e-05
1.545610128253724098e+09,2.181170000000000186e+01,1.266256690025329368e+00,7.366469333489892224e-04
1.545610128453634977e+09,2.275070000000000192e+01,1.267424583435058594e+00,1.849561781461370874e-03
1.545610128653573990e+09,2.546669999999999945e+01,1.266717195510864480e+00,2.501343141971047387e-03
1.545610128854386091e+09,2.220369999999999777e+01,1.266953587532043457e+00,1.615625900438990388e-03
1.545610129053607941e+09,1.648969999999999914e+01,1.273594617843628374e+00,8.790181521102533729e-03
1.545610129253587008e+09,2.708970000000000056e+01,1.286802411079406960e+00,2.151904867305841004e-02
1.545610129453600883e+09,2.153969999999999985e+01,1.286893010139465332e+00,2.232306687785264032e-02
1.545610129653603077e+09,2.003669999999999973e+01,1.286651253700256126e+00,2.097500620272802971e-02
1.545610129854304075e+09,2.341069999999999851e+01,1.286729454994201660e+00,1.544985649888641101e-02
1.545610130053622007e+09,1.822569999999999979e+01,1.286367177963257280e+00,-6.104640612954493088e-04
1.545610130253530979e+09,2.307269999999999754e+01,1.285563349723816362e+00,-1.376905034353740872e-03
1.545610130453598022e+09,1.943370000000000175e+01,1.285545706748962402e+00,-1.300605677787495000e-03
1.545610130653582096e+09,1.963269999999999982e+01,1.285545706748962402e+00,-1.300605677787495000e-03
1.545610130854398966e+09,2.346869999999999834e+01,1.285668611526489480e+00,-8.218477999583185612e-04
1.545610131053535938e+09,1.838569999999999993e+01,1.283509731292724609e+00,-2.282309511217686399e-03
1.545610131253606081e+09,2.073770000000000024e+01,1.275845766067504883e+00,-1.121014980076556408e-02
1.545610131453589916e+09,1.800969999999999871e+01,1.272096157073974831e+00,-1.494821525811550374e-02
1.545610131653637886e+09,1.733569999999999922e+01,1.270901918411254883e+00,-1.788669254988617396e-02
1.545610131854281902e+09,2.372569999999999979e+01,1.271398067474365234e+00,-1.679215545010719762e-02
1.545610132053638935e+09,2.448369999999999891e+01,1.271778583526611772e+00,-1.380208355247917670e-02
1.545610132253591061e+09,2.413969999999999771e+01,1.314424276351928711e+00,4.979173163951455816e-02
1.545610132453617096e+09,2.407569999999999766e+01,1.314996600151062012e+00,5.186661656117404207e-02
1.545610132653603077e+09,2.471770000000000067e+01,1.315452933311462624e+00,5.181816983606759436e-02
1.545610132853869915e+09,2.315269999999999939e+01,1.314797282218933328e+00,5.061114798095085049e-02
1.545610133053574085e+09,2.132569999999999766e+01,1.313108086585998313e+00,4.657441589732149584e-02
1.545610133253621101e+09,1.704469999999999885e+01,1.311847925186157449e+00,-2.863339529374668135e-03
1.545610133453598022e+09,1.952069999999999794e+01,1.310599446296691672e+00,-4.630299122896870678e-03
1.545610133653569937e+09,2.098870000000000147e+01,1.310319900512695090e+00,-4.974974786697406066e-03
1.545610133853802919e+09,2.193970000000000198e+01,1.311379313468933328e+00,-1.920893418098344047e-03
1.545610134053627968e+09,2.897469999999999857e+01,1.315406680107116699e+00,3.746366953963847692e-03
1.545610134253549099e+09,2.224770000000000181e+01,1.317746996879577637e+00,7.941614734067565032e-03
1.545610134453551054e+09,2.919769999999999754e+01,1.318526268005371094e+00,1.060349305394286783e-02
1.545610134653542042e+09,2.399869999999999948e+01,1.321624398231506570e+00,1.256067147782285315e-02
1.545610134854281902e+09,2.129169999999999874e+01,1.322016716003418191e+00,8.260536508058526420e-03
1.545610135053523064e+09,2.322169999999999845e+01,1.322221398353576660e+00,5.262896648734810209e-03
1.545610135253526926e+09,1.530369999999999919e+01,1.319683313369751199e+00,1.285446117081282371e-03
1.545610135453550100e+09,2.190670000000000073e+01,1.317784070968627930e+00,-4.516960721300368811e-03
1.545610135653506041e+09,2.240970000000000084e+01,1.317081928253174050e+00,-7.097530403766505805e-03
1.545610135854253054e+09,2.231569999999999965e+01,1.317895650863647461e+00,-4.578537479772717793e-03
1.545610136053728104e+09,2.678170000000000073e+01,1.318051815032959206e+00,-4.632785183776284496e-03
1.545610136253539085e+09,2.163569999999999993e+01,1.318138957023620828e+00,-1.816774855106771148e-03
1.545610136453568935e+09,2.483970000000000056e+01,1.318071961402892844e+00,3.387000817087650723e-04
1.545610136653527975e+09,2.095769999999999911e+01,1.319615125656127930e+00,2.023039990664618395e-03
1.545610136853847027e+09,1.758070000000000022e+01,1.320058703422546387e+00,2.163064420338074809e-03
1.545610137053534985e+09,2.001269999999999882e+01,1.320451617240905984e+00,2.399829671817838364e-03
1.545610137253612995e+09,2.047370000000000090e+01,1.319531679153442383e+00,1.622282759181696522e-03
1.545610137453640938e+09,1.420469999999999899e+01,1.318567037582397683e+00,2.572866984631690460e-04
1.545610137653561115e+09,2.427769999999999939e+01,1.317185521125793679e+00,-2.699968709454434509e-03
1.545610137853830099e+09,2.394769999999999754e+01,1.318568348884582520e+00,-2.215717597689751718e-03
1.545610138053559065e+09,2.130969999999999942e+01,1.319333434104919434e+00,-2.332354483099476083e-04
1.545610138253532887e+09,2.174470000000000169e+01,1.320449352264404075e+00,2.214422269991264767e-03
1.545610138453579903e+09,2.277870000000000061e+01,1.322971820831298828e+00,6.807377812483871721e-03
1.545610138653610945e+09,2.025269999999999726e+01,1.322823524475097878e+00,6.296295569116625718e-03
1.545610138853790045e+09,2.020169999999999888e+01,1.323694586753845215e+00,5.695823777819162409e-03
1.545610139053513050e+09,1.581869999999999976e+01,1.323254704475403054e+00,4.356649234242145410e-03
1.545610139253521919e+09,2.330570000000000164e+01,1.322854280471801758e+00,2.672323398023322954e-03
1.545610139453685999e+09,2.531669999999999732e+01,1.322732567787170410e+00,-2.518834152529652605e-04
1.545610139653548002e+09,2.253669999999999973e+01,1.323536753654479758e+00,7.134237663237600127e-04
1.545610139853799105e+09,3.692157000000000266e+02,1.326074123382568137e+00,3.133241799731688575e-03
1.545610140053567886e+09,1.623969999999999914e+01,1.322716951370239036e+00,-1.615451343362780761e-04
1.545610140253528118e+09,1.712069999999999936e+01,1.322310090065002663e+00,-5.279656429039421370e-04
1.545610140453784943e+09,1.693270000000000053e+01,1.321927428245544212e+00,-2.011222921862946666e-03
1.545610140653516054e+09,1.905170000000000030e+01,1.320773124694824441e+00,-4.746901742721889618e-03
1.545610140853806019e+09,1.859069999999999823e+01,1.319056987762451172e+00,-7.384284360180060763e-03
1.545610154053375006e+09,2.073297000000000025e+02,-1.817408442497253418e+00,-1.035182864820592512e-02
1.545610154253371000e+09,1.894766999999999939e+02,-1.820839405059814897e+00,-5.974758915143325855e-02
1.545610154453408003e+09,2.022156999999999982e+02,-1.825643897056579590e+00,-7.822810310626274188e-02
1.545610154653316975e+09,1.948127000000000066e+02,-1.838041663169860840e+00,-5.652879682518185261e-02
1.545610154853646040e+09,1.895166999999999859e+02,-1.842366933822631836e+00,-3.095642528645738828e-02
1.545610155053436041e+09,2.286047000000000082e+02,-1.846324563026428445e+00,-3.042998604239569027e-02
1.545610155253319025e+09,2.325137000000000000e+02,-1.850260376930237038e+00,-3.096079435943780919e-02
1.545610155453385115e+09,2.005476999999999919e+02,-1.849405288696289285e+00,-1.332655962068705381e-02
1.545610155653393984e+09,2.049456999999999880e+02,-1.850703597068786843e+00,-1.407103184475763484e-02
1.545610155853669882e+09,2.221176999999999850e+02,-1.848315119743347168e+00,-2.095690919099402801e-03
1.545610156053391933e+09,2.249296999999999969e+02,-1.803344607353210671e+00,4.941108407886830173e-02
1.545610156253300905e+09,1.982196999999999889e+02,-1.803344607353210671e+00,4.941108407886830173e-02
1.545610156453367949e+09,1.939756999999999891e+02,-1.772126674652099831e+00,8.733067824096155118e-02
1.545610156653352976e+09,1.898986999999999910e+02,-1.771681189537048562e+00,9.206197791424047816e-02
1.545610156853655100e+09,1.885617000000000019e+02,-1.771509885787964089e+00,9.036683981078602601e-02
1.545610157053360939e+09,1.866997000000000071e+02,-1.778448581695556641e+00,-7.796121066300098698e-03
1.545610157253284931e+09,1.986976999999999975e+02,-1.820919871330261230e+00,-5.124706616563117628e-02
1.545610157453396082e+09,1.996146999999999991e+02,-1.863080263137817605e+00,-9.569913674681083948e-02
1.545610157653373957e+09,2.049056999999999960e+02,-1.852794528007507546e+00,-8.111676160497763299e-02
1.545610157853622913e+09,2.064967000000000041e+02,-1.852654457092285378e+00,-9.533803280316334450e-02
1.545610158053412914e+09,2.006416999999999859e+02,-1.850139737129211204e+00,-8.434275818486128284e-02
1.545610158253359079e+09,2.064727000000000032e+02,-1.849514484405517800e+00,-3.364924787929034211e-02
1.545610158453900099e+09,2.058477000000000032e+02,-1.847562789916991965e+00,1.724831988882256917e-02
1.545610158653301954e+09,2.116387000000000000e+02,-1.841975331306457964e+00,1.256260407133659787e-02
1.545610158853569984e+09,2.020447000000000060e+02,-1.839849233627319780e+00,1.210487686744646588e-02
1.545610159053287029e+09,1.944646999999999935e+02,-1.837629795074462891e+00,1.397888360745383474e-02
1.545610159253300905e+09,2.134907000000000039e+02,-1.839767456054687500e+00,8.202053072019575147e-03
1.545610159453286886e+09,2.053717000000000041e+02,-1.842342138290405495e+00,1.996782668558663622e-03
1.545610159653275967e+09,2.134176999999999964e+02,-1.841830134391785334e+00,-2.330011649357153873e-03
1.545610159853631973e+09,2.071457000000000050e+02,-1.832025647163391335e+00,6.226667051658382399e-03
1.545610160053343058e+09,1.991196999999999946e+02,-1.820102214813232422e+00,1.872337199910242139e-02
1.545610160253319979e+09,2.012086999999999932e+02,-1.818812608718872514e+00,2.206104935002300288e-02
1.545610160453331947e+09,2.067626999999999953e+02,-1.819886207580566406e+00,2.495243943760777627e-02
1.545610160653323889e+09,2.034856999999999800e+02,-1.819724321365356889e+00,2.456361913375811751e-02
1.545610160853590012e+09,2.045437000000000012e+02,-1.817273855209350142e+00,1.639151218313047303e-02
1.545610161053333998e+09,2.089787000000000035e+02,-1.824229836463928223e+00,-6.372628897683185571e-03
1.545610161253216982e+09,1.986146999999999991e+02,-1.824990630149841309e+00,-6.004521586072101083e-03
1.545610161453315020e+09,2.041457000000000050e+02,-1.826602816581726518e+00,-8.091905626175023222e-03
1.545610161653256893e+09,1.950257000000000005e+02,-1.827450633049011008e+00,-1.197446464945701138e-02
1.545610161853974104e+09,2.069696999999999889e+02,-1.830999612808227761e+00,-7.076213509009618777e-03
1.545610162053518057e+09,1.984797000000000082e+02,-1.838248372077942561e+00,-1.473526499999038702e-02
1.545610162253227949e+09,2.026507000000000005e+02,-1.840694069862365723e+00,-1.658090946862092810e-02
1.545610162453253031e+09,2.088986999999999910e+02,-1.840686678886413352e+00,-1.408583699992948385e-02
1.545610162653213978e+09,2.036987000000000023e+02,-1.840911388397216575e+00,-1.238823973939138373e-02
1.545610162853647947e+09,2.089466999999999928e+02,-1.842091441154479758e+00,-1.109203726552536809e-02
1.545610163053250074e+09,2.106457000000000050e+02,-1.841404795646667703e+00,-3.507844094757665669e-03
1.545610163253247023e+09,2.015466999999999871e+02,-1.829259157180786133e+00,1.269927694627040471e-02
1.545610163453265905e+09,2.000857000000000028e+02,-1.828241348266601562e+00,1.490616955873059341e-02
1.545610163653569937e+09,2.023706999999999994e+02,-1.828741669654846413e+00,1.570482237588641944e-02
1.545610163853547096e+09,2.078297000000000025e+02,-1.828604936599731445e+00,1.505990552792631915e-02
1.545610164053273916e+09,2.003067000000000064e+02,-1.828822374343872292e+00,5.608495832576013140e-03
1.545610164253215075e+09,2.006886999999999830e+02,-1.827799797058105469e+00,1.621811818956942538e-03
1.545610164453236103e+09,2.065726999999999975e+02,-1.829609036445617898e+00,-1.020391563341970344e-03
1.545610164653230906e+09,2.039116999999999962e+02,-1.829745888710022195e+00,-1.425663795378889027e-03
1.545610164853569031e+09,2.021397000000000048e+02,-1.829904198646545410e+00,-1.367041052873721289e-03
1.545610165053225040e+09,1.994626999999999839e+02,-1.829616785049438255e+00,-2.017638518389870943e-03
1.545610165253201962e+09,2.070826999999999884e+02,-1.830694675445556641e+00,-2.573692653888710359e-03
1.545610165453303099e+09,2.098826999999999998e+02,-1.831546902656555398e+00,-2.039182510597953735e-03
1.545610165653283119e+09,2.049656999999999982e+02,-1.826529979705810991e+00,3.969636383831129552e-03
1.545610165853504896e+09,2.033556999999999846e+02,-1.814617156982421653e+00,1.758508686486262920e-02
1.545610166053246975e+09,2.060876999999999839e+02,-1.816284060478210227e+00,1.481687265859550282e-02
1.545610166253288984e+09,2.037086999999999932e+02,-1.816696643829346147e+00,1.746842031902622397e-02
1.545610166453260899e+09,2.026346999999999809e+02,-1.823150157928466797e+00,4.223470950677767413e-03
1.545610166653290987e+09,2.005426999999999964e+02,-1.825168848037720171e+00,-1.318650213706838888e-02
1.545610166853472948e+09,1.983736999999999853e+02,-1.827328443527221902e+00,-1.299391447160863633e-02
1.545610167053201914e+09,2.053516999999999939e+02,-1.826927185058593972e+00,-1.210898283272378306e-02
1.545610167253232956e+09,2.079886999999999944e+02,-1.827437877655029297e+00,-1.131056374820165952e-02
1.545610167453236103e+09,2.039307000000000016e+02,-1.826050639152526855e+00,-2.901777035805717681e-03
1.545610167653224945e+09,2.063717000000000041e+02,-1.826335668563843218e+00,-1.167183400906272395e-03
1.545610167853884935e+09,2.016896999999999878e+02,-1.827600717544555664e+00,-2.866528460837372842e-04
1.545610168053231955e+09,2.015876999999999839e+02,-1.828135728836059348e+00,-8.209644073924381256e-04
1.545610168253184080e+09,2.074916999999999803e+02,-1.839311242103576882e+00,-1.657144815072482749e-02
1.545610168453172922e+09,2.042637000000000000e+02,-1.832644939422607200e+00,-7.886071992329466568e-03
1.545610168653176069e+09,2.014476999999999975e+02,-1.823749899864196777e+00,2.586192301300252721e-03
1.545610168853548050e+09,2.014427000000000021e+02,-1.823717474937439409e+00,3.883832454984656110e-03
1.545610169053244114e+09,2.008046999999999969e+02,-1.825373291969299094e+00,2.762901269291603672e-03
1.545610169253232956e+09,2.040927000000000078e+02,-1.826413869857788086e+00,7.331400921733964397e-03
1.545610169453252077e+09,2.006466999999999814e+02,-1.827947616577148438e+00,-4.938395227007986131e-03
1.545610169653248072e+09,2.046486999999999910e+02,-1.827759385108947754e+00,-4.754906222916033438e-03
1.545610169853471994e+09,1.980036999999999807e+02,-1.828279972076416016e+00,-3.814745919213383390e-03
1.545610170053212881e+09,1.986536999999999864e+02,-1.829660892486572710e+00,-4.764210838087227715e-03
1.545610170253112078e+09,2.035406999999999869e+02,-1.828927397727966531e+00,-2.792866897407673965e-03
1.545610170453136921e+09,2.069216999999999871e+02,-1.829382777214050293e+00,-1.909594753087631670e-03
1.545610170653112888e+09,2.030996999999999844e+02,-1.815652012825011985e+00,1.403254757284125645e-02
1.545610170853907108e+09,1.962126999999999839e+02,-1.809807419776916726e+00,2.335716691953212618e-02
1.545610171053190947e+09,1.980996999999999844e+02,-1.809940695762634277e+00,2.372818128239920568e-02
1.545610171253257990e+09,1.995946999999999889e+02,-1.808497309684753640e+00,2.227513620430294355e-02
1.545610171453236103e+09,2.056047000000000082e+02,-1.802399992942810059e+00,1.655684966191057692e-02
1.545610171653086901e+09,2.063326999999999884e+02,-1.784980654716491699e+00,2.919686539765872085e-02
1.545610171853419065e+09,2.074206999999999823e+02,-1.778178691864013672e+00,3.735601322747687802e-02
1.545610172253160000e+09,2.042467000000000041e+02,-1.735647201538085938e+00,8.095886102696539521e-02
1.545610172453196049e+09,1.974797000000000082e+02,-1.670176506042480913e+00,1.469716580564353337e-01
1.545610172653131008e+09,1.902366999999999848e+02,-1.672231435775757058e+00,1.246418169333919773e-01
1.545610172853406906e+09,1.885687000000000069e+02,-1.670892119407653809e+00,1.156155638955101012e-01
1.545610173053623915e+09,1.900766999999999882e+02,-1.667761802673340066e+00,7.543340855515293097e-02
1.545610173253170013e+09,1.918936999999999955e+02,-1.667750835418701172e+00,2.852819044516444712e-03
1.545610173453162909e+09,1.899216999999999871e+02,-1.666081190109253152e+00,2.824002266269882381e-03
1.545610173653100967e+09,1.919746999999999844e+02,-1.664816617965698242e+00,8.240263836820518537e-03
1.545610173853832960e+09,1.960267000000000053e+02,-1.664219617843627930e+00,7.415557660587834138e-03
1.545610174053186893e+09,1.953156999999999925e+02,-1.663422703742980957e+00,4.821999732928062415e-03
1.545610174253124952e+09,1.933106999999999971e+02,-1.661736011505126953e+00,4.828977361701135111e-03
1.545610174453056097e+09,1.916536999999999864e+02,-1.661254048347473367e+00,3.959023805543243103e-03
1.545610174653122902e+09,1.905786999999999978e+02,-1.661327123641968218e+00,3.402605466885917033e-03
1.545610174853418112e+09,1.896136999999999944e+02,-1.660305261611938699e+00,3.667251254180015855e-03
1.545610175053088903e+09,1.892637000000000000e+02,-1.661301016807556374e+00,2.480820629873324405e-03
1.545610175253060102e+09,1.968916999999999859e+02,-1.662215948104858843e+00,-5.333025308958774281e-04
1.545610175453155994e+09,1.908276999999999930e+02,-1.669848322868347168e+00,-9.550220057502143561e-03
1.545610175653156042e+09,1.915166999999999859e+02,-1.670795559883117898e+00,-1.052178527646859506e-02
1.545610175853864908e+09,1.908187000000000069e+02,-1.672879457473755327e+00,-1.447179663227180640e-02
1.545610176053095102e+09,1.937606999999999857e+02,-1.674085855484009011e+00,-1.345629574013829793e-02
1.545610176253038883e+09,1.945656999999999925e+02,-1.675434470176696999e+00,-1.321899481993269766e-02
1.545610176453083038e+09,1.916596999999999866e+02,-1.677614450454711692e+00,-8.022333111740770697e-03
1.545610176653232098e+09,1.885677000000000021e+02,-1.677760362625121848e+00,-7.114171178791850979e-03
1.545610176853411913e+09,1.898746999999999900e+02,-1.680555939674377219e+00,-8.529715252287578195e-03
1.545610177053093910e+09,1.918326999999999884e+02,-1.683443665504455788e+00,-9.419817424965755762e-03
1.545610177253065109e+09,1.948206999999999880e+02,-1.684009552001952903e+00,-7.990195976215591286e-03
1.545610177453110933e+09,1.966747000000000014e+02,-1.688156723976135032e+00,-1.109231070260290226e-02
1.545610177653094053e+09,2.002376999999999896e+02,-1.688883185386657715e+00,-1.040635029597928272e-02
1.545610177853344917e+09,2.013986999999999910e+02,-1.686376333236694558e+00,-4.650369665263693643e-03
