timestamp,updated_heading,uncertainty
1545609889.256532,101.0,1.571
1545609889.456676,101.0,1.571
1545609889.656528,101.0,1.571
1545609889.856904,101.0,1.571
1545609890.056679,101.0,1.571
1545609890.256684,101.0,1.571
1545609890.456728,101.0,1.571
1545609890.656604,101.0,1.571
1545609890.857075,101.0,1.571
1545609891.056526,65.9997,1.571
1545609891.256554,101.0,1.571
1545609891.456584,101.0,1.571
1545609891.656619,101.0,1.571
1545609891.856946,101.0,1.571
1545609892.056604,101.0,1.571
1545609892.256641,101.0,1.571
1545609892.456602,101.0,1.571
1545609892.656551,101.0,1.571
1545609892.857078,101.0,1.571
1545609893.056665,101.0,1.571
1545609893.256631,101.0,1.571
1545609893.456538,101.0,1.571
1545609893.656508,101.0,1.571
1545609893.856862,101.0,1.571
1545609894.056561,101.0,1.571
1545609894.256612,101.0,1.571
1545609894.456548,101.0,1.571
1545609894.656507,101.0,1.571
1545609894.85732,101.0,1.571
1545609895.056573,138.6517,1.571
1545609895.256495,101.0,1.571
1545609895.456534,101.0,1.571
1545609895.656617,101.0,1.571
1545609895.856824,101.0,1.571
1545609896.05652,101.0,1.571
1545609896.256538,101.0,1.571
1545609896.456513,101.0,1.571
1545609896.656534,101.0,1.571
1545609896.856867,101.0,1.571
1545609897.056475,138.1617,1.571
1545609897.256535,101.0,1.571
1545609897.456576,101.0,1.571
1545609897.656422,137.3667,1.571
1545609897.857256,101.0,1.571
1545609898.056487,101.0,1.571
1545609898.256466,101.0,1.571
1545609898.456449,101.0,1.571
1545609898.656446,101.0,1.571
1545609898.856744,101.0,1.571
1545609899.056468,101.0,1.571
1545609899.256409,101.0,1.571
1545609899.456422,108.0047,1.571
1545609899.656419,101.0,1.571
1545609899.856689,81.8667,1.571
1545609900.056425,101.0,1.571
1545609900.256371,111.8347,1.571
1545609900.456437,101.0,1.571
1545609900.656439,101.0,1.571
1545609900.857231,101.0,1.571
1545609901.056372,101.0,1.571
1545609901.256346,101.0,1.571
1545609901.456385,101.0,1.571
1545609901.656452,101.0,1.571
1545609901.857061,101.0,1.571
1545609902.056473,101.0,1.571
1545609902.256315,101.0,1.571
1545609902.456352,101.0,1.571
1545609902.656357,101.0,1.571
1545609902.857056,101.0,1.571
1545609903.056371,101.0,1.571
1545609903.256389,101.0,1.571
1545609903.456361,101.0,1.571
1545609903.656351,101.0,1.571
1545609903.85662,101.0,1.571
1545609904.056375,101.0,1.571
1545609904.256406,101.0,1.571
1545609904.456425,101.0,1.571
1545609904.656438,101.0,1.571
1545609904.856638,101.0,1.571
1545609905.056404,101.0,1.571
1545609905.256357,101.0,1.571
1545609905.45645,101.0,1.571
1545609905.656367,101.0,1.571
1545609905.857102,101.0,1.571
1545609906.056397,101.0,1.571
1545609906.256393,101.3178770039724,2.356
1545609906.456453,100.58193778128185,2.356
1545609906.656334,97.86005275551838,2.356
1545609906.857083,91.38340783732383,2.356
1545609907.056411,88.45292883430824,2.356
1545609907.256439,84.6010299915012,2.356
1545609907.456396,81.74658465432617,2.356
1545609907.656308,79.06345412191337,2.356
1545609907.856593,74.28674766548662,2.356
1545609908.056448,70.89889187489024,2.356
1545609908.256367,67.44139547551643,2.356
1545609908.456429,64.34725147960896,2.356
1545609908.656429,61.9310584003386,2.356
1545609908.856643,57.10177314768109,2.356
1545609909.056409,54.64734466943696,2.356
1545609909.256364,52.58716837046438,2.356
1545609909.456394,49.965495880203406,2.356
1545609909.656319,47.22325689071329,2.356
1545609909.856641,43.40799518261423,2.356
1545609910.056359,39.903684666669136,2.356
1545609910.256293,37.51427958932359,2.356
1545609910.456417,34.67180074357441,2.356
1545609910.656439,31.610708033060575,2.356
1545609910.856563,26.921523620658434,2.356
1545609911.056319,25.212603460132016,2.356
1545609911.256276,24.18944112246413,2.356
1545609911.456284,22.535135154541194,2.356
1545609911.656332,21.779675251202747,2.356
1545609911.857243,26.12935828072034,2.356
1545609912.056404,30.440102401779654,2.356
1545609912.256336,36.01268982105296,2.356
1545609912.456339,42.67464460161915,2.356
1545609912.656316,48.241364888395424,2.356
1545609912.856552,52.073811352446256,2.356
1545609913.056355,51.58293931717577,2.356
1545609913.256277,51.83844303364762,2.356
1545609913.456339,52.03893640654417,2.356
1545609913.656294,52.045001614527166,2.356
1545609913.85661,52.045001614527166,2.356
1545609914.056266,51.59337584622756,2.356
1545609914.256247,51.492261725754645,2.356
1545609914.456327,51.40697998377789,2.356
1545609914.656323,51.355138847977514,2.356
1545609914.856998,51.28898163567675,2.356
1545609915.056241,51.28898163567675,2.356
1545609915.256237,49.43647040822924,2.356
1545609915.456341,47.88743814598368,2.356
1545609915.656251,45.272308976947556,2.356
1545609915.856577,41.24262031004508,2.356
1545609916.056353,37.679863865372226,2.356
1545609916.256198,34.14872436636733,2.356
1545609916.456227,32.70413252672046,2.356
1545609916.656297,31.971936247695055,2.356
1545609916.856504,31.402161867132605,2.356
1545609917.056208,29.90805798619232,2.356
1545609917.256183,29.223010503007572,2.356
1545609917.456189,28.555742002232336,2.356
1545609917.656277,28.155212879113606,2.356
1545609917.856544,28.241621602303468,2.356
1545609918.056347,28.00335728329668,2.356
1545609918.256183,27.715731187158298,2.356
1545609918.456249,27.519848191951496,2.356
1545609918.656234,26.312926444853588,2.356
1545609918.857019,25.69467138156233,2.356
1545609919.056219,25.185460288370393,2.356
1545609919.256223,24.947469176930497,2.356
1545609919.456188,24.6812079125159,2.356
1545609919.656199,24.400500798006703,2.356
1545609919.856883,18.5917,1.571
1545609920.056279,18.5917,1.571
1545609920.256259,16.6597,1.571
1545609920.456146,12.6367,1.571
1545609920.656499,22.122700000000002,1.571
1545609920.856475,23.3397,1.571
1545609921.056686,34.8757,1.571
1545609921.256157,18.0957,1.571
1545609921.456497,27.5507,1.571
1545609921.656209,19.996699999999997,1.571
1545609921.856479,15.8887,1.571
1545609922.056192,27.1807,1.571
1545609922.256197,27.417699999999996,1.571
1545609922.4563,35.7497,1.571
1545609922.656479,30.7087,1.571
1545609922.857045,19.7177,1.571
1545609923.056514,16.7667,1.571
1545609923.256127,17.3727,1.571
1545609923.456187,15.4997,1.571
1545609923.656206,7.6387000000000285,1.571
1545609923.856574,11.938699999999999,1.571
1545609924.056154,17.8127,1.571
1545609924.256152,23.9147,1.571
1545609924.456223,27.6637,1.571
1545609924.656111,36.0767,1.571
1545609924.85651,25.5837,1.571
1545609925.056184,24.4787,1.571
1545609925.256088,27.240699999999997,1.571
1545609925.456113,28.8427,1.571
1545609925.656158,35.8117,1.571
1545609925.856441,26.5627,1.571
1545609926.056125,30.5497,1.571
1545609926.256103,18.3617,1.571
1545609926.456088,15.3097,1.571
1545609926.656084,11.1047,1.571
1545609926.856487,24.3017,1.571
1545609927.056151,16.6817,1.571
1545609927.256074,27.313699999999997,1.571
1545609927.45657,29.1817,1.571
1545609927.656189,23.017699999999998,1.571
1545609927.856406,18.6067,1.571
1545609928.056206,23.6057,1.571
1545609928.256089,23.128700000000002,1.571
1545609928.456132,21.493699999999997,1.571
1545609928.656128,24.755699999999997,1.571
1545609928.856428,14.747699999999998,1.571
1545609929.056052,11.717699999999999,1.571
1545609929.256074,16.456699999999998,1.571
1545609929.456056,16.7877,1.571
1545609929.656185,20.1097,1.571
1545609929.856385,19.054699999999997,1.571
1545609930.056079,20.645699999999998,1.571
1545609930.256076,18.871699999999997,1.571
1545609930.456067,21.8607,1.571
1545609930.656195,16.0127,1.571
1545609930.85679,23.6767,1.571
1545609931.05602,22.8997,1.571
1545609931.256029,28.8767,1.571
1545609931.456118,24.4737,1.571
1545609931.656033,21.9047,1.571
1545609931.856358,24.0527,1.571
1545609932.056141,10.5597,1.571
1545609932.256071,20.1377,1.571
1545609932.456012,19.3627,1.571
1545609932.656046,19.743699999999997,1.571
1545609932.856339,17.1787,1.571
1545609933.05605,19.2997,1.571
1545609933.256024,20.7247,1.571
1545609933.456094,16.5187,1.571
1545609933.656025,21.6627,1.571
1545609933.856337,24.1097,1.571
1545609934.056057,28.6197,1.571
1545609934.256041,40.7337,1.571
1545609934.456034,32.8407,1.571
1545609934.655995,37.0577,1.571
1545609934.856461,27.0807,1.571
1545609935.05602,22.8637,1.571
1545609935.255962,22.5707,1.571
1545609935.456072,18.4707,1.571
1545609935.656152,22.9867,1.571
1545609935.856329,28.539699999999996,1.571
1545609936.056035,23.2667,1.571
1545609936.256454,27.939700000000002,1.571
1545609936.456128,24.8707,1.571
1545609936.656017,25.2697,1.571
1545609936.856284,24.3507,1.571
1545609937.055984,26.079700000000003,1.571
1545609937.256105,29.4737,1.571
1545609937.456113,27.969699999999996,1.571
1545609937.655971,27.524700000000003,1.571
1545609937.85626,24.4727,1.571
1545609938.056056,29.752699999999997,1.571
1545609938.255977,24.386699999999998,1.571
1545609938.455966,27.313699999999997,1.571
1545609938.655946,27.3697,1.571
1545609938.856238,24.9607,1.571
1545609939.055942,23.761699999999998,1.571
1545609939.255994,24.7137,1.571
1545609939.456015,24.615699999999997,1.571
1545609939.655979,27.3617,1.571
1545609939.856276,20.5687,1.571
1545609940.056079,26.594699999999996,1.571
1545609940.25595,23.003700000000002,1.571
1545609940.456002,20.618699999999997,1.571
1545609940.656069,24.9157,1.571
1545609940.856286,27.0357,1.571
1545609941.055954,25.192700000000002,1.571
1545609941.255919,27.386699999999998,1.571
1545609941.455925,31.4887,1.571
1545609941.655924,21.6177,1.571
1545609941.856668,26.0347,1.571
1545609942.055938,25.0397,1.571
1545609942.255915,19.761699999999998,1.571
1545609942.455939,28.256700000000002,1.571
1545609942.655926,28.0957,1.571
1545609942.856216,21.7897,1.571
1545609943.05593,23.9527,1.571
1545609943.255928,28.3307,1.571
1545609943.455981,22.9277,1.571
1545609943.655885,26.362699999999997,1.571
1545609943.856635,9.7327,1.571
1545609944.055944,43.825700000000005,1.571
1545609944.255894,42.627700000000004,1.571
1545609944.455903,42.627700000000004,1.571
1545609944.655883,41.79701239314309,2.356
1545609944.856152,40.333125269090914,2.356
1545609945.055875,38.8654747108061,2.356
1545609945.255917,34.99901390468861,2.356
1545609945.455964,34.03515126939476,2.356
1545609945.655902,32.27169204834581,2.356
1545609945.856214,30.36289323194822,2.356
1545609946.056011,27.940409548452294,2.356
1545609946.255863,26.21042508452561,2.356
1545609946.455886,24.068928553294825,2.356
1545609946.655866,21.689133552111457,2.356
1545609946.856145,18.850363499081595,2.356
1545609947.055865,16.057253260653283,2.356
1545609947.25586,11.80585665329221,2.356
1545609947.455894,9.655166687438566,2.356
1545609947.656171,7.461241624138751,2.356
1545609947.856136,3.263373209303097,2.356
1545609948.055826,1.3598472989447146,2.356
1545609948.255848,359.48316744711906,2.356
1545609948.456181,357.0194908927388,2.356
1545609948.655926,355.0200110698255,2.356
1545609948.85616,350.5326211813567,2.356
1545609949.055898,347.88935504803476,2.356
1545609949.25581,345.14104402037253,2.356
1545609949.455872,343.1147352143994,2.356
1545609949.655916,338.7656840766982,2.356
1545609949.856898,336.3847348728633,2.356
1545609950.055863,334.0037856690284,2.356
1545609950.255853,331.6228364651935,2.356
1545609950.45584,329.24188726135856,2.356
1545609950.655844,326.8609380575237,2.356
1545609950.856184,324.4799888536888,2.356
1545609951.055804,322.09903964985386,2.356
1545609951.255852,319.71809044601895,2.356
1545609951.455826,317.33714124218403,2.356
1545609951.65582,314.9561920383491,2.356
1545609951.856113,312.5752428345142,2.356
1545609952.055918,310.1942936306793,2.356
1545609952.256081,307.81334442684437,2.356
1545609952.455829,305.43239522300945,2.356
1545609952.655834,301.6358523244638,2.356
1545609952.85612,300.22025862975306,1.571
1545609953.056125,298.8046649350423,1.571
1545609953.255757,297.38907124033153,1.571
1545609953.455776,295.9734775456208,1.571
1545609953.655775,294.55788385091006,1.571
1545609953.856145,293.1422901561993,1.571
1545609954.055775,291.72669646148853,1.571
1545609954.255754,290.31110276677776,1.571
1545609954.455802,288.895509072067,1.571
1545609954.655762,287.47991537735624,1.571
1545609954.856062,286.06432168264547,1.571
1545609955.055759,284.6487279879347,1.571
1545609955.256083,283.233134293224,1.571
1545609955.455776,281.81754059851323,1.571
1545609955.655732,280.40194690380247,1.571
1545609955.856047,278.9863532090917,1.571
1545609956.055784,277.57075951438094,1.571
1545609956.25573,276.1551658196702,1.571
1545609956.455809,274.7395721249594,1.571
1545609956.656047,273.32397843024864,1.571
1545609956.856095,271.9083847355379,1.571
1545609957.055758,270.49279104082717,2.356
1545609957.255761,269.0771973461164,2.356
1545609957.455752,267.66160365140564,2.356
1545609957.655695,266.2460099566949,2.356
1545609957.856103,264.8304162619841,2.356
1545609958.055833,263.41482256727335,2.356
1545609958.255707,261.9992288725626,2.356
1545609958.455714,260.5836351778518,2.356
1545609958.655727,259.16804148314105,2.356
1545609958.856059,257.75244778843035,2.356
1545609959.055759,256.3368540937196,2.356
1545609959.255704,254.92126039900882,2.356
1545609959.455702,253.50566670429805,2.356
1545609959.655743,252.0900730095873,2.356
1545609959.856076,250.67447931487652,2.356
1545609960.055717,249.25888562016576,2.356
1545609960.255745,247.84329192545502,2.356
1545609960.4557,246.42769823074426,2.356
1545609960.655651,245.0121045360335,2.356
1545609960.856009,243.59651084132273,2.356
1545609961.055708,242.180917146612,2.356
1545609961.255705,240.76532345190122,2.356
1545609961.455814,239.34972975719046,2.356
1545609961.655965,237.9341360624797,2.356
1545609961.855992,236.51854236776893,2.356
1545609962.055708,235.1029486730582,2.356
1545609962.255691,233.68735497834743,2.356
1545609962.455698,232.27176128363666,2.356
1545609962.655662,230.8561675889259,2.356
1545609962.856005,229.44057389421516,2.356
1545609963.055686,228.0249801995044,2.356
1545609963.255706,226.60938650479363,2.356
1545609963.455705,225.19379281008287,2.356
1545609963.655699,223.7781991153721,2.356
1545609963.855973,222.36260542066137,2.356
1545609964.055652,220.9470117259506,2.356
1545609964.255767,219.53141803123984,2.356
1545609964.455705,218.11582433652907,2.356
1545609964.655657,216.70023064181834,2.356
1545609964.855936,215.28463694710757,2.356
1545609965.056087,213.8690432523968,2.356
1545609965.255627,212.45344955768604,2.356
1545609965.455645,211.03785586297528,2.356
1545609965.655639,209.62226216826454,2.356
1545609965.855928,208.20666847355378,2.356
1545609966.055642,206.791074778843,2.356
1545609966.255728,205.37548108413225,2.356
1545609966.455721,203.9598873894215,2.356
1545609966.655957,202.54429369471075,2.356
1545609966.856001,201.83649684735536,1.571
1545609967.055601,201.12869999999998,1.571
1545609967.255652,203.2027,1.571
1545609967.455608,208.1257,1.571
1545609967.655688,205.76569999999998,1.571
1545609967.855951,215.8877,1.571
1545609968.055976,207.7787,1.571
1545609968.255614,211.0947,1.571
1545609968.455668,207.2237,1.571
1545609968.655594,208.9497,1.571
1545609968.855929,204.6497,1.571
1545609969.055681,196.9197,1.571
1545609969.255576,195.6737,1.571
1545609969.455914,210.77169999999998,1.571
1545609969.655683,210.77169999999998,1.571
1545609969.855949,209.0837,1.571
1545609970.055725,209.0837,1.571
1545609970.255961,213.8897,1.571
1545609970.455595,213.8897,1.571
1545609970.655568,217.7377,1.571
1545609970.855882,197.5477,1.571
1545609971.055928,224.06969999999998,1.571
1545609971.255547,224.06969999999998,1.571
1545609971.455568,200.9937,1.571
1545609971.65556,200.9937,1.571
1545609971.855875,193.49269999999999,1.571
1545609972.055644,195.1007,1.571
1545609972.255543,181.25369999999998,1.571
1545609972.455528,185.2927,1.571
1545609972.655919,194.43269999999998,1.571
1545609972.855973,184.8807,1.571
1545609973.055565,186.61069999999998,1.571
1545609973.255558,175.93269999999998,1.571
1545609973.455596,175.4587,1.571
1545609973.655637,183.9297,1.571
1545609973.855813,181.8147,1.571
1545609974.055636,201.5367,1.571
1545609974.255604,193.5077,1.571
1545609974.455561,181.8637,1.571
1545609974.655557,168.1667,1.571
1545609974.856378,161.5297,1.571
1545609975.055562,191.62269999999998,1.571
1545609975.255511,189.0657,1.571
1545609975.455717,199.2397,1.571
1545609975.655544,207.1777,1.571
1545609975.85588,210.0727,1.571
1545609976.055527,210.4417,1.571
1545609976.255579,208.0147,1.571
1545609976.455594,204.26569999999998,1.571
1545609976.655512,201.6517,1.571
1545609976.855827,203.5207,1.571
1545609977.055595,205.9037,1.571
1545609977.25556,196.76569999999998,1.571
1545609977.455612,201.6327,1.571
1545609977.65558,200.6207,1.571
1545609977.855713,206.9847,1.571
1545609978.055581,211.5167,1.571
1545609978.255956,213.2887,1.571
1545609978.455468,209.5657,1.571
1545609978.655502,204.1627,1.571
1545609978.855789,202.21269999999998,1.571
1545609979.055445,211.7937,1.571
1545609979.255287,205.0127,1.571
1545609979.455484,203.39669999999998,1.571
1545609979.655491,209.4037,1.571
1545609979.855762,205.4677,1.571
1545609980.055541,198.6957,1.571
1545609980.255466,204.1567,1.571
1545609980.455465,197.0967,1.571
1545609980.655473,216.2677,1.571
1545609980.855734,203.4797,1.571
1545609981.055457,216.51069999999999,1.571
1545609981.255381,206.2407,1.571
1545609981.455523,204.8767,1.571
1545609981.655462,210.5867,1.571
1545609981.855785,216.2877,1.571
1545609982.05549,209.3227,1.571
1545609982.255438,204.6377,1.571
1545609982.455514,196.59369999999998,1.571
1545609982.655349,198.8427,1.571
1545609982.855662,183.5177,1.571
1545609983.055426,199.38569999999999,1.571
1545609983.255392,245.7757,1.571
1545609983.455429,202.1617,1.571
1545609983.65542,202.1617,1.571
1545609983.85568,201.5957,1.571
1545609984.055489,210.62869999999998,1.571
1545609984.255366,206.8777,1.571
1545609984.455415,203.6157,1.571
1545609984.655371,214.49769999999998,1.571
1545609984.85569,231.0837,1.571
1545609985.055408,194.8307,1.571
1545609985.25541,200.9407,1.571
1545609985.455448,194.9557,1.571
1545609985.655491,201.82569999999998,1.571
1545609985.855708,207.38469999999998,1.571
1545609986.055444,200.9777,1.571
1545609986.255397,209.9647,1.571
1545609986.455381,205.2097,1.571
1545609986.655432,204.5447,1.571
1545609986.855685,203.02169999999998,1.571
1545609987.055365,206.0327,1.571
1545609987.255697,206.2747,1.571
1545609987.455401,209.6577,1.571
1545609987.655379,206.5317,1.571
1545609987.855669,203.2907,1.571
1545609988.055468,203.7447,1.571
1545609988.255395,203.8647,1.571
1545609988.455419,203.1907,1.571
1545609988.655693,202.3347,1.571
1545609988.855662,200.5807,1.571
1545609989.055388,202.6987,1.571
1545609989.255446,202.6987,1.571
1545609989.455711,212.6097,1.571
1545609989.655442,212.6097,1.571
1545609989.856082,212.9437,1.571
1545609990.055413,212.9437,1.571
1545609990.25535,213.30214832764227,2.356
1545609990.455406,216.30401646786288,2.356
1545609990.655368,219.70980833521975,2.356
1545609990.855636,229.0660610074916,2.356
1545609991.0554,229.0660610074916,2.356
1545609991.255313,236.43433248031795,2.356
1545609991.455308,239.5242964004534,2.356
1545609991.655308,245.77290862301788,2.356
1545609991.8565,248.92308749087624,2.356
1545609992.055401,253.0278535971354,2.356
1545609992.255303,257.8637368125312,2.356
1545609992.455396,262.74851052200586,2.356
1545609992.655412,266.55283026705456,2.356
1545609992.855657,271.73108354478643,2.356
1545609993.055403,277.1608416906022,2.356
1545609993.255372,282.3100939851181,2.356
1545609993.455341,286.1773197724226,2.356
1545609993.655351,290.29957116295714,2.356
1545609993.855596,295.3170964291402,2.356
1545609994.055348,299.8223575075723,2.356
1545609994.255284,304.3186710381916,2.356
1545609994.455404,312.4033064115473,2.356
1545609994.655736,316.1506760392964,2.356
1545609994.855515,319.8789211373695,2.356
1545609995.055315,324.6034176277807,2.356
1545609995.255294,331.799254144821,2.356
1545609995.455264,336.2349019352323,2.356
1545609995.655263,340.74450701397654,2.356
1545609995.855525,345.7248419001288,2.356
1545609996.055277,349.92803786251716,2.356
1545609996.255235,353.0417913315317,2.356
1545609996.455384,356.09014573924344,2.356
1545609996.655285,2.6357619076768515,2.356
1545609996.855533,7.229282690563878,2.356
1545609997.055282,10.404296126244276,2.356
1545609997.255282,10.145035805728867,2.356
1545609997.455302,11.088407873512779,2.356
1545609997.65527,14.688443490675468,2.356
1545609997.855599,18.378057038803036,2.356
1545609998.055285,22.425572499439227,2.356
1545609998.255246,24.610454392277916,2.356
1545609998.455216,29.18196830565921,2.356
1545609998.655412,34.0257813706813,2.356
1545609998.855506,39.31078025985667,2.356
1545609999.055188,44.96713994930022,2.356
1545609999.255236,49.94434660881265,2.356
1545609999.45527,50.06654552325338,2.356
1545609999.6553,50.85102690037516,2.356
1545609999.855513,51.211496964011786,2.356
1545610000.055228,50.64104980981605,2.356
1545610000.25521,47.370208820080364,2.356
1545610000.455333,42.624169913026975,2.356
1545610000.655222,38.79560299642466,2.356
1545610000.855539,20.238272719634324,2.356
1545610001.055199,17.057549245807763,2.356
1545610001.255215,12.968055442532659,2.356
1545610001.455214,9.94898205579284,2.356
1545610001.655229,8.820279635069937,2.356
1545610001.856008,351.5967,1.571
1545610002.055215,351.5967,1.571
1545610002.2552,339.5237,1.571
1545610002.45527,346.5557,1.571
1545610002.655186,9.036699999999996,1.571
1545610002.855852,36.5117,1.571
1545610003.055169,3.514700000000005,1.571
1545610003.255134,6.419700000000034,1.571
1545610003.455271,3.022700000000043,1.571
1545610003.655267,357.33270000000005,1.571
1545610003.855735,357.9297,1.571
1545610004.055239,358.63570000000004,1.571
1545610004.255169,6.059700000000021,1.571
1545610004.455295,14.9147,1.571
1545610004.655261,11.7457,1.571
1545610004.855465,12.0907,1.571
1545610005.055167,23.1357,1.571
1545610005.255169,18.499699999999997,1.571
1545610005.455238,19.5067,1.571
1545610005.655261,24.0357,1.571
1545610005.855479,18.749699999999997,1.571
1545610006.055265,16.9127,1.571
1545610006.255135,36.603699999999996,1.571
1545610006.455131,30.9837,1.571
1545610006.655122,23.703699999999998,1.571
1545610006.855436,15.980699999999999,1.571
1545610007.055135,14.1677,1.571
1545610007.255117,14.8717,1.571
1545610007.455131,12.6547,1.571
1545610007.655125,23.7447,1.571
1545610007.856035,20.453699999999998,1.571
1545610008.05514,16.3107,1.571
1545610008.255143,16.1147,1.571
1545610008.455132,17.316699999999997,1.571
1545610008.655144,28.609699999999997,1.571
1545610008.855712,5.608699999999999,1.571
1545610009.055128,5.608699999999999,1.571
1545610009.255112,19.5517,1.571
1545610009.455073,27.548699999999997,1.571
1545610009.655065,13.2267,1.571
1545610009.85584,3.7297000000000367,1.571
1545610010.055071,28.124699999999997,1.571
1545610010.255407,29.125700000000002,1.571
1545610010.455113,31.8144,1.571
1545610010.655137,28.154100000000003,1.571
1545610010.85592,24.493800000000007,1.571
1545610011.055053,20.833500000000008,1.571
1545610011.255049,17.17320000000001,1.571
1545610011.455097,13.512900000000013,1.571
1545610011.655071,9.852600000000013,1.571
1545610011.85535,6.192300000000014,1.571
1545610012.055121,2.532000000000018,1.571
1545610012.255,358.87170000000003,1.571
1545610012.455054,355.2114,1.571
1545610012.654993,351.5511,1.571
1545610012.855313,347.8908,1.571
1545610013.055043,344.2305,1.571
1545610013.255022,340.5702,1.571
1545610013.455153,336.90990000000005,1.571
1545610013.655241,333.24960000000004,1.571
1545610013.855383,329.58930000000004,1.571
1545610014.055102,334.7195285714286,1.571
1545610014.255096,343.51005714285714,1.571
1545610014.455146,352.3005857142857,1.571
1545610014.655149,1.0911142857142977,1.571
1545610014.855349,9.881642857142879,1.571
1545610015.05522,18.71699523809525,1.571
1545610015.255002,27.552347619047623,1.571
1545610015.455102,36.3877,1.571
1545610015.65503,36.4707,1.571
1545610015.855381,35.5707,1.571
1545610016.055082,35.5707,1.571
1545610016.25499,26.511699999999998,1.571
1545610016.455356,13.0117,1.571
1545610016.654999,14.0197,1.571
1545610016.855351,21.639699999999998,1.571
1545610017.054986,22.067700000000002,1.571
1545610017.255341,28.898699999999998,1.571
1545610017.455038,25.003700000000002,1.571
1545610017.65497,22.8947,1.571
1545610017.855271,26.0327,1.571
1545610018.055079,20.3447,1.571
1545610018.255026,21.7147,1.571
1545610018.455083,27.213700000000003,1.571
1545610018.655373,27.652700000000003,1.571
1545610018.855723,28.4707,1.571
1545610019.054955,34.0027,1.571
1545610019.254912,24.523699999999998,1.571
1545610019.455386,26.292699999999996,1.571
1545610019.655005,29.3647,1.571
1545610019.855741,28.7577,1.571
1545610020.054972,27.0687,1.571
1545610020.255092,22.270699999999998,1.571
1545610020.454958,22.5357,1.571
1545610020.654941,23.764699999999998,1.571
1545610020.855671,21.5837,1.571
1545610021.054945,20.6197,1.571
1545610021.25489,20.0917,1.571
1545610021.45493,20.6377,1.571
1545610021.654929,35.2437,1.571
1545610021.855712,31.8487,1.571
1545610022.055064,26.151699999999998,1.571
1545610022.254911,15.8897,1.571
1545610022.455118,19.0107,1.571
1545610022.654952,21.3637,1.571
1545610022.855272,20.2377,1.571
1545610023.054901,13.2997,1.571
1545610023.255034,18.3247,1.571
1545610023.454907,15.0257,1.571
1545610023.654928,19.9587,1.571
1545610023.855607,28.773699999999998,1.571
1545610024.054895,17.9097,1.571
1545610024.254822,21.1957,1.571
1545610024.455004,16.5597,1.571
1545610024.654943,15.1827,1.571
1545610024.855638,13.840699999999998,1.571
1545610025.05501,21.0287,1.571
1545610025.254833,23.1107,1.571
1545610025.454929,26.420699999999997,1.571
1545610025.654894,29.978699999999996,1.571
1545610025.855104,24.0307,1.571
1545610026.054937,15.1647,1.571
1545610026.254893,24.7947,1.571
1545610026.454888,19.6057,1.571
1545610026.654865,17.3737,1.571
1545610026.855869,26.6997,1.571
1545610027.054902,27.142699999999998,1.571
1545610027.254904,15.1527,1.571
1545610027.454826,23.5017,1.571
1545610027.654883,24.0287,1.571
1545610027.855163,28.789699999999996,1.571
1545610028.054836,40.2957,1.571
1545610028.254869,22.508699999999997,1.571
1545610028.454851,27.286699999999996,1.571
1545610028.654878,28.368699999999997,1.571
1545610028.85561,25.9077,1.571
1545610029.054847,2.164700000000039,1.571
1545610029.254974,30.6727,1.571
1545610029.454965,30.6727,1.571
1545610029.65489,30.6727,1.571
1545610029.855712,27.3487,1.571
1545610030.05493,27.3487,1.571
1545610030.254848,25.354626271814766,2.356
1545610030.454855,20.66305129320304,2.356
1545610030.654831,18.811100141267474,2.356
1545610030.855564,16.6299475317156,2.356
1545610031.05529,12.821119861814651,2.356
1545610031.254837,10.615720080709224,2.356
1545610031.454869,8.750600324053863,2.356
1545610031.65481,4.51880635961075,2.356
1545610031.855526,2.840410314485183,2.356
1545610032.054847,1.2574388422538334,2.356
1545610032.254783,357.78777787596823,2.356
1545610032.454865,355.66040617594103,2.356
1545610032.654799,353.508937568522,2.356
1545610032.855153,351.80589137068193,2.356
1545610033.054802,349.1846150313927,2.356
1545610033.254891,347.0320945748415,2.356
1545610033.454854,341.72003789126927,2.356
1545610033.6548,338.86589308241764,2.356
1545610033.855202,338.86589308241764,2.356
1545610034.054803,335.52389518190876,2.356
1545610034.254787,329.5324259212168,2.356
1545610034.454812,327.01111623062,2.356
1545610034.654789,323.5741377195129,2.356
1545610034.855134,320.0767666757646,2.356
1545610035.054792,317.50578784952336,2.356
1545610035.254767,314.01035657949933,2.356
1545610035.454784,308.8070638282703,2.356
1545610035.65474,305.2690668193387,2.356
1545610035.855072,302.67052134960727,2.356
1545610036.05479,300.92486160153544,2.356
1545610036.254765,299.36685447072057,2.356
1545610036.454758,299.36685447072057,2.356
1545610036.654759,297.7351769195178,2.356
1545610036.855179,296.50361184989447,2.356
1545610037.054736,296.2520833035196,2.356
1545610037.254733,296.17091333542317,2.356
1545610037.454786,295.32442067082684,2.356
1545610037.654783,291.67376652172504,2.356
1545610037.855363,287.8755529657943,2.356
1545610038.054766,286.922277123714,2.356
1545610038.254776,283.9516775895137,2.356
1545610038.454814,280.71706028067,2.356
1545610038.654755,280.94462852343656,2.356
1545610038.855453,285.1235468057911,2.356
1545610039.054757,285.1235468057911,2.356
1545610039.254728,289.7413147602317,2.356
1545610039.454793,299.9805333072678,2.356
1545610039.654851,304.2839349749694,2.356
1545610039.855477,289.2767,1.571
1545610040.054761,289.2767,1.571
1545610040.254749,291.8967,1.571
1545610040.454705,288.87170000000003,1.571
1545610040.654713,288.87170000000003,1.571
1545610040.855445,288.9502061943202,2.356
1545610041.054815,288.5882061683095,2.356
1545610041.254681,288.4041189097993,2.356
1545610041.454736,288.3739431340462,2.356
1545610041.654668,291.7407,1.571
1545610041.85548,291.7407,1.571
1545610042.054684,289.4177,1.571
1545610042.254689,286.1197,1.571
1545610042.454689,289.14770000000004,1.571
1545610042.65467,289.10559411901244,1.571
1545610042.855385,289.0634882380249,1.571
1545610043.054681,289.0213823570373,1.571
1545610043.254669,288.9792764760497,1.571
1545610043.454726,288.9371705950621,2.356
1545610043.654774,288.9161176545683,2.356
1545610043.855409,288.8950647140745,2.356
1545610044.054711,282.68681890950484,2.356
1545610044.254653,280.256705904706,2.356
1545610044.45471,278.21303134276815,2.356
1545610044.654663,276.16387896911596,2.356
1545610044.854918,273.5036978723144,2.356
1545610045.054648,271.9780658381653,2.356
1545610045.254655,271.265759070003,2.356
1545610045.454674,271.3689632283619,2.356
1545610045.654668,271.43383636509867,2.356
1545610045.855373,271.39733583417416,2.356
1545610046.054672,271.30443160108365,2.356
1545610046.254721,271.23114367128943,2.356
1545610046.45465,270.92952251754167,2.356
1545610046.654637,270.58213909635475,2.356
1545610046.855388,270.184499143255,2.356
1545610047.054631,270.02001452766274,2.356
1545610047.254665,271.255431823978,2.356
1545610047.454628,273.1305782983349,2.356
1545610047.654632,275.2169552029637,2.356
1545610047.855332,275.504656431183,2.356
1545610048.054605,275.64649213948746,2.356
1545610048.254631,275.47643408953246,2.356
1545610048.454642,274.06908727142974,2.356
1545610048.654646,272.853054051979,2.356
1545610048.85547,273.94664930036805,2.356
1545610049.054595,275.57519862493086,2.356
1545610049.254569,278.68282541426,2.356
1545610049.454624,280.06007841887964,2.356
1545610049.654578,280.28858922775163,2.356
1545610049.855344,280.3020037192815,2.356
1545610050.054624,280.34518417521434,2.356
1545610050.254613,280.8300183232585,2.356
1545610050.454584,288.0345565013013,2.356
1545610050.654601,292.7863737483926,2.356
1545610050.855297,293.01563587807317,2.356
1545610051.054592,292.115717473789,2.356
1545610051.254601,292.79896861722204,2.356
1545610051.454633,294.71728188713354,2.356
1545610051.654582,297.1537333074821,2.356
1545610051.855292,299.7428667765372,2.356
1545610052.054646,300.8268314581965,2.356
1545610052.25464,304.37907624173675,2.356
1545610052.454624,308.2207844423021,2.356
1545610052.654709,313.6297341894403,2.356
1545610052.854871,317.09216198539485,2.356
1545610053.054767,319.18941255118233,2.356
1545610053.25455,320.1838744339578,2.356
1545610053.454559,322.9147206679123,2.356
1545610053.654559,329.2492566702356,2.356
1545610053.8548,333.7805817505405,2.356
1545610054.054579,338.86799351231116,2.356
1545610054.254525,342.6984182403676,2.356
1545610054.454553,345.9085183578144,2.356
1545610054.654569,347.8188129856403,2.356
1545610054.854917,350.19685945839615,2.356
1545610055.054578,352.11089702988716,2.356
1545610055.254501,357.68801286458006,2.356
1545610055.454505,2.8077928928274787,2.356
1545610055.654517,5.455891384987353,2.356
1545610055.855229,8.400003445586208,2.356
1545610056.054521,14.738412165168938,2.356
1545610056.254477,18.170520751397817,2.356
1545610056.454538,21.353197659326952,2.356
1545610056.654518,23.95461863869889,2.356
1545610056.855189,25.714751557622094,2.356
1545610057.054534,26.281636768165527,2.356
1545610057.254491,31.612466226671586,2.356
1545610057.454603,35.52940554585007,2.356
1545610057.654525,39.179243487346184,2.356
1545610057.855219,42.38783413298631,2.356
1545610058.054667,43.771094288980976,2.356
1545610058.254309,45.60923821350957,2.356
1545610058.454507,51.02554065928916,2.356
1545610058.654498,54.84970893406603,2.356
1545610058.855223,58.50605604584098,2.356
1545610059.054494,62.20754217029321,2.356
1545610059.254444,65.85278680957231,2.356
1545610059.4545,69.71217495480437,2.356
1545610059.654518,73.72141659665272,2.356
1545610059.854858,76.84468025031288,2.356
1545610060.054648,80.15622105665216,2.356
1545610060.254484,83.41037946942265,2.356
1545610060.454498,87.6964818154213,2.356
1545610060.654493,95.04185892103669,2.356
1545610060.854731,99.06830580940436,2.356
1545610061.054459,101.7873033726961,2.356
1545610061.254474,105.42332213395389,2.356
1545610061.454482,112.30039884507147,2.356
1545610061.654475,116.69029632087478,2.356
1545610061.8552,121.2798009525298,2.356
1545610062.054444,124.73926444638454,2.356
1545610062.254417,128.1685931456213,2.356
1545610062.454488,135.4084297412947,2.356
1545610062.654549,140.4607445760152,2.356
1545610062.854674,144.3437856663429,2.356
1545610063.054426,148.36009399266135,2.356
1545610063.254479,153.4813015304452,2.356
1545610063.454532,163.01348621535834,2.356
1545610063.654482,163.01348621535834,2.356
1545610063.854681,168.46483777686393,2.356
1545610064.05443,169.80216832578492,2.356
1545610064.254438,170.42409120066043,2.356
1545610064.454437,170.58029079678943,2.356
1545610064.654409,170.7739129993809,2.356
1545610064.855164,189.2177,1.571
1545610065.054416,189.2177,1.571
1545610065.254444,201.3887,1.571
1545610065.454405,187.0807,1.571
1545610065.654378,193.1457,1.571
1545610065.855114,189.7637,1.571
1545610066.054416,185.2937,1.571
1545610066.25436,178.4517,1.571
1545610066.454409,182.4237,1.571
1545610066.654341,175.2137,1.571
1545610066.855173,181.9847,1.571
1545610067.054402,185.3467,1.571
1545610067.254413,204.6857,1.571
1545610067.4544,209.2637,1.571
1545610067.654408,202.33169999999998,1.571
1545610067.85517,184.00469999999999,1.571
1545610068.054383,186.86769999999999,1.571
1545610068.254358,180.2617,1.571
1545610068.45439,183.29569999999998,1.571
1545610068.65438,186.0867,1.571
1545610068.854617,185.6617,1.571
1545610069.05437,186.2917,1.571
1545610069.254374,192.4057,1.571
1545610069.454379,187.8717,1.571
1545610069.654369,190.7387,1.571
1545610069.854745,201.5057,1.571
1545610070.054416,227.1257,1.571
1545610070.254349,200.48669999999998,1.571
1545610070.454314,194.1377,1.571
1545610070.654346,193.9667,1.571
1545610070.854586,201.9607,1.571
1545610071.054333,221.3177,1.571
1545610071.254404,209.6787,1.571
1545610071.454375,206.1137,1.571
1545610071.654306,196.38569999999999,1.571
1545610071.854656,204.0867,1.571
1545610072.054423,188.2207,1.571
1545610072.25433,191.7937,1.571
1545610072.454338,194.9557,1.571
1545610072.654322,204.0317,1.571
1545610072.855124,194.4617,1.571
1545610073.054299,207.7447,1.571
1545610073.254303,200.0007,1.571
1545610073.454312,198.1987,1.571
1545610073.654283,209.0007,1.571
1545610073.854699,203.9487,1.571
1545610074.054309,211.7757,1.571
1545610074.254281,203.4377,1.571
1545610074.454295,199.7077,1.571
1545610074.65433,205.12869999999998,1.571
1545610074.854907,199.09369999999998,1.571
1545610075.054301,199.3827,1.571
1545610075.254294,202.1147,1.571
1545610075.454316,202.5897,1.571
1545610075.654295,203.8877,1.571
1545610075.85453,203.40869999999998,1.571
1545610076.054373,207.6667,1.571
1545610076.25426,186.5657,1.571
1545610076.454421,202.1147,1.571
1545610076.654262,202.8447,1.571
1545610076.855001,197.9737,1.571
1545610077.05432,199.05769999999998,1.571
1545610077.254248,203.7587,1.571
1545610077.454361,198.70669999999998,1.571
1545610077.654253,199.89669999999998,1.571
1545610077.854965,210.7627,1.571
1545610078.054252,195.7987,1.571
1545610078.254229,202.8347,1.571
1545610078.4543,198.8167,1.571
1545610078.654264,198.1277,1.571
1545610078.85454,202.95669999999998,1.571
1545610079.054395,202.7787,1.571
1545610079.254255,202.3027,1.571
1545610079.454246,195.1277,1.571
1545610079.65422,211.4077,1.571
1545610079.854919,206.8467,1.571
1545610080.054201,214.49269999999999,1.571
1545610080.254169,205.8287,1.571
1545610080.454228,198.3277,1.571
1545610080.654237,204.1997,1.571
1545610080.854448,198.4997,1.571
1545610081.054154,204.7627,1.571
1545610081.254154,210.6607,1.571
1545610081.454214,203.1747,1.571
1545610081.654249,200.1217,1.571
1545610081.854422,202.6377,1.571
1545610082.054214,197.6787,1.571
1545610082.254198,197.1207,1.571
1545610082.454228,199.28969999999998,1.571
1545610082.654197,209.0127,1.571
1545610082.854918,215.6317,1.571
1545610083.054192,205.1427,1.571
1545610083.254213,201.9077,1.571
1545610083.454275,208.70669999999998,1.571
1545610083.654125,203.3047,1.571
1545610083.854876,205.12969999999999,1.571
1545610084.054195,208.6677,1.571
1545610084.254206,208.94469999999998,1.571
1545610084.454203,199.7107,1.571
1545610084.654186,210.7217,1.571
1545610084.854888,197.2087,1.571
1545610085.054189,195.2767,1.571
1545610085.254177,203.7057,1.571
1545610085.454181,195.8747,1.571
1545610085.654136,203.9587,1.571
1545610085.854935,200.3507,1.571
1545610086.054173,197.3237,1.571
1545610086.254111,199.4197,1.571
1545610086.454138,206.5387,1.571
1545610086.654079,201.2117,1.571
1545610086.85492,204.4317,1.571
1545610087.054101,205.2627,1.571
1545610087.254097,200.6007,1.571
1545610087.454109,198.8837,1.571
1545610087.654147,196.9097,1.571
1545610087.854804,204.0447,1.571
1545610088.054139,192.48569999999998,1.571
1545610088.254136,201.30769999999998,1.571
1545610088.454152,195.6677,1.571
1545610088.654126,206.1077,1.571
1545610088.85442,200.0437,1.571
1545610089.054086,205.5127,1.571
1545610089.254122,199.3747,1.571
1545610089.454148,197.73069999999998,1.571
1545610089.654091,200.4497,1.571
1545610089.85482,204.5007,1.571
1545610090.054338,210.6487,1.571
1545610090.254227,204.7587,1.571
1545610090.45412,204.13469999999998,1.571
1545610090.654107,202.3957,1.571
1545610090.854625,204.3347,1.571
1545610091.054129,199.6017,1.571
1545610091.25406,202.3347,1.571
1545610091.454117,209.1977,1.571
1545610091.654154,206.2177,1.571
1545610091.854484,214.1337,1.571
1545610092.054145,206.25369999999998,1.571
1545610092.254214,202.11169999999998,1.571
1545610092.454092,202.2987,1.571
1545610092.654043,206.7557,1.571
1545610092.854749,205.3337,1.571
1545610093.054089,211.99869999999999,1.571
1545610093.254058,206.0667,1.571
1545610093.454069,206.51569999999998,1.571
1545610093.654208,205.73069999999998,1.571
1545610093.854837,198.68869999999998,1.571
1545610094.054239,200.9117,1.571
1545610094.254109,191.5557,1.571
1545610094.454155,194.05769999999998,1.571
1545610094.654102,212.9427,1.571
1545610094.854813,211.5027,1.571
1545610095.054187,206.6037,1.571
1545610095.254045,193.7787,1.571
1545610095.454107,200.55169999999998,1.571
1545610095.654001,205.6307,1.571
1545610095.854541,202.0507,1.571
1545610096.054079,202.4727,1.571
1545610096.254011,205.6217,1.571
1545610096.454145,206.5247,1.571
1545610096.654024,200.1557,1.571
1545610096.854722,204.5017,1.571
1545610097.054027,194.3547,1.571
1545610097.25402,201.48669999999998,1.571
1545610097.454002,200.9717,1.571
1545610097.653946,202.8327,1.571
1545610097.854706,205.5777,1.571
1545610098.054177,203.1777,1.571
1545610098.254,204.8157,1.571
1545610098.45399,229.2287,1.571
1545610098.653933,229.2287,1.571
1545610098.854687,233.2397,1.571
1545610099.053965,205.37869999999998,1.571
1545610099.253971,203.3297,1.571
1545610099.454011,204.3837,1.571
1545610099.654002,203.1757,1.571
1545610099.854743,201.9677,1.571
1545610100.054009,200.7597,1.571
1545610100.253969,199.5517,1.571
1545610100.453964,198.3437,1.571
1545610100.654081,197.1357,1.571
1545610100.85472,195.92770000000002,1.571
1545610101.05402,194.71970000000002,1.571
1545610101.254049,193.51170000000002,1.571
1545610101.454001,192.3037,1.571
1545610101.653866,191.0957,1.571
1545610101.854768,189.8877,1.571
1545610102.053953,188.6797,1.571
1545610102.253895,187.4717,1.571
1545610102.453973,186.2637,1.571
1545610102.653946,185.0557,1.571
1545610102.854677,183.8477,1.571
1545610103.053941,182.6397,1.571
1545610103.253991,181.4317,1.571
1545610103.45395,180.2237,1.571
1545610103.653919,179.0157,1.571
1545610103.854699,177.8077,1.571
1545610104.053942,176.5997,1.571
1545610104.253928,175.39170000000001,1.571
1545610104.453931,174.18370000000002,1.571
1545610104.653913,172.97570000000002,1.571
1545610104.854314,171.7677,1.571
1545610105.053925,170.55970000000002,1.571
1545610105.25393,169.3517,1.571
1545610105.453937,168.14370000000002,1.571
1545610105.653924,166.9357,1.571
1545610105.85422,165.7277,1.571
1545610106.05399,164.5197,1.571
1545610106.2539,163.3117,1.571
1545610106.45387,162.1037,1.571
1545610106.653918,159.17444025974027,1.571
1545610106.854339,157.45318051948053,1.571
1545610107.053901,155.7319207792208,2.356
1545610107.253892,154.01066103896105,2.356
1545610107.453879,152.2894012987013,2.356
1545610107.653981,150.56814155844157,2.356
1545610107.854209,148.84688181818183,2.356
1545610108.053976,147.1256220779221,2.356
1545610108.253911,145.40436233766235,2.356
1545610108.453899,143.6831025974026,2.356
1545610108.65386,141.96184285714287,2.356
1545610108.85424,140.24058311688313,2.356
1545610109.053928,138.5193233766234,2.356
1545610109.25394,136.79806363636365,2.356
1545610109.453845,135.0768038961039,2.356
1545610109.653794,133.35554415584414,2.356
1545610109.854374,131.63428441558443,2.356
1545610110.053866,129.91302467532466,2.356
1545610110.253804,133.8875196022727,2.356
1545610110.453876,137.86201452922077,2.356
1545610110.653844,141.8365094561688,2.356
1545610110.854075,145.81100438311688,2.356
1545610111.053839,149.78549931006492,2.356
1545610111.253777,153.759994237013,2.356
1545610111.453816,157.73448916396103,2.356
1545610111.653842,161.7089840909091,2.356
1545610111.854862,165.68347901785714,2.356
1545610112.053885,169.65797394480518,2.356
1545610112.253806,173.63246887175325,2.356
1545610112.453833,177.6069637987013,2.356
1545610112.653829,181.58145872564936,2.356
1545610112.854083,185.5559536525974,2.356
1545610113.05383,189.53044857954546,2.356
1545610113.253801,193.5049435064935,2.356
1545610113.45379,197.47943843344154,2.356
1545610113.653852,201.4539333603896,2.356
1545610113.854604,205.42842828733768,2.356
1545610114.05385,209.40292321428572,2.356
1545610114.253816,213.37741814123376,2.356
1545610114.453906,217.35191306818183,2.356
1545610114.653793,221.32640799512987,2.356
1545610114.854192,225.3009029220779,2.356
1545610115.053801,229.27539784902598,2.356
1545610115.253777,233.24989277597405,2.356
1545610115.453961,237.2243877029221,2.356
1545610115.653881,241.19888262987013,2.356
1545610115.854569,245.1733775568182,2.356
1545610116.053797,249.14787248376624,2.356
1545610116.253709,253.12236741071428,2.356
1545610116.453882,257.09686233766234,2.356
1545610116.653783,261.07135726461036,2.356
1545610116.85407,265.0458521915584,2.356
1545610117.05383,269.0203471185065,2.356
1545610117.253786,272.99484204545456,2.356
1545610117.453833,276.96933697240263,2.356
1545610117.65374,280.9438318993507,2.356
1545610117.854485,284.9183268262987,2.356
1545610118.053778,288.8928217532468,2.356
1545610118.253746,292.8673166801948,2.356
1545610118.45376,296.84181160714286,2.356
1545610118.653752,300.8163065340909,2.356
1545610118.854397,304.790801461039,2.356
1545610119.053695,308.76529638798706,2.356
1545610119.253749,312.7397913149351,2.356
1545610119.453741,316.71428624188314,2.356
1545610119.653744,320.68878116883116,2.356
1545610119.854456,324.6632760957792,2.356
1545610120.053752,328.6377710227273,2.356
1545610120.253751,332.61226594967536,2.356
1545610120.453798,336.58676087662343,2.356
1545610120.653729,340.56125580357144,2.356
1545610120.854427,344.5357507305195,2.356
1545610121.053759,348.5102456574675,2.356
1545610121.253724,352.4847405844156,2.356
1545610121.453747,356.45923551136366,2.356
1545610121.653719,0.4337304383117271,2.356
1545610121.854463,4.408225365259796,1.571
1545610122.053744,8.382720292207807,1.571
1545610122.2538,12.357215219155876,1.571
1545610122.453704,16.331710146103887,1.571
1545610122.653707,20.306205073051956,1.571
1545610122.854427,24.280700000000024,1.571
1545610123.053839,19.9117,1.571
1545610123.253693,24.2807,1.571
1545610123.453696,18.401699999999998,1.571
1545610123.653661,22.1437,1.571
1545610123.854466,20.4197,1.571
1545610124.053708,23.6327,1.571
1545610124.253686,20.1677,1.571
1545610124.45366,27.4007,1.571
1545610124.653672,18.3677,1.571
1545610124.854383,18.064700000000002,1.571
1545610125.053679,25.7907,1.571
1545610125.253605,25.740699999999997,1.571
1545610125.453653,23.828699999999998,1.571
1545610125.653648,31.506700000000002,1.571
1545610125.854322,25.6357,1.571
1545610126.053631,21.4577,1.571
1545610126.253547,18.8937,1.571
1545610126.453621,25.8397,1.571
1545610126.653631,22.6317,1.571
1545610126.854308,20.9407,1.571
1545610127.053585,20.7807,1.571
1545610127.253596,23.4657,1.571
1545610127.453669,20.9987,1.571
1545610127.653616,18.1617,1.571
1545610127.854373,19.6957,1.571
1545610128.053636,22.7987,1.571
1545610128.253724,21.811700000000002,1.571
1545610128.453635,22.750700000000002,1.571
1545610128.653574,25.4667,1.571
1545610128.854386,22.203699999999998,1.571
1545610129.053608,16.4897,1.571
1545610129.253587,27.0897,1.571
1545610129.453601,21.5397,1.571
1545610129.653603,20.0367,1.571
1545610129.854304,23.4107,1.571
1545610130.053622,18.2257,1.571
1545610130.253531,23.072699999999998,1.571
1545610130.453598,19.4337,1.571
1545610130.653582,19.6327,1.571
1545610130.854399,23.4687,1.571
1545610131.053536,18.3857,1.571
1545610131.253606,20.7377,1.571
1545610131.45359,18.0097,1.571
1545610131.653638,17.3357,1.571
1545610131.854282,23.7257,1.571
1545610132.053639,24.4837,1.571
1545610132.253591,24.139699999999998,1.571
1545610132.453617,24.075699999999998,1.571
1545610132.653603,24.7177,1.571
1545610132.85387,23.1527,1.571
1545610133.053574,21.325699999999998,1.571
1545610133.253621,17.0447,1.571
1545610133.453598,19.520699999999998,1.571
1545610133.65357,20.9887,1.571
1545610133.853803,21.939700000000002,1.571
1545610134.053628,28.9747,1.571
1545610134.253549,22.247700000000002,1.571
1545610134.453551,29.197699999999998,1.571
1545610134.653542,23.9987,1.571
1545610134.854282,21.2917,1.571
1545610135.053523,23.2217,1.571
1545610135.253527,15.3037,1.571
1545610135.45355,21.9067,1.571
1545610135.653506,22.4097,1.571
1545610135.854253,22.3157,1.571
1545610136.053728,26.7817,1.571
1545610136.253539,21.6357,1.571
1545610136.453569,24.8397,1.571
1545610136.653528,20.9577,1.571
1545610136.853847,17.5807,1.571
1545610137.053535,20.0127,1.571
1545610137.253613,20.4737,1.571
1545610137.453641,14.204699999999999,1.571
1545610137.653561,24.2777,1.571
1545610137.85383,23.947699999999998,1.571
1545610138.053559,21.3097,1.571
1545610138.253533,21.7447,1.571
1545610138.45358,22.7787,1.571
1545610138.653611,20.252699999999997,1.571
1545610138.85379,20.2017,1.571
1545610139.053513,15.8187,1.571
1545610139.253522,23.3057,1.571
1545610139.453686,25.316699999999997,1.571
1545610139.653548,22.5367,1.571
1545610139.853799,9.215700000000027,1.571
1545610140.053568,16.2397,1.571
1545610140.253528,17.1207,1.571
1545610140.453785,16.9327,1.571
1545610140.653516,19.0517,1.571
1545610140.853806,18.5907,1.571
1545610141.05351,18.5907,1.571
1545610141.253571,24.16284345697727,2.356
1545610141.453517,25.227007420232724,2.356
1545610141.653505,23.396202533967482,2.356
1545610141.85391,20.15418494252924,2.356
1545610142.053576,17.724611522674877,2.356
1545610142.253496,14.937204492203477,2.356
1545610142.453503,10.53972379887415,2.356
1545610142.653484,6.473835129370627,2.356
1545610142.853817,4.757442741892248,2.356
1545610143.05351,2.829348641089382,2.356
1545610143.253595,0.5693210070022019,2.356
1545610143.453522,358.9818074589728,2.356
1545610143.653638,351.7665253933656,2.356
1545610143.85381,349.4996060984059,2.356
1545610144.053498,348.63017765857654,2.356
1545610144.253452,348.1546257376145,2.356
1545610144.453446,347.29892597801694,2.356
1545610144.653535,346.65599344125445,2.356
1545610144.853757,346.20038567266874,2.356
1545610145.05347,339.1464463356355,2.356
1545610145.253522,335.52357056588824,2.356
1545610145.453478,330.6239753459146,2.356
1545610145.653423,327.98110194846987,2.356
1545610145.853732,322.9228960755902,2.356
1545610146.05353,315.4063958373962,2.356
1545610146.253566,311.6140835649084,2.356
1545610146.454061,306.34340416732795,2.356
1545610146.653509,302.0476113303618,2.356
1545610146.853793,294.26947386582134,2.356
1545610147.053471,290.74332040491055,2.356
1545610147.253542,287.0919968972701,2.356
1545610147.453432,283.2184326944158,2.356
1545610147.653508,278.59790534355056,2.356
1545610147.853776,271.2656116648061,2.356
1545610148.053763,267.4662233163382,2.356
1545610148.253432,262.40323631103945,2.356
1545610148.453389,257.39267783780986,2.356
1545610148.653402,252.0036039411564,2.356
1545610148.853744,248.0041730122771,2.356
1545610149.053457,241.28636777486773,2.356
1545610149.253415,239.1355958467441,2.356
1545610149.45344,237.6028330951016,2.356
1545610149.653464,235.66499914454224,2.356
1545610149.853815,232.81387327930375,2.356
1545610150.053453,231.3414893999242,2.356
1545610150.253454,229.23366570130153,2.356
1545610150.453456,226.30559092487377,2.356
1545610150.653435,225.53141630320945,2.356
1545610150.853727,224.19346420707402,2.356
1545610151.053371,225.2438516787736,2.356
1545610151.253387,227.50111991643612,2.356
1545610151.453389,230.06518659123722,2.356
1545610151.653381,228.16642132273037,2.356
1545610151.853758,222.86282041335048,2.356
1545610152.053371,219.3950650698433,2.356
1545610152.253414,212.81596731409857,2.356
1545610152.453454,209.83743110008268,2.356
1545610152.653345,206.70256551634364,2.356
1545610152.853681,200.27975614918714,2.356
1545610153.053374,196.75411495246408,2.356
1545610153.253336,195.5718365278915,2.356
1545610153.453366,194.46454675021664,2.356
1545610153.653357,195.2907469227888,2.356
1545610153.853689,207.3297,1.571
1545610154.053375,207.3297,1.571
1545610154.253371,189.4767,1.571
1545610154.453408,202.2157,1.571
1545610154.653317,194.8127,1.571
1545610154.853646,189.5167,1.571
1545610155.053436,228.6047,1.571
1545610155.253319,232.5137,1.571
1545610155.453385,200.5477,1.571
1545610155.653394,204.9457,1.571
1545610155.85367,222.11769999999999,1.571
1545610156.053392,224.9297,1.571
1545610156.253301,198.2197,1.571
1545610156.453368,193.9757,1.571
1545610156.653353,189.8987,1.571
1545610156.853655,188.5617,1.571
1545610157.053361,186.6997,1.571
1545610157.253285,198.6977,1.571
1545610157.453396,199.6147,1.571
1545610157.653374,204.9057,1.571
1545610157.853623,206.4967,1.571
1545610158.053413,200.6417,1.571
1545610158.253359,206.4727,1.571
1545610158.4539,205.8477,1.571
1545610158.653302,211.6387,1.571
1545610158.85357,202.0447,1.571
1545610159.053287,194.4647,1.571
1545610159.253301,213.4907,1.571
1545610159.453287,205.3717,1.571
1545610159.653276,213.4177,1.571
1545610159.853632,207.1457,1.571
1545610160.053343,199.1197,1.571
1545610160.25332,201.2087,1.571
1545610160.453332,206.7627,1.571
1545610160.653324,203.48569999999998,1.571
1545610160.85359,204.5437,1.571
1545610161.053334,208.9787,1.571
1545610161.253217,198.6147,1.571
1545610161.453315,204.1457,1.571
1545610161.653257,195.0257,1.571
1545610161.853974,206.9697,1.571
1545610162.053518,198.4797,1.571
1545610162.253228,202.6507,1.571
1545610162.453253,208.8987,1.571
1545610162.653214,203.6987,1.571
1545610162.853648,208.9467,1.571
1545610163.05325,210.6457,1.571
1545610163.253247,201.5467,1.571
1545610163.453266,200.0857,1.571
1545610163.65357,202.3707,1.571
1545610163.853547,207.8297,1.571
1545610164.053274,200.3067,1.571
1545610164.253215,200.68869999999998,1.571
1545610164.453236,206.5727,1.571
1545610164.653231,203.9117,1.571
1545610164.853569,202.1397,1.571
1545610165.053225,199.46269999999998,1.571
1545610165.253202,207.0827,1.571
1545610165.453303,209.8827,1.571
1545610165.653283,204.9657,1.571
1545610165.853505,203.35569999999998,1.571
1545610166.053247,206.08769999999998,1.571
1545610166.253289,203.7087,1.571
1545610166.453261,202.63469999999998,1.571
1545610166.653291,200.5427,1.571
1545610166.853473,198.37369999999999,1.571
1545610167.053202,205.3517,1.571
1545610167.253233,207.9887,1.571
1545610167.453236,203.9307,1.571
1545610167.653225,206.3717,1.571
1545610167.853885,201.6897,1.571
1545610168.053232,201.58769999999998,1.571
1545610168.253184,207.49169999999998,1.571
1545610168.453173,204.2637,1.571
1545610168.653176,201.4477,1.571
1545610168.853548,201.4427,1.571
1545610169.053244,200.8047,1.571
1545610169.253233,204.0927,1.571
1545610169.453252,200.64669999999998,1.571
1545610169.653248,204.6487,1.571
1545610169.853472,198.00369999999998,1.571
1545610170.053213,198.6537,1.571
1545610170.253112,203.5407,1.571
1545610170.453137,206.9217,1.571
1545610170.653113,203.09969999999998,1.571
1545610170.853907,196.21269999999998,1.571
1545610171.053191,198.09969999999998,1.571
1545610171.253258,199.5947,1.571
1545610171.453236,205.6047,1.571
1545610171.653087,206.3327,1.571
1545610171.853419,207.42069999999998,1.571
1545610172.053186,207.42069999999998,1.571
1545610172.25316,204.2467,1.571
1545610172.453196,197.4797,1.571
1545610172.653131,190.23669999999998,1.571
1545610172.853407,188.5687,1.571
1545610173.053624,190.0767,1.571
1545610173.25317,191.8937,1.571
1545610173.453163,189.9217,1.571
1545610173.653101,191.97469999999998,1.571
1545610173.853833,196.0267,1.571
1545610174.053187,195.3157,1.571
1545610174.253125,193.3107,1.571
1545610174.453056,191.6537,1.571
1545610174.653123,190.5787,1.571
1545610174.853418,189.6137,1.571
1545610175.053089,189.2637,1.571
1545610175.25306,196.8917,1.571
1545610175.453156,190.8277,1.571
1545610175.653156,191.5167,1.571
1545610175.853865,190.8187,1.571
1545610176.053095,193.76069999999999,1.571
1545610176.253039,194.5657,1.571
1545610176.453083,191.6597,1.571
1545610176.653232,188.5677,1.571
1545610176.853412,189.8747,1.571
1545610177.053094,191.8327,1.571
1545610177.253065,194.8207,1.571
1545610177.453111,196.6747,1.571
1545610177.653094,200.2377,1.571
1545610177.853345,201.3987,1.571
1545610178.053103,201.3987,1.571
1545610178.25301,201.41865781275476,2.356
1545610178.453065,201.65382122587835,2.356
